arm,size,seed,step_idx,node_name,op_type,qsnr_db,out_scale,out_zp,n_images,provenance
base,320,0,0,input_1,input,120.0,0.003921568859368563,0.0,32,nntool-sq8-ne16(unknown)
base,320,0,1,_model_0_conv_Conv_weights,constant,41.87,0.04600485786795616,128.0,32,nntool-sq8-ne16(unknown)
base,320,0,2,constant_model_0_conv_bias,constant,94.01,0.00018041121074929833,0.0,32,nntool-sq8-ne16(unknown)
base,320,0,3,_model_0_conv_Conv,conv2d,26.07,0.23691557347774506,120.0,32,nntool-sq8-ne16(unknown)
base,320,0,4,_model_0_act_Sigmoid_qin0,quantize,0.04,0.000244140625,256.0,32,nntool-sq8-ne16(unknown)
base,320,0,5,_model_0_act_Sigmoid,sigmoid,7.49,0.00392156862745098,0.0,32,nntool-sq8-ne16(unknown)
base,320,0,6,_model_0_act_Mul_qin1,quantize,7.45,0.007874015748031496,0.0,32,nntool-sq8-ne16(unknown)
base,320,0,7,_model_0_act_Mul_qin0,quantize,23.41,0.25138917565345764,0.0,32,nntool-sq8-ne16(unknown)
base,320,0,8,_model_0_act_Mul,mul,6.38,0.25138917565345764,0.0,32,nntool-sq8-ne16(unknown)
base,320,0,9,_model_1_conv_Conv_qin0,quantize,6.43,0.12629368901252747,2.0,32,nntool-sq8-ne16(unknown)
base,320,0,10,_model_1_conv_Conv_weights,constant,42.74,0.0014823480742052197,128.0,32,nntool-sq8-ne16(unknown)
base,320,0,11,constant_model_1_conv_bias,constant,84.64,0.00018721120432019234,0.0,32,nntool-sq8-ne16(unknown)
base,320,0,12,_model_1_conv_Conv,conv2d,4.34,0.10810869187116623,141.0,32,nntool-sq8-ne16(unknown)
base,320,0,13,_model_1_act_Sigmoid_qin0,quantize,0.03,0.000244140625,256.0,32,nntool-sq8-ne16(unknown)
base,320,0,14,_model_1_act_Sigmoid,sigmoid,7.48,0.00392156862745098,0.0,32,nntool-sq8-ne16(unknown)
base,320,0,15,_model_1_act_Mul_qin1,quantize,7.44,0.007874015748031496,0.0,32,nntool-sq8-ne16(unknown)
base,320,0,16,_model_1_act_Mul_qin0,quantize,4.33,0.11881042271852493,0.0,32,nntool-sq8-ne16(unknown)
base,320,0,17,_model_1_act_Mul,mul,4.53,0.09732227772474289,0.0,32,nntool-sq8-ne16(unknown)
base,320,0,18,_model_2_cv1_conv_Conv_qin0,quantize,4.59,0.049562327563762665,6.0,32,nntool-sq8-ne16(unknown)
base,320,0,19,_model_2_cv1_conv_Conv_weights,constant,46.51,0.0029206734616309404,128.0,32,nntool-sq8-ne16(unknown)
base,320,0,20,constant_model_2_cv1_conv_bias,constant,84.18,0.00014475538046099246,0.0,32,nntool-sq8-ne16(unknown)
base,320,0,21,_model_2_cv1_conv_Conv,conv2d,2.73,0.07151278853416443,153.0,32,nntool-sq8-ne16(unknown)
base,320,0,22,_model_2_cv1_conv_Conv_split,split,4.2,0.07151278853416443,153.0,32,nntool-sq8-ne16(unknown)
base,320,0,23,_model_2_cv1_act_Sigmoid_qin0,quantize,-0.0,0.000244140625,256.0,32,nntool-sq8-ne16(unknown)
base,320,0,24,_model_2_cv1_act_Sigmoid,sigmoid,7.49,0.00392156862745098,0.0,32,nntool-sq8-ne16(unknown)
base,320,0,25,_model_2_cv1_act_Mul_qin1,quantize,7.46,0.007874015748031496,0.0,32,nntool-sq8-ne16(unknown)
base,320,0,26,_model_2_cv1_act_Mul_qin0,quantize,4.18,0.08536653220653534,0.0,32,nntool-sq8-ne16(unknown)
base,320,0,27,_model_2_cv1_act_Mul,mul,3.8,0.046632323414087296,0.0,32,nntool-sq8-ne16(unknown)
base,320,0,28,_model_2_m_m_0_cv1_conv_Conv_qin0,quantize,3.8,0.02431674487888813,11.0,32,nntool-sq8-ne16(unknown)
base,320,0,29,_model_2_cv2_act_Sigmoid_qin0,quantize,0.08,0.000244140625,256.0,32,nntool-sq8-ne16(unknown)
base,320,0,30,_model_2_cv2_act_Sigmoid,sigmoid,4.19,0.00392156862745098,0.0,32,nntool-sq8-ne16(unknown)
base,320,0,31,_model_2_cv2_act_Mul_qin1,quantize,4.18,0.007874015748031496,0.0,32,nntool-sq8-ne16(unknown)
base,320,0,32,_model_2_cv2_act_Mul_qin0,quantize,2.19,0.08536653220653534,0.0,32,nntool-sq8-ne16(unknown)
base,320,0,33,_model_2_cv2_act_Mul,mul,1.85,0.057511452585458755,0.0,32,nntool-sq8-ne16(unknown)
base,320,0,34,_model_2_Concat_qin1,quantize,1.86,0.09095007181167603,0.0,32,nntool-sq8-ne16(unknown)
base,320,0,35,_model_2_m_m_0_cv1_conv_Conv_weights,constant,48.27,0.010213576257228851,128.0,32,nntool-sq8-ne16(unknown)
base,320,0,36,constant_model_2_m_0_cv1_conv_bias,constant,87.6,0.0002483609423507005,0.0,32,nntool-sq8-ne16(unknown)
base,320,0,37,_model_2_m_m_0_cv1_conv_Conv,conv2d,3.48,0.047202181071043015,124.0,32,nntool-sq8-ne16(unknown)
base,320,0,38,_model_2_m_m_0_cv1_act_Sigmoid_qin0,quantize,0.01,0.000244140625,256.0,32,nntool-sq8-ne16(unknown)
base,320,0,39,_model_2_m_m_0_cv1_act_Sigmoid,sigmoid,4.98,0.00392156862745098,0.0,32,nntool-sq8-ne16(unknown)
base,320,0,40,_model_2_m_m_0_cv1_act_Mul_qin1,quantize,4.96,0.007874015748031496,0.0,32,nntool-sq8-ne16(unknown)
base,320,0,41,_model_2_m_m_0_cv1_act_Mul_qin0,quantize,3.5,0.04873678460717201,0.0,32,nntool-sq8-ne16(unknown)
base,320,0,42,_model_2_m_m_0_cv1_act_Mul,mul,3.42,0.048637039959430695,0.0,32,nntool-sq8-ne16(unknown)
base,320,0,43,_model_2_m_m_0_cv2_conv_Conv_qin0,quantize,3.42,0.025315172970294952,11.0,32,nntool-sq8-ne16(unknown)
base,320,0,44,_model_2_m_m_0_cv2_conv_Conv_weights,constant,42.26,0.005775198340415955,128.0,32,nntool-sq8-ne16(unknown)
base,320,0,45,constant_model_2_m_0_cv2_conv_bias,constant,95.97,0.0001462001382606104,0.0,32,nntool-sq8-ne16(unknown)
base,320,0,46,_model_2_m_m_0_cv2_conv_Conv,conv2d,-0.03,0.06915392726659775,127.0,32,nntool-sq8-ne16(unknown)
base,320,0,47,_model_2_m_m_0_cv2_act_Sigmoid_qin0,quantize,-0.0,0.000244140625,256.0,32,nntool-sq8-ne16(unknown)
base,320,0,48,_model_2_m_m_0_cv2_act_Sigmoid,sigmoid,8.48,0.00392156862745098,0.0,32,nntool-sq8-ne16(unknown)
base,320,0,49,_model_2_m_m_0_cv2_act_Mul_qin1,quantize,8.45,0.007874015748031496,0.0,32,nntool-sq8-ne16(unknown)
base,320,0,50,_model_2_m_m_0_cv2_act_Mul_qin0,quantize,-0.06,0.06962843984365463,0.0,32,nntool-sq8-ne16(unknown)
base,320,0,51,_model_2_m_m_0_cv2_act_Mul,mul,2.19,0.06961838155984879,0.0,32,nntool-sq8-ne16(unknown)
base,320,0,52,_model_2_m_m_0_Add,add,4.45,0.09095007181167603,0.0,32,nntool-sq8-ne16(unknown)
base,320,0,53,_model_2_Concat,concat,3.43,0.09095007181167603,0.0,32,nntool-sq8-ne16(unknown)
base,320,0,54,_model_2_cv3_conv_Conv_qin0,quantize,3.42,0.047480735927820206,12.0,32,nntool-sq8-ne16(unknown)
base,320,0,55,_model_2_cv3_conv_Conv_weights,constant,46.08,0.006707928143441677,128.0,32,nntool-sq8-ne16(unknown)
base,320,0,56,constant_model_2_cv3_conv_bias,constant,81.46,0.0003184973611496389,0.0,32,nntool-sq8-ne16(unknown)
base,320,0,57,_model_2_cv3_conv_Conv,conv2d,0.61,0.08208265155553818,134.0,32,nntool-sq8-ne16(unknown)
base,320,0,58,_model_2_cv3_act_Sigmoid_qin0,quantize,0.06,0.000244140625,256.0,32,nntool-sq8-ne16(unknown)
base,320,0,59,_model_2_cv3_act_Sigmoid,sigmoid,3.85,0.00392156862745098,0.0,32,nntool-sq8-ne16(unknown)
base,320,0,60,_model_2_cv3_act_Mul_qin1,quantize,3.84,0.007874015748031496,0.0,32,nntool-sq8-ne16(unknown)
base,320,0,61,_model_2_cv3_act_Mul_qin0,quantize,0.63,0.08607184886932373,0.0,32,nntool-sq8-ne16(unknown)
base,320,0,62,_model_2_cv3_act_Mul,mul,1.07,0.07805817574262619,0.0,32,nntool-sq8-ne16(unknown)
base,320,0,63,_model_3_conv_Conv_qin0,quantize,1.07,0.03996805101633072,7.0,32,nntool-sq8-ne16(unknown)
base,320,0,64,_model_3_conv_Conv_weights,constant,41.79,0.0018120505847036839,128.0,32,nntool-sq8-ne16(unknown)
base,320,0,65,constant_model_3_conv_bias,constant,90.72,7.242413266794756e-05,0.0,32,nntool-sq8-ne16(unknown)
base,320,0,66,_model_3_conv_Conv,conv2d,0.31,0.10694161057472229,145.0,32,nntool-sq8-ne16(unknown)
base,320,0,67,_model_3_act_Sigmoid_qin0,quantize,0.04,0.000244140625,256.0,32,nntool-sq8-ne16(unknown)
base,320,0,68,_model_3_act_Sigmoid,sigmoid,4.99,0.00392156862745098,0.0,32,nntool-sq8-ne16(unknown)
base,320,0,69,_model_3_act_Mul_qin1,quantize,4.98,0.007874015748031496,0.0,32,nntool-sq8-ne16(unknown)
base,320,0,70,_model_3_act_Mul_qin0,quantize,0.33,0.12140268087387085,0.0,32,nntool-sq8-ne16(unknown)
base,320,0,71,_model_3_act_Mul,mul,0.83,0.09236594289541245,0.0,32,nntool-sq8-ne16(unknown)
base,320,0,72,_model_4_cv1_conv_Conv_qin0,quantize,0.84,0.04709387943148613,6.0,32,nntool-sq8-ne16(unknown)
base,320,0,73,_model_4_cv1_conv_Conv_weights,constant,45.13,0.0034217291977256536,128.0,32,nntool-sq8-ne16(unknown)
base,320,0,74,constant_model_4_cv1_conv_bias,constant,79.24,0.00016114249592646956,0.0,32,nntool-sq8-ne16(unknown)
base,320,0,75,_model_4_cv1_conv_Conv,conv2d,0.32,0.07316140830516815,124.0,32,nntool-sq8-ne16(unknown)
base,320,0,76,_model_4_cv1_conv_Conv_split,split,1.06,0.07316140830516815,124.0,32,nntool-sq8-ne16(unknown)
base,320,0,77,_model_4_cv1_act_Sigmoid_qin0,quantize,0.03,0.000244140625,256.0,32,nntool-sq8-ne16(unknown)
base,320,0,78,_model_4_cv1_act_Sigmoid,sigmoid,9.96,0.00392156862745098,0.0,32,nntool-sq8-ne16(unknown)
base,320,0,79,_model_4_cv1_act_Mul_qin1,quantize,9.92,0.007874015748031496,0.0,32,nntool-sq8-ne16(unknown)
base,320,0,80,_model_4_cv1_act_Mul_qin0,quantize,1.09,0.07548297941684723,0.0,32,nntool-sq8-ne16(unknown)
base,320,0,81,_model_4_cv1_act_Mul,mul,1.5,0.05031893402338028,0.0,32,nntool-sq8-ne16(unknown)
base,320,0,82,_model_4_m_m_0_cv1_conv_Conv_qin0,quantize,1.53,0.026152821257710457,11.0,32,nntool-sq8-ne16(unknown)
base,320,0,83,_model_4_cv2_act_Sigmoid_qin0,quantize,-0.01,0.000244140625,256.0,32,nntool-sq8-ne16(unknown)
base,320,0,84,_model_4_cv2_act_Sigmoid,sigmoid,4.59,0.00392156862745098,0.0,32,nntool-sq8-ne16(unknown)
base,320,0,85,_model_4_cv2_act_Mul_qin1,quantize,4.58,0.007874015748031496,0.0,32,nntool-sq8-ne16(unknown)
base,320,0,86,_model_4_cv2_act_Mul_qin0,quantize,0.03,0.07548297941684723,0.0,32,nntool-sq8-ne16(unknown)
base,320,0,87,_model_4_cv2_act_Mul,mul,0.77,0.07547779381275177,0.0,32,nntool-sq8-ne16(unknown)
base,320,0,88,_model_4_Concat_qin1,quantize,0.77,0.07582729309797287,0.0,32,nntool-sq8-ne16(unknown)
base,320,0,89,_model_4_m_m_0_cv1_conv_Conv_weights,constant,46.5,0.0073852380737662315,128.0,32,nntool-sq8-ne16(unknown)
base,320,0,90,constant_model_4_m_0_cv1_conv_bias,constant,86.34,0.00019314480596221983,0.0,32,nntool-sq8-ne16(unknown)
base,320,0,91,_model_4_m_m_0_cv1_conv_Conv,conv2d,1.51,0.05571652948856354,132.0,32,nntool-sq8-ne16(unknown)
base,320,0,92,_model_4_m_m_0_cv1_act_Sigmoid_qin0,quantize,0.02,0.000244140625,256.0,32,nntool-sq8-ne16(unknown)
base,320,0,93,_model_4_m_m_0_cv1_act_Sigmoid,sigmoid,4.75,0.00392156862745098,0.0,32,nntool-sq8-ne16(unknown)
base,320,0,94,_model_4_m_m_0_cv1_act_Mul_qin1,quantize,4.74,0.007874015748031496,0.0,32,nntool-sq8-ne16(unknown)
base,320,0,95,_model_4_m_m_0_cv1_act_Mul_qin0,quantize,1.49,0.05755190923810005,0.0,32,nntool-sq8-ne16(unknown)
base,320,0,96,_model_4_m_m_0_cv1_act_Mul,mul,2.27,0.05380917713046074,0.0,32,nntool-sq8-ne16(unknown)
base,320,0,97,_model_4_m_m_0_cv2_conv_Conv_qin0,quantize,2.28,0.027891099452972412,10.0,32,nntool-sq8-ne16(unknown)
base,320,0,98,_model_4_m_m_0_cv2_conv_Conv_weights,constant,42.03,0.0029328702948987484,128.0,32,nntool-sq8-ne16(unknown)
base,320,0,99,constant_model_4_m_0_cv2_conv_bias,constant,90.36,8.180097938748077e-05,0.0,32,nntool-sq8-ne16(unknown)
base,320,0,100,_model_4_m_m_0_cv2_conv_Conv,conv2d,0.33,0.06500827521085739,134.0,32,nntool-sq8-ne16(unknown)
base,320,0,101,_model_4_m_m_0_cv2_act_Sigmoid_qin0,quantize,0.03,0.000244140625,256.0,32,nntool-sq8-ne16(unknown)
base,320,0,102,_model_4_m_m_0_cv2_act_Sigmoid,sigmoid,4.49,0.00392156862745098,0.0,32,nntool-sq8-ne16(unknown)
base,320,0,103,_model_4_m_m_0_cv2_act_Mul_qin1,quantize,4.48,0.007874015748031496,0.0,32,nntool-sq8-ne16(unknown)
base,320,0,104,_model_4_m_m_0_cv2_act_Mul_qin0,quantize,0.3,0.06790808588266373,0.0,32,nntool-sq8-ne16(unknown)
base,320,0,105,_model_4_m_m_0_cv2_act_Mul,mul,0.84,0.06206227093935013,0.0,32,nntool-sq8-ne16(unknown)
base,320,0,106,_model_4_m_m_0_Add,add,1.59,0.07582729309797287,0.0,32,nntool-sq8-ne16(unknown)
base,320,0,107,_model_4_Concat,concat,1.18,0.07582729309797287,0.0,32,nntool-sq8-ne16(unknown)
base,320,0,108,_model_4_cv3_conv_Conv_qin0,quantize,1.19,0.039948996156454086,14.0,32,nntool-sq8-ne16(unknown)
base,320,0,109,_model_4_cv3_conv_Conv_weights,constant,45.53,0.002471343846991658,128.0,32,nntool-sq8-ne16(unknown)
base,320,0,110,constant_model_4_cv3_conv_bias,constant,83.41,9.872770897345617e-05,0.0,32,nntool-sq8-ne16(unknown)
base,320,0,111,_model_4_cv3_conv_Conv,conv2d,0.2,0.05636323243379593,126.0,32,nntool-sq8-ne16(unknown)
base,320,0,112,_model_4_cv3_act_Sigmoid_qin0,quantize,0.07,0.000244140625,256.0,32,nntool-sq8-ne16(unknown)
base,320,0,113,_model_4_cv3_act_Sigmoid,sigmoid,4.56,0.00392156862745098,0.0,32,nntool-sq8-ne16(unknown)
base,320,0,114,_model_4_cv3_act_Mul_qin1,quantize,4.55,0.007874015748031496,0.0,32,nntool-sq8-ne16(unknown)
base,320,0,115,_model_4_cv3_act_Mul_qin0,quantize,0.18,0.05741911008954048,0.0,32,nntool-sq8-ne16(unknown)
base,320,0,116,_model_4_cv3_act_Mul,mul,0.69,0.05738004669547081,0.0,32,nntool-sq8-ne16(unknown)
base,320,0,117,_model_5_conv_Conv_qin0,quantize,0.69,0.02966953255236149,9.0,32,nntool-sq8-ne16(unknown)
base,320,0,118,_model_5_conv_Conv_weights,constant,42.19,0.001301596057601273,128.0,32,nntool-sq8-ne16(unknown)
base,320,0,119,constant_model_5_conv_bias,constant,90.85,3.86177453037817e-05,0.0,32,nntool-sq8-ne16(unknown)
base,320,0,120,_model_5_conv_Conv,conv2d,-0.14,0.058259814977645874,139.0,32,nntool-sq8-ne16(unknown)
base,320,0,121,_model_5_act_Sigmoid_qin0,quantize,0.0,0.000244140625,256.0,32,nntool-sq8-ne16(unknown)
base,320,0,122,_model_5_act_Sigmoid,sigmoid,3.57,0.00392156862745098,0.0,32,nntool-sq8-ne16(unknown)
base,320,0,123,_model_5_act_Mul_qin1,quantize,3.57,0.007874015748031496,0.0,32,nntool-sq8-ne16(unknown)
base,320,0,124,_model_5_act_Mul_qin0,quantize,-0.16,0.06344560533761978,0.0,32,nntool-sq8-ne16(unknown)
base,320,0,125,_model_5_act_Mul,mul,0.49,0.05297024920582771,0.0,32,nntool-sq8-ne16(unknown)
base,320,0,126,_model_6_cv1_conv_Conv_qin0,quantize,0.5,0.02747328020632267,10.0,32,nntool-sq8-ne16(unknown)
base,320,0,127,_model_6_cv1_conv_Conv_weights,constant,44.49,0.003346506506204605,128.0,32,nntool-sq8-ne16(unknown)
base,320,0,128,constant_model_6_cv1_conv_bias,constant,84.39,9.193950972985476e-05,0.0,32,nntool-sq8-ne16(unknown)
base,320,0,129,_model_6_cv1_conv_Conv,conv2d,0.17,0.05800144746899605,111.0,32,nntool-sq8-ne16(unknown)
base,320,0,130,_model_6_cv1_conv_Conv_split,split,0.29,0.05800144746899605,111.0,32,nntool-sq8-ne16(unknown)
base,320,0,131,_model_6_cv1_act_Sigmoid_qin0,quantize,-0.01,0.000244140625,256.0,32,nntool-sq8-ne16(unknown)
base,320,0,132,_model_6_cv1_act_Sigmoid,sigmoid,6.24,0.00392156862745098,0.0,32,nntool-sq8-ne16(unknown)
base,320,0,133,_model_6_cv1_act_Mul_qin1,quantize,6.23,0.007874015748031496,0.0,32,nntool-sq8-ne16(unknown)
base,320,0,134,_model_6_cv1_act_Mul_qin0,quantize,0.27,0.06584043055772781,0.0,32,nntool-sq8-ne16(unknown)
base,320,0,135,_model_6_cv1_act_Mul,mul,0.76,0.03846672922372818,0.0,32,nntool-sq8-ne16(unknown)
base,320,0,136,_model_6_m_m_0_cv1_conv_Conv_qin0,quantize,0.76,0.020249957218766212,14.0,32,nntool-sq8-ne16(unknown)
base,320,0,137,_model_6_cv2_act_Sigmoid_qin0,quantize,-0.0,0.000244140625,256.0,32,nntool-sq8-ne16(unknown)
base,320,0,138,_model_6_cv2_act_Sigmoid,sigmoid,4.87,0.00392156862745098,0.0,32,nntool-sq8-ne16(unknown)
base,320,0,139,_model_6_cv2_act_Mul_qin1,quantize,4.86,0.007874015748031496,0.0,32,nntool-sq8-ne16(unknown)
base,320,0,140,_model_6_cv2_act_Mul_qin0,quantize,0.11,0.06584043055772781,0.0,32,nntool-sq8-ne16(unknown)
base,320,0,141,_model_6_cv2_act_Mul,mul,0.74,0.06582505255937576,0.0,32,nntool-sq8-ne16(unknown)
base,320,0,142,_model_6_m_m_0_cv1_conv_Conv_weights,constant,45.1,0.008148892782628536,128.0,32,nntool-sq8-ne16(unknown)
base,320,0,143,constant_model_6_m_0_cv1_conv_bias,constant,82.7,0.00016501473146490753,0.0,32,nntool-sq8-ne16(unknown)
base,320,0,144,_model_6_m_m_0_cv1_conv_Conv,conv2d,-0.19,0.06342050433158875,136.0,32,nntool-sq8-ne16(unknown)
base,320,0,145,_model_6_m_m_0_cv1_act_Sigmoid_qin0,quantize,0.02,0.000244140625,256.0,32,nntool-sq8-ne16(unknown)
base,320,0,146,_model_6_m_m_0_cv1_act_Sigmoid,sigmoid,4.56,0.00392156862745098,0.0,32,nntool-sq8-ne16(unknown)
base,320,0,147,_model_6_m_m_0_cv1_act_Mul_qin1,quantize,4.55,0.007874015748031496,0.0,32,nntool-sq8-ne16(unknown)
base,320,0,148,_model_6_m_m_0_cv1_act_Mul_qin0,quantize,-0.19,0.06725800782442093,0.0,32,nntool-sq8-ne16(unknown)
base,320,0,149,_model_6_m_m_0_cv1_act_Mul,mul,0.66,0.0595218800008297,0.0,32,nntool-sq8-ne16(unknown)
base,320,0,150,_model_6_m_m_0_cv2_conv_Conv_qin0,quantize,0.66,0.030736250802874565,9.0,32,nntool-sq8-ne16(unknown)
base,320,0,151,_model_6_m_m_0_cv2_conv_Conv_weights,constant,42.32,0.001208132365718484,128.0,32,nntool-sq8-ne16(unknown)
base,320,0,152,constant_model_6_m_0_cv2_conv_bias,constant,91.86,3.7133460864424706e-05,0.0,32,nntool-sq8-ne16(unknown)
base,320,0,153,_model_6_m_m_0_cv2_conv_Conv,conv2d,-0.07,0.06588711589574814,142.0,32,nntool-sq8-ne16(unknown)
base,320,0,154,_model_6_m_m_0_cv2_act_Sigmoid_qin0,quantize,0.01,0.000244140625,256.0,32,nntool-sq8-ne16(unknown)
base,320,0,155,_model_6_m_m_0_cv2_act_Sigmoid,sigmoid,4.41,0.00392156862745098,0.0,32,nntool-sq8-ne16(unknown)
base,320,0,156,_model_6_m_m_0_cv2_act_Mul_qin1,quantize,4.4,0.007874015748031496,0.0,32,nntool-sq8-ne16(unknown)
base,320,0,157,_model_6_m_m_0_cv2_act_Mul_qin0,quantize,-0.06,0.07318462431430817,0.0,32,nntool-sq8-ne16(unknown)
base,320,0,158,_model_6_m_m_0_cv2_act_Mul,mul,0.56,0.05849756672978401,0.0,32,nntool-sq8-ne16(unknown)
base,320,0,159,_model_6_m_m_0_Add,add,1.26,0.06582505255937576,0.0,32,nntool-sq8-ne16(unknown)
base,320,0,160,_model_6_Concat,concat,0.99,0.06582505255937576,0.0,32,nntool-sq8-ne16(unknown)
base,320,0,161,_model_6_cv3_conv_Conv_qin0,quantize,1.0,0.03496747836470604,16.0,32,nntool-sq8-ne16(unknown)
base,320,0,162,_model_6_cv3_conv_Conv_weights,constant,44.72,0.0028533164877444506,128.0,32,nntool-sq8-ne16(unknown)
base,320,0,163,constant_model_6_cv3_conv_bias,constant,86.08,9.977328591048717e-05,0.0,32,nntool-sq8-ne16(unknown)
base,320,0,164,_model_6_cv3_conv_Conv,conv2d,-0.19,0.05681683123111725,141.0,32,nntool-sq8-ne16(unknown)
base,320,0,165,_model_6_cv3_act_Sigmoid_qin0,quantize,0.01,0.000244140625,256.0,32,nntool-sq8-ne16(unknown)
base,320,0,166,_model_6_cv3_act_Sigmoid,sigmoid,4.86,0.00392156862745098,0.0,32,nntool-sq8-ne16(unknown)
base,320,0,167,_model_6_cv3_act_Mul_qin1,quantize,4.85,0.007874015748031496,0.0,32,nntool-sq8-ne16(unknown)
base,320,0,168,_model_6_cv3_act_Mul_qin0,quantize,-0.19,0.06248871609568596,0.0,32,nntool-sq8-ne16(unknown)
base,320,0,169,_model_6_cv3_act_Mul,mul,0.64,0.051022786647081375,0.0,32,nntool-sq8-ne16(unknown)
base,320,0,170,_model_7_conv_Conv_qin0,quantize,0.64,0.026503367349505424,11.0,32,nntool-sq8-ne16(unknown)
base,320,0,171,_model_7_conv_Conv_weights,constant,41.75,0.0007051634602248669,128.0,32,nntool-sq8-ne16(unknown)
base,320,0,172,constant_model_7_conv_bias,constant,95.95,1.8689206626731902e-05,0.0,32,nntool-sq8-ne16(unknown)
base,320,0,173,_model_7_conv_Conv,conv2d,0.03,0.04212352633476257,126.0,32,nntool-sq8-ne16(unknown)
base,320,0,174,_model_7_act_Sigmoid_qin0,quantize,0.04,0.000244140625,256.0,32,nntool-sq8-ne16(unknown)
base,320,0,175,_model_7_act_Sigmoid,sigmoid,3.5,0.00392156862745098,0.0,32,nntool-sq8-ne16(unknown)
base,320,0,176,_model_7_act_Mul_qin1,quantize,3.5,0.007874015748031496,0.0,32,nntool-sq8-ne16(unknown)
base,320,0,177,_model_7_act_Mul_qin0,quantize,0.02,0.042868707329034805,0.0,32,nntool-sq8-ne16(unknown)
base,320,0,178,_model_7_act_Mul,mul,0.45,0.04268427938222885,0.0,32,nntool-sq8-ne16(unknown)
base,320,0,179,_model_8_cv1_conv_Conv_qin0,quantize,0.45,0.022350464016199112,12.0,32,nntool-sq8-ne16(unknown)
base,320,0,180,_model_8_cv1_conv_Conv_weights,constant,43.82,0.0010799998417496681,128.0,32,nntool-sq8-ne16(unknown)
base,320,0,181,constant_model_8_cv1_conv_bias,constant,89.95,2.4138496883097105e-05,0.0,32,nntool-sq8-ne16(unknown)
base,320,0,182,_model_8_cv1_conv_Conv,conv2d,-0.03,0.03873885050415993,106.0,32,nntool-sq8-ne16(unknown)
base,320,0,183,_model_8_cv1_conv_Conv_split,split,0.14,0.03873885050415993,106.0,32,nntool-sq8-ne16(unknown)
base,320,0,184,_model_8_cv1_act_Sigmoid_qin0,quantize,0.04,0.000244140625,256.0,32,nntool-sq8-ne16(unknown)
base,320,0,185,_model_8_cv1_act_Sigmoid,sigmoid,4.5,0.00392156862745098,0.0,32,nntool-sq8-ne16(unknown)
base,320,0,186,_model_8_cv1_act_Mul_qin1,quantize,4.49,0.007874015748031496,0.0,32,nntool-sq8-ne16(unknown)
base,320,0,187,_model_8_cv1_act_Mul_qin0,quantize,0.15,0.04535885900259018,0.0,32,nntool-sq8-ne16(unknown)
base,320,0,188,_model_8_cv1_act_Mul,mul,0.5,0.04521646350622177,0.0,32,nntool-sq8-ne16(unknown)
base,320,0,189,_model_8_m_m_0_cv1_conv_Conv_qin0,quantize,0.51,0.023611590266227722,12.0,32,nntool-sq8-ne16(unknown)
base,320,0,190,_model_8_cv2_act_Sigmoid_qin0,quantize,0.01,0.000244140625,256.0,32,nntool-sq8-ne16(unknown)
base,320,0,191,_model_8_cv2_act_Sigmoid,sigmoid,4.91,0.00392156862745098,0.0,32,nntool-sq8-ne16(unknown)
base,320,0,192,_model_8_cv2_act_Mul_qin1,quantize,4.9,0.007874015748031496,0.0,32,nntool-sq8-ne16(unknown)
base,320,0,193,_model_8_cv2_act_Mul_qin0,quantize,-0.19,0.04535885900259018,0.0,32,nntool-sq8-ne16(unknown)
base,320,0,194,_model_8_cv2_act_Mul,mul,0.35,0.03889857977628708,0.0,32,nntool-sq8-ne16(unknown)
base,320,0,195,_model_8_Concat_qin1,quantize,0.34,0.056657176464796066,0.0,32,nntool-sq8-ne16(unknown)
base,320,0,196,_model_8_m_m_0_cv1_conv_Conv_weights,constant,44.76,0.0031209986191242933,128.0,32,nntool-sq8-ne16(unknown)
base,320,0,197,constant_model_8_m_0_cv1_conv_bias,constant,88.11,7.369174272753298e-05,0.0,32,nntool-sq8-ne16(unknown)
base,320,0,198,_model_8_m_m_0_cv1_conv_Conv,conv2d,-0.01,0.04159936681389809,140.0,32,nntool-sq8-ne16(unknown)
base,320,0,199,_model_8_m_m_0_cv1_act_Sigmoid_qin0,quantize,0.02,0.000244140625,256.0,32,nntool-sq8-ne16(unknown)
base,320,0,200,_model_8_m_m_0_cv1_act_Sigmoid,sigmoid,6.1,0.00392156862745098,0.0,32,nntool-sq8-ne16(unknown)
base,320,0,201,_model_8_m_m_0_cv1_act_Mul_qin1,quantize,6.09,0.007874015748031496,0.0,32,nntool-sq8-ne16(unknown)
base,320,0,202,_model_8_m_m_0_cv1_act_Mul_qin0,quantize,-0.0,0.04535658657550812,0.0,32,nntool-sq8-ne16(unknown)
base,320,0,203,_model_8_m_m_0_cv1_act_Mul,mul,0.75,0.037504587322473526,0.0,32,nntool-sq8-ne16(unknown)
base,320,0,204,_model_8_m_m_0_cv2_conv_Conv_qin0,quantize,0.76,0.019770773127675056,14.0,32,nntool-sq8-ne16(unknown)
base,320,0,205,_model_8_m_m_0_cv2_conv_Conv_weights,constant,42.0,0.0004243426665198058,128.0,32,nntool-sq8-ne16(unknown)
base,320,0,206,constant_model_8_m_0_cv2_conv_bias,constant,101.89,8.389582944801077e-06,0.0,32,nntool-sq8-ne16(unknown)
base,320,0,207,_model_8_m_m_0_cv2_conv_Conv,conv2d,0.02,0.04020692780613899,124.0,32,nntool-sq8-ne16(unknown)
base,320,0,208,_model_8_m_m_0_cv2_act_Sigmoid_qin0,quantize,0.05,0.000244140625,256.0,32,nntool-sq8-ne16(unknown)
base,320,0,209,_model_8_m_m_0_cv2_act_Sigmoid,sigmoid,3.85,0.00392156862745098,0.0,32,nntool-sq8-ne16(unknown)
base,320,0,210,_model_8_m_m_0_cv2_act_Mul_qin1,quantize,3.84,0.007874015748031496,0.0,32,nntool-sq8-ne16(unknown)
base,320,0,211,_model_8_m_m_0_cv2_act_Mul_qin0,quantize,0.03,0.041480984538793564,0.0,32,nntool-sq8-ne16(unknown)
base,320,0,212,_model_8_m_m_0_cv2_act_Mul,mul,0.25,0.04126831144094467,0.0,32,nntool-sq8-ne16(unknown)
base,320,0,213,_model_8_m_m_0_Add,add,0.55,0.056657176464796066,0.0,32,nntool-sq8-ne16(unknown)
base,320,0,214,_model_8_Concat,concat,0.48,0.056657176464796066,0.0,32,nntool-sq8-ne16(unknown)
base,320,0,215,_model_8_cv3_conv_Conv_qin0,quantize,0.49,0.030401527881622314,18.0,32,nntool-sq8-ne16(unknown)
base,320,0,216,_model_8_cv3_conv_Conv_weights,constant,43.88,0.0014579033013433218,128.0,32,nntool-sq8-ne16(unknown)
base,320,0,217,constant_model_8_cv3_conv_bias,constant,91.42,4.4322488975012675e-05,0.0,32,nntool-sq8-ne16(unknown)
base,320,0,218,_model_8_cv3_conv_Conv,conv2d,-0.58,0.04101492837071419,119.0,32,nntool-sq8-ne16(unknown)
base,320,0,219,_model_8_cv3_act_Sigmoid_qin0,quantize,-0.02,0.000244140625,256.0,32,nntool-sq8-ne16(unknown)
base,320,0,220,_model_8_cv3_act_Sigmoid,sigmoid,3.92,0.00392156862745098,0.0,32,nntool-sq8-ne16(unknown)
base,320,0,221,_model_8_cv3_act_Mul_qin1,quantize,3.92,0.007874015748031496,0.0,32,nntool-sq8-ne16(unknown)
base,320,0,222,_model_8_cv3_act_Mul_qin0,quantize,-0.58,0.043812092393636703,0.0,32,nntool-sq8-ne16(unknown)
base,320,0,223,_model_8_cv3_act_Mul,mul,0.22,0.04364480450749397,0.0,32,nntool-sq8-ne16(unknown)
base,320,0,224,_model_9_cv1_conv_Conv_qin0,quantize,0.23,0.0228288434445858,12.0,32,nntool-sq8-ne16(unknown)
base,320,0,225,_model_9_cv1_conv_Conv_weights,constant,43.89,0.0015760061796754599,128.0,32,nntool-sq8-ne16(unknown)
base,320,0,226,constant_model_9_cv1_conv_bias,constant,95.77,3.597839895519428e-05,0.0,32,nntool-sq8-ne16(unknown)
base,320,0,227,_model_9_cv1_conv_Conv,conv2d,-0.42,0.035847391933202744,115.0,32,nntool-sq8-ne16(unknown)
base,320,0,228,_model_9_cv1_act_Sigmoid_qin0,quantize,-0.01,0.000244140625,256.0,32,nntool-sq8-ne16(unknown)
base,320,0,229,_model_9_cv1_act_Sigmoid,sigmoid,7.28,0.00392156862745098,0.0,32,nntool-sq8-ne16(unknown)
base,320,0,230,_model_9_cv1_act_Mul_qin1,quantize,7.27,0.007874015748031496,0.0,32,nntool-sq8-ne16(unknown)
base,320,0,231,_model_9_cv1_act_Mul_qin0,quantize,-0.42,0.03962771221995354,0.0,32,nntool-sq8-ne16(unknown)
base,320,0,232,_model_9_cv1_act_Mul,mul,0.58,0.03937097266316414,0.0,32,nntool-sq8-ne16(unknown)
base,320,0,233,_model_9_m_MaxPool,max_pool,1.18,0.03937097266316414,0.0,32,nntool-sq8-ne16(unknown)
base,320,0,234,_model_9_m_1_MaxPool,max_pool,1.13,0.03937097266316414,0.0,32,nntool-sq8-ne16(unknown)
base,320,0,235,_model_9_m_2_MaxPool,max_pool,1.09,0.03937097266316414,0.0,32,nntool-sq8-ne16(unknown)
base,320,0,236,_model_9_Concat,concat,1.08,0.03937097266316414,0.0,32,nntool-sq8-ne16(unknown)
base,320,0,237,_model_9_cv2_conv_Conv_qin0,quantize,1.09,0.020700307562947273,13.0,32,nntool-sq8-ne16(unknown)
base,320,0,238,_model_9_cv2_conv_Conv_weights,constant,41.08,0.0014551026979461312,128.0,32,nntool-sq8-ne16(unknown)
base,320,0,239,constant_model_9_cv2_conv_bias,constant,105.03,3.012107299582567e-05,0.0,32,nntool-sq8-ne16(unknown)
base,320,0,240,_model_9_cv2_conv_Conv,conv2d,-2.14,0.034756138920784,126.0,32,nntool-sq8-ne16(unknown)
base,320,0,241,_model_9_cv2_act_Sigmoid_qin0,quantize,0.09,0.000244140625,256.0,32,nntool-sq8-ne16(unknown)
base,320,0,242,_model_9_cv2_act_Sigmoid,sigmoid,3.94,0.00392156862745098,0.0,32,nntool-sq8-ne16(unknown)
base,320,0,243,_model_9_cv2_act_Mul_qin1,quantize,3.93,0.007874015748031496,0.0,32,nntool-sq8-ne16(unknown)
base,320,0,244,_model_9_cv2_act_Mul_qin0,quantize,-2.14,0.03527459502220154,0.0,32,nntool-sq8-ne16(unknown)
base,320,0,245,_model_9_cv2_act_Mul,mul,0.9,0.03487924113869667,0.0,32,nntool-sq8-ne16(unknown)
base,320,0,246,_model_10_conv_Conv_qin0,quantize,0.9,0.018463248386979103,15.0,32,nntool-sq8-ne16(unknown)
base,320,0,247,_model_10_conv_Conv_weights,constant,43.82,0.0015625589294359088,128.0,32,nntool-sq8-ne16(unknown)
base,320,0,248,constant_model_10_conv_bias,constant,90.87,2.884991408791393e-05,0.0,32,nntool-sq8-ne16(unknown)
base,320,0,249,_model_10_conv_Conv,conv2d,1.48,0.03303338587284088,137.0,32,nntool-sq8-ne16(unknown)
base,320,0,250,_model_10_act_Sigmoid_qin0,quantize,0.16,0.000244140625,256.0,32,nntool-sq8-ne16(unknown)
base,320,0,251,_model_10_act_Sigmoid,sigmoid,4.69,0.00392156862745098,0.0,32,nntool-sq8-ne16(unknown)
base,320,0,252,_model_10_act_Mul_qin1,quantize,4.68,0.007874015748031496,0.0,32,nntool-sq8-ne16(unknown)
base,320,0,253,_model_10_act_Mul_qin0,quantize,1.5,0.03528725355863571,0.0,32,nntool-sq8-ne16(unknown)
base,320,0,254,_model_10_act_Mul,mul,1.32,0.051022786647081375,0.0,32,nntool-sq8-ne16(unknown)
base,320,0,255,_model_11_Resize,nearest_neighbor,1.32,0.051022786647081375,0.0,32,nntool-sq8-ne16(unknown)
base,320,0,256,_model_12_Concat,concat,0.91,0.051022786647081375,0.0,32,nntool-sq8-ne16(unknown)
base,320,0,257,_model_13_cv1_conv_Conv_qin0,quantize,0.92,0.026503365764430926,11.0,32,nntool-sq8-ne16(unknown)
base,320,0,258,_model_22_Concat_qin1,quantize,1.31,0.06642277538776398,0.0,32,nntool-sq8-ne16(unknown)
base,320,0,259,_model_13_cv1_conv_Conv_weights,constant,42.76,0.0025272988714277744,128.0,32,nntool-sq8-ne16(unknown)
base,320,0,260,constant_model_13_cv1_conv_bias,constant,84.82,6.698192638548379e-05,0.0,32,nntool-sq8-ne16(unknown)
base,320,0,261,_model_13_cv1_conv_Conv,conv2d,0.71,0.05015480890870094,106.0,32,nntool-sq8-ne16(unknown)
base,320,0,262,_model_13_cv1_conv_Conv_split,split,0.5,0.05015480890870094,106.0,32,nntool-sq8-ne16(unknown)
base,320,0,263,_model_13_cv1_act_Sigmoid_qin0,quantize,0.09,0.000244140625,256.0,32,nntool-sq8-ne16(unknown)
base,320,0,264,_model_13_cv1_act_Sigmoid,sigmoid,2.58,0.00392156862745098,0.0,32,nntool-sq8-ne16(unknown)
base,320,0,265,_model_13_cv1_act_Mul_qin1,quantize,2.58,0.007874015748031496,0.0,32,nntool-sq8-ne16(unknown)
base,320,0,266,_model_13_cv1_act_Mul_qin0,quantize,0.49,0.05901699885725975,0.0,32,nntool-sq8-ne16(unknown)
base,320,0,267,_model_13_cv1_act_Mul,mul,0.21,0.058984216302633286,0.0,32,nntool-sq8-ne16(unknown)
base,320,0,268,_model_13_m_m_0_cv1_conv_Conv_qin0,quantize,0.22,0.030468471348285675,9.0,32,nntool-sq8-ne16(unknown)
base,320,0,269,_model_13_cv2_act_Sigmoid_qin0,quantize,0.06,0.000244140625,256.0,32,nntool-sq8-ne16(unknown)
base,320,0,270,_model_13_cv2_act_Sigmoid,sigmoid,5.0,0.00392156862745098,0.0,32,nntool-sq8-ne16(unknown)
base,320,0,271,_model_13_cv2_act_Mul_qin1,quantize,4.99,0.007874015748031496,0.0,32,nntool-sq8-ne16(unknown)
base,320,0,272,_model_13_cv2_act_Mul_qin0,quantize,0.92,0.05901699885725975,0.0,32,nntool-sq8-ne16(unknown)
base,320,0,273,_model_13_cv2_act_Mul,mul,0.89,0.04340731352567673,0.0,32,nntool-sq8-ne16(unknown)
base,320,0,274,_model_13_Concat_qin1,quantize,0.88,0.05932798609137535,0.0,32,nntool-sq8-ne16(unknown)
base,320,0,275,_model_13_m_m_0_cv1_conv_Conv_weights,constant,45.97,0.005784641485661268,128.0,32,nntool-sq8-ne16(unknown)
base,320,0,276,constant_model_13_m_0_cv1_conv_bias,constant,85.72,0.00017624918837100267,0.0,32,nntool-sq8-ne16(unknown)
base,320,0,277,_model_13_m_m_0_cv1_conv_Conv,conv2d,3.59,0.08177462965250015,142.0,32,nntool-sq8-ne16(unknown)
base,320,0,278,_model_13_m_m_0_cv1_act_Sigmoid_qin0,quantize,0.06,0.000244140625,256.0,32,nntool-sq8-ne16(unknown)
base,320,0,279,_model_13_m_m_0_cv1_act_Sigmoid,sigmoid,4.91,0.00392156862745098,0.0,32,nntool-sq8-ne16(unknown)
base,320,0,280,_model_13_m_m_0_cv1_act_Mul_qin1,quantize,4.89,0.007874015748031496,0.0,32,nntool-sq8-ne16(unknown)
base,320,0,281,_model_13_m_m_0_cv1_act_Mul_qin0,quantize,3.55,0.09041149914264679,0.0,32,nntool-sq8-ne16(unknown)
base,320,0,282,_model_13_m_m_0_cv1_act_Mul,mul,3.62,0.0730629488825798,0.0,32,nntool-sq8-ne16(unknown)
base,320,0,283,_model_13_m_m_0_cv2_conv_Conv_qin0,quantize,3.63,0.03748023137450218,7.0,32,nntool-sq8-ne16(unknown)
base,320,0,284,_model_13_m_m_0_cv2_conv_Conv_weights,constant,42.03,0.0019541915971785784,128.0,32,nntool-sq8-ne16(unknown)
base,320,0,285,constant_model_13_m_0_cv2_conv_bias,constant,98.2,7.32435510144569e-05,0.0,32,nntool-sq8-ne16(unknown)
base,320,0,286,_model_13_m_m_0_cv2_conv_Conv,conv2d,-0.86,0.06441176682710648,138.0,32,nntool-sq8-ne16(unknown)
base,320,0,287,_model_13_m_m_0_cv2_act_Sigmoid_qin0,quantize,-0.05,0.000244140625,256.0,32,nntool-sq8-ne16(unknown)
base,320,0,288,_model_13_m_m_0_cv2_act_Sigmoid,sigmoid,4.3,0.00392156862745098,0.0,32,nntool-sq8-ne16(unknown)
base,320,0,289,_model_13_m_m_0_cv2_act_Mul_qin1,quantize,4.29,0.007874015748031496,0.0,32,nntool-sq8-ne16(unknown)
base,320,0,290,_model_13_m_m_0_cv2_act_Mul_qin0,quantize,-0.85,0.06942451745271683,0.0,32,nntool-sq8-ne16(unknown)
base,320,0,291,_model_13_m_m_0_cv2_act_Mul,mul,1.09,0.05932798609137535,0.0,32,nntool-sq8-ne16(unknown)
base,320,0,292,_model_13_Concat,concat,0.98,0.05932798609137535,0.0,32,nntool-sq8-ne16(unknown)
base,320,0,293,_model_13_cv3_conv_Conv_qin0,quantize,0.99,0.030639681965112686,9.0,32,nntool-sq8-ne16(unknown)
base,320,0,294,_model_13_cv3_conv_Conv_weights,constant,44.26,0.004036481026560068,128.0,32,nntool-sq8-ne16(unknown)
base,320,0,295,constant_model_13_cv3_conv_bias,constant,84.48,0.00012367649469524622,0.0,32,nntool-sq8-ne16(unknown)
base,320,0,296,_model_13_cv3_conv_Conv,conv2d,-0.18,0.05829440429806709,147.0,32,nntool-sq8-ne16(unknown)
base,320,0,297,_model_13_cv3_act_Sigmoid_qin0,quantize,0.03,0.000244140625,256.0,32,nntool-sq8-ne16(unknown)
base,320,0,298,_model_13_cv3_act_Sigmoid,sigmoid,6.13,0.00392156862745098,0.0,32,nntool-sq8-ne16(unknown)
base,320,0,299,_model_13_cv3_act_Mul_qin1,quantize,6.12,0.007874015748031496,0.0,32,nntool-sq8-ne16(unknown)
base,320,0,300,_model_13_cv3_act_Mul_qin0,quantize,-0.18,0.06710877269506454,0.0,32,nntool-sq8-ne16(unknown)
base,320,0,301,_model_13_cv3_act_Mul,mul,0.74,0.04931778833270073,0.0,32,nntool-sq8-ne16(unknown)
base,320,0,302,_model_14_conv_Conv_qin0,quantize,0.74,0.02565421164035797,11.0,32,nntool-sq8-ne16(unknown)
base,320,0,303,_model_14_conv_Conv_weights,constant,43.6,0.0035814372822642326,128.0,32,nntool-sq8-ne16(unknown)
base,320,0,304,constant_model_14_conv_bias,constant,87.47,9.187895193463191e-05,0.0,32,nntool-sq8-ne16(unknown)
base,320,0,305,_model_14_conv_Conv,conv2d,0.59,0.04619039222598076,122.0,32,nntool-sq8-ne16(unknown)
base,320,0,306,_model_14_act_Sigmoid_qin0,quantize,0.02,0.000244140625,256.0,32,nntool-sq8-ne16(unknown)
base,320,0,307,_model_14_act_Sigmoid,sigmoid,9.33,0.00392156862745098,0.0,32,nntool-sq8-ne16(unknown)
base,320,0,308,_model_14_act_Mul_qin1,quantize,9.3,0.007874015748031496,0.0,32,nntool-sq8-ne16(unknown)
base,320,0,309,_model_14_act_Mul_qin0,quantize,0.58,0.048247918486595154,0.0,32,nntool-sq8-ne16(unknown)
base,320,0,310,_model_14_act_Mul,mul,1.04,0.05738004669547081,0.0,32,nntool-sq8-ne16(unknown)
base,320,0,311,_model_15_Resize,nearest_neighbor,1.04,0.05738004669547081,0.0,32,nntool-sq8-ne16(unknown)
base,320,0,312,_model_16_Concat,concat,0.88,0.05738004669547081,0.0,32,nntool-sq8-ne16(unknown)
base,320,0,313,_model_17_cv1_conv_Conv_qin0,quantize,0.88,0.029669530835806156,9.0,32,nntool-sq8-ne16(unknown)
base,320,0,314,_model_19_Concat_qin1,quantize,0.99,0.08534552901983261,0.0,32,nntool-sq8-ne16(unknown)
base,320,0,315,_model_17_cv1_conv_Conv_weights,constant,43.08,0.00291463197208941,128.0,32,nntool-sq8-ne16(unknown)
base,320,0,316,constant_model_17_cv1_conv_bias,constant,87.78,8.647576317093326e-05,0.0,32,nntool-sq8-ne16(unknown)
base,320,0,317,_model_17_cv1_conv_Conv,conv2d,1.01,0.062490373849868774,87.0,32,nntool-sq8-ne16(unknown)
base,320,0,318,_model_17_cv1_conv_Conv_split,split,1.19,0.062490373849868774,87.0,32,nntool-sq8-ne16(unknown)
base,320,0,319,_model_17_cv1_act_Sigmoid_qin0,quantize,0.03,0.000244140625,256.0,32,nntool-sq8-ne16(unknown)
base,320,0,320,_model_17_cv1_act_Sigmoid,sigmoid,4.41,0.00392156862745098,0.0,32,nntool-sq8-ne16(unknown)
base,320,0,321,_model_17_cv1_act_Mul_qin1,quantize,4.4,0.007874015748031496,0.0,32,nntool-sq8-ne16(unknown)
base,320,0,322,_model_17_cv1_act_Mul_qin0,quantize,1.19,0.08253978937864304,0.0,32,nntool-sq8-ne16(unknown)
base,320,0,323,_model_17_cv1_act_Mul,mul,1.48,0.08253747969865799,0.0,32,nntool-sq8-ne16(unknown)
base,320,0,324,_model_17_m_m_0_cv1_conv_Conv_qin0,quantize,1.5,0.042198918759822845,7.0,32,nntool-sq8-ne16(unknown)
base,320,0,325,_model_17_cv2_act_Sigmoid_qin0,quantize,0.01,0.000244140625,256.0,32,nntool-sq8-ne16(unknown)
base,320,0,326,_model_17_cv2_act_Sigmoid,sigmoid,7.54,0.00392156862745098,0.0,32,nntool-sq8-ne16(unknown)
base,320,0,327,_model_17_cv2_act_Mul_qin1,quantize,7.52,0.007874015748031496,0.0,32,nntool-sq8-ne16(unknown)
base,320,0,328,_model_17_cv2_act_Mul_qin0,quantize,0.74,0.08253978937864304,0.0,32,nntool-sq8-ne16(unknown)
base,320,0,329,_model_17_cv2_act_Mul,mul,1.12,0.060035403817892075,0.0,32,nntool-sq8-ne16(unknown)
base,320,0,330,_model_17_Concat_qin1,quantize,1.04,0.09902749210596085,0.0,32,nntool-sq8-ne16(unknown)
base,320,0,331,_model_17_m_m_0_cv1_conv_Conv_weights,constant,46.64,0.004703376442193985,128.0,32,nntool-sq8-ne16(unknown)
base,320,0,332,constant_model_17_m_0_cv1_conv_bias,constant,83.19,0.00019847739895340055,0.0,32,nntool-sq8-ne16(unknown)
base,320,0,333,_model_17_m_m_0_cv1_conv_Conv,conv2d,3.29,0.06912935525178909,0.0,32,nntool-sq8-ne16(unknown)
base,320,0,334,_model_17_m_m_0_cv1_act_Sigmoid_qin0,quantize,0.06,0.000244140625,256.0,32,nntool-sq8-ne16(unknown)
base,320,0,335,_model_17_m_m_0_cv1_act_Sigmoid,sigmoid,4.5,0.00392156862745098,0.0,32,nntool-sq8-ne16(unknown)
base,320,0,336,_model_17_m_m_0_cv1_act_Mul_qin1,quantize,4.48,0.007874015748031496,0.0,32,nntool-sq8-ne16(unknown)
base,320,0,337,_model_17_m_m_0_cv1_act_Mul,mul,3.31,0.06900519877672195,0.0,32,nntool-sq8-ne16(unknown)
base,320,0,338,_model_17_m_m_0_cv2_conv_Conv_qin0,quantize,3.3,0.03545931354165077,8.0,32,nntool-sq8-ne16(unknown)
base,320,0,339,_model_17_m_m_0_cv2_conv_Conv_weights,constant,42.44,0.002878223080188036,128.0,32,nntool-sq8-ne16(unknown)
base,320,0,340,constant_model_17_m_0_cv2_conv_bias,constant,96.38,0.00010205981379840523,0.0,32,nntool-sq8-ne16(unknown)
base,320,0,341,_model_17_m_m_0_cv2_conv_Conv,conv2d,-0.17,0.11703015863895416,148.0,32,nntool-sq8-ne16(unknown)
base,320,0,342,_model_17_m_m_0_cv2_act_Sigmoid_qin0,quantize,0.01,0.000244140625,256.0,32,nntool-sq8-ne16(unknown)
base,320,0,343,_model_17_m_m_0_cv2_act_Sigmoid,sigmoid,8.43,0.00392156862745098,0.0,32,nntool-sq8-ne16(unknown)
base,320,0,344,_model_17_m_m_0_cv2_act_Mul_qin1,quantize,8.39,0.007874015748031496,0.0,32,nntool-sq8-ne16(unknown)
base,320,0,345,_model_17_m_m_0_cv2_act_Mul_qin0,quantize,-0.18,0.1348918229341507,0.0,32,nntool-sq8-ne16(unknown)
base,320,0,346,_model_17_m_m_0_cv2_act_Mul,mul,1.48,0.09902749210596085,0.0,32,nntool-sq8-ne16(unknown)
base,320,0,347,_model_17_Concat,concat,1.34,0.09902749210596085,0.0,32,nntool-sq8-ne16(unknown)
base,320,0,348,_model_17_cv3_conv_Conv_qin0,quantize,1.33,0.050411589443683624,6.0,32,nntool-sq8-ne16(unknown)
base,320,0,349,_model_17_cv3_conv_Conv_weights,constant,44.1,0.006546579301357269,128.0,32,nntool-sq8-ne16(unknown)
base,320,0,350,constant_model_17_cv3_conv_bias,constant,83.59,0.00033002346754074097,0.0,32,nntool-sq8-ne16(unknown)
base,320,0,351,_model_17_cv3_conv_Conv,conv2d,2.33,0.10479424893856049,0.0,32,nntool-sq8-ne16(unknown)
base,320,0,352,_model_17_cv3_act_Sigmoid_qin0,quantize,0.02,0.000244140625,256.0,32,nntool-sq8-ne16(unknown)
base,320,0,353,_model_17_cv3_act_Sigmoid,sigmoid,5.26,0.00392156862745098,0.0,32,nntool-sq8-ne16(unknown)
base,320,0,354,_model_17_cv3_act_Mul_qin1,quantize,5.25,0.007874015748031496,0.0,32,nntool-sq8-ne16(unknown)
base,320,0,355,_model_17_cv3_act_Mul,mul,2.87,0.10399739444255829,0.0,32,nntool-sq8-ne16(unknown)
base,320,0,356,_model_18_conv_Conv_qin0,quantize,2.89,0.05288679897785187,5.0,32,nntool-sq8-ne16(unknown)
base,320,0,357,_model_18_conv_Conv_weights,constant,41.09,0.0006411582580767572,128.0,32,nntool-sq8-ne16(unknown)
base,320,0,358,constant_model_18_conv_bias,constant,90.46,3.390880738152191e-05,0.0,32,nntool-sq8-ne16(unknown)
base,320,0,359,_model_18_conv_Conv,conv2d,-0.66,0.09063147753477097,135.0,32,nntool-sq8-ne16(unknown)
base,320,0,360,_model_18_act_Sigmoid_qin0,quantize,-0.03,0.000244140625,256.0,32,nntool-sq8-ne16(unknown)
base,320,0,361,_model_18_act_Sigmoid,sigmoid,3.91,0.00392156862745098,0.0,32,nntool-sq8-ne16(unknown)
base,320,0,362,_model_18_act_Mul_qin1,quantize,3.9,0.007874015748031496,0.0,32,nntool-sq8-ne16(unknown)
base,320,0,363,_model_18_act_Mul_qin0,quantize,-0.74,0.09587446600198746,0.0,32,nntool-sq8-ne16(unknown)
base,320,0,364,_model_18_act_Mul,mul,0.43,0.08534552901983261,0.0,32,nntool-sq8-ne16(unknown)
base,320,0,365,_model_19_Concat,concat,0.71,0.08534552901983261,0.0,32,nntool-sq8-ne16(unknown)
base,320,0,366,_model_20_cv1_conv_Conv_qin0,quantize,0.71,0.04359743744134903,6.0,32,nntool-sq8-ne16(unknown)
base,320,0,367,_model_20_cv1_conv_Conv_weights,constant,43.53,0.004550701007246971,128.0,32,nntool-sq8-ne16(unknown)
base,320,0,368,constant_model_20_cv1_conv_bias,constant,83.91,0.00019839890592265874,0.0,32,nntool-sq8-ne16(unknown)
base,320,0,369,_model_20_cv1_conv_Conv,conv2d,0.7,0.06232476606965065,123.0,32,nntool-sq8-ne16(unknown)
base,320,0,370,_model_20_cv1_conv_Conv_split,split,0.29,0.06232476606965065,123.0,32,nntool-sq8-ne16(unknown)
base,320,0,371,_model_20_cv1_act_Sigmoid_qin0,quantize,0.0,0.000244140625,256.0,32,nntool-sq8-ne16(unknown)
base,320,0,372,_model_20_cv1_act_Sigmoid,sigmoid,4.25,0.00392156862745098,0.0,32,nntool-sq8-ne16(unknown)
base,320,0,373,_model_20_cv1_act_Mul_qin1,quantize,4.25,0.007874015748031496,0.0,32,nntool-sq8-ne16(unknown)
base,320,0,374,_model_20_cv1_act_Mul_qin0,quantize,0.28,0.0645517110824585,0.0,32,nntool-sq8-ne16(unknown)
base,320,0,375,_model_20_cv1_act_Mul,mul,0.5,0.06453395634889603,0.0,32,nntool-sq8-ne16(unknown)
base,320,0,376,_model_20_m_m_0_cv1_conv_Conv_qin0,quantize,0.5,0.03323245793581009,8.0,32,nntool-sq8-ne16(unknown)
base,320,0,377,_model_20_cv2_act_Sigmoid_qin0,quantize,0.06,0.000244140625,256.0,32,nntool-sq8-ne16(unknown)
base,320,0,378,_model_20_cv2_act_Sigmoid,sigmoid,7.04,0.00392156862745098,0.0,32,nntool-sq8-ne16(unknown)
base,320,0,379,_model_20_cv2_act_Mul_qin1,quantize,7.02,0.007874015748031496,0.0,32,nntool-sq8-ne16(unknown)
base,320,0,380,_model_20_cv2_act_Mul_qin0,quantize,1.11,0.0645517110824585,0.0,32,nntool-sq8-ne16(unknown)
base,320,0,381,_model_20_cv2_act_Mul,mul,1.34,0.04337241128087044,0.0,32,nntool-sq8-ne16(unknown)
base,320,0,382,_model_20_Concat_qin1,quantize,1.32,0.07503082603216171,0.0,32,nntool-sq8-ne16(unknown)
base,320,0,383,_model_20_m_m_0_cv1_conv_Conv_weights,constant,45.9,0.0031868633814156055,128.0,32,nntool-sq8-ne16(unknown)
base,320,0,384,constant_model_20_m_0_cv1_conv_bias,constant,85.86,0.00010590730380499735,0.0,32,nntool-sq8-ne16(unknown)
base,320,0,385,_model_20_m_m_0_cv1_conv_Conv,conv2d,0.8,0.07739634811878204,137.0,32,nntool-sq8-ne16(unknown)
base,320,0,386,_model_20_m_m_0_cv1_act_Sigmoid_qin0,quantize,0.04,0.000244140625,256.0,32,nntool-sq8-ne16(unknown)
base,320,0,387,_model_20_m_m_0_cv1_act_Sigmoid,sigmoid,4.47,0.00392156862745098,0.0,32,nntool-sq8-ne16(unknown)
base,320,0,388,_model_20_m_m_0_cv1_act_Mul_qin1,quantize,4.46,0.007874015748031496,0.0,32,nntool-sq8-ne16(unknown)
base,320,0,389,_model_20_m_m_0_cv1_act_Mul_qin0,quantize,0.79,0.08272310346364975,0.0,32,nntool-sq8-ne16(unknown)
base,320,0,390,_model_20_m_m_0_cv1_act_Mul,mul,1.04,0.07201998680830002,0.0,32,nntool-sq8-ne16(unknown)
base,320,0,391,_model_20_m_m_0_cv2_conv_Conv_qin0,quantize,1.05,0.036960795521736145,8.0,32,nntool-sq8-ne16(unknown)
base,320,0,392,_model_20_m_m_0_cv2_conv_Conv_weights,constant,40.55,0.0014943055575713515,128.0,32,nntool-sq8-ne16(unknown)
base,320,0,393,constant_model_20_m_0_cv2_conv_bias,constant,89.19,5.5230721045518294e-05,0.0,32,nntool-sq8-ne16(unknown)
base,320,0,394,_model_20_m_m_0_cv2_conv_Conv,conv2d,0.86,0.06950826942920685,118.0,32,nntool-sq8-ne16(unknown)
base,320,0,395,_model_20_m_m_0_cv2_act_Sigmoid_qin0,quantize,0.01,0.000244140625,256.0,32,nntool-sq8-ne16(unknown)
base,320,0,396,_model_20_m_m_0_cv2_act_Sigmoid,sigmoid,10.27,0.00392156862745098,0.0,32,nntool-sq8-ne16(unknown)
base,320,0,397,_model_20_m_m_0_cv2_act_Mul_qin1,quantize,10.23,0.007874015748031496,0.0,32,nntool-sq8-ne16(unknown)
base,320,0,398,_model_20_m_m_0_cv2_act_Mul_qin0,quantize,0.86,0.07503627985715866,0.0,32,nntool-sq8-ne16(unknown)
base,320,0,399,_model_20_m_m_0_cv2_act_Mul,mul,1.26,0.07503082603216171,0.0,32,nntool-sq8-ne16(unknown)
base,320,0,400,_model_20_Concat,concat,1.29,0.07503082603216171,0.0,32,nntool-sq8-ne16(unknown)
base,320,0,401,_model_20_cv3_conv_Conv_qin0,quantize,1.31,0.03846031054854393,7.0,32,nntool-sq8-ne16(unknown)
base,320,0,402,_model_20_cv3_conv_Conv_weights,constant,42.53,0.0020815180614590645,128.0,32,nntool-sq8-ne16(unknown)
base,320,0,403,constant_model_20_cv3_conv_bias,constant,88.32,8.005583367776126e-05,0.0,32,nntool-sq8-ne16(unknown)
base,320,0,404,_model_20_cv3_conv_Conv,conv2d,1.2,0.06115920469164848,109.0,32,nntool-sq8-ne16(unknown)
base,320,0,405,_model_20_cv3_act_Sigmoid_qin0,quantize,0.02,0.000244140625,256.0,32,nntool-sq8-ne16(unknown)
base,320,0,406,_model_20_cv3_act_Sigmoid,sigmoid,6.09,0.00392156862745098,0.0,32,nntool-sq8-ne16(unknown)
base,320,0,407,_model_20_cv3_act_Mul_qin1,quantize,6.08,0.007874015748031496,0.0,32,nntool-sq8-ne16(unknown)
base,320,0,408,_model_20_cv3_act_Mul_qin0,quantize,1.2,0.07023794203996658,0.0,32,nntool-sq8-ne16(unknown)
base,320,0,409,_model_20_cv3_act_Mul,mul,2.37,0.07022855430841446,0.0,32,nntool-sq8-ne16(unknown)
base,320,0,410,_model_21_conv_Conv_qin0,quantize,2.39,0.036068592220544815,8.0,32,nntool-sq8-ne16(unknown)
base,320,0,411,_model_21_conv_Conv_weights,constant,39.11,0.0013591524912044406,128.0,32,nntool-sq8-ne16(unknown)
base,320,0,412,constant_model_21_conv_bias,constant,93.26,4.902271757600829e-05,0.0,32,nntool-sq8-ne16(unknown)
base,320,0,413,_model_21_conv_Conv,conv2d,-0.44,0.0637335404753685,123.0,32,nntool-sq8-ne16(unknown)
base,320,0,414,_model_21_act_Sigmoid_qin0,quantize,-0.01,0.000244140625,256.0,32,nntool-sq8-ne16(unknown)
base,320,0,415,_model_21_act_Sigmoid,sigmoid,4.94,0.00392156862745098,0.0,32,nntool-sq8-ne16(unknown)
base,320,0,416,_model_21_act_Mul_qin1,quantize,4.93,0.007874015748031496,0.0,32,nntool-sq8-ne16(unknown)
base,320,0,417,_model_21_act_Mul_qin0,quantize,-0.48,0.06643716245889664,0.0,32,nntool-sq8-ne16(unknown)
base,320,0,418,_model_21_act_Mul,mul,0.26,0.06642277538776398,0.0,32,nntool-sq8-ne16(unknown)
base,320,0,419,_model_22_Concat,concat,0.72,0.06642277538776398,0.0,32,nntool-sq8-ne16(unknown)
base,320,0,420,_model_23_cv1_conv_Conv_qin0,quantize,0.72,0.03417316451668739,8.0,32,nntool-sq8-ne16(unknown)
base,320,0,421,_model_23_cv1_conv_Conv_weights,constant,41.85,0.002156321657821536,128.0,32,nntool-sq8-ne16(unknown)
base,320,0,422,constant_model_23_cv1_conv_bias,constant,85.11,7.368833757936954e-05,0.0,32,nntool-sq8-ne16(unknown)
base,320,0,423,_model_23_cv1_conv_Conv,conv2d,0.17,0.048306528478860855,116.0,32,nntool-sq8-ne16(unknown)
base,320,0,424,_model_23_cv1_conv_Conv_split,split,0.1,0.048306528478860855,116.0,32,nntool-sq8-ne16(unknown)
base,320,0,425,_model_23_cv1_act_Sigmoid_qin0,quantize,0.02,0.000244140625,256.0,32,nntool-sq8-ne16(unknown)
base,320,0,426,_model_23_cv1_act_Sigmoid,sigmoid,3.65,0.00392156862745098,0.0,32,nntool-sq8-ne16(unknown)
base,320,0,427,_model_23_cv1_act_Mul_qin1,quantize,3.64,0.007874015748031496,0.0,32,nntool-sq8-ne16(unknown)
base,320,0,428,_model_23_cv1_act_Mul_qin0,quantize,0.11,0.05273779109120369,0.0,32,nntool-sq8-ne16(unknown)
base,320,0,429,_model_23_cv1_act_Mul,mul,0.31,0.05267281085252762,0.0,32,nntool-sq8-ne16(unknown)
base,320,0,430,_model_23_m_m_0_cv1_conv_Conv_qin0,quantize,0.31,0.027325144037604332,10.0,32,nntool-sq8-ne16(unknown)
base,320,0,431,_model_23_cv2_act_Sigmoid_qin0,quantize,0.02,0.000244140625,256.0,32,nntool-sq8-ne16(unknown)
base,320,0,432,_model_23_cv2_act_Sigmoid,sigmoid,6.64,0.00392156862745098,0.0,32,nntool-sq8-ne16(unknown)
base,320,0,433,_model_23_cv2_act_Mul_qin1,quantize,6.63,0.007874015748031496,0.0,32,nntool-sq8-ne16(unknown)
base,320,0,434,_model_23_cv2_act_Mul_qin0,quantize,0.24,0.05273779109120369,0.0,32,nntool-sq8-ne16(unknown)
base,320,0,435,_model_23_cv2_act_Mul,mul,0.67,0.048259370028972626,0.0,32,nntool-sq8-ne16(unknown)
base,320,0,436,_model_23_Concat_qin1,quantize,0.62,0.06731622666120529,0.0,32,nntool-sq8-ne16(unknown)
base,320,0,437,_model_23_m_m_0_cv1_conv_Conv_weights,constant,44.86,0.002950777066871524,128.0,32,nntool-sq8-ne16(unknown)
base,320,0,438,constant_model_23_m_0_cv1_conv_bias,constant,86.3,8.063040877459571e-05,0.0,32,nntool-sq8-ne16(unknown)
base,320,0,439,_model_23_m_m_0_cv1_conv_Conv,conv2d,0.61,0.07155609130859375,108.0,32,nntool-sq8-ne16(unknown)
base,320,0,440,_model_23_m_m_0_cv1_act_Sigmoid_qin0,quantize,0.01,0.000244140625,256.0,32,nntool-sq8-ne16(unknown)
base,320,0,441,_model_23_m_m_0_cv1_act_Sigmoid,sigmoid,4.19,0.00392156862745098,0.0,32,nntool-sq8-ne16(unknown)
base,320,0,442,_model_23_m_m_0_cv1_act_Mul_qin1,quantize,4.18,0.007874015748031496,0.0,32,nntool-sq8-ne16(unknown)
base,320,0,443,_model_23_m_m_0_cv1_act_Mul_qin0,quantize,0.61,0.08291737735271454,0.0,32,nntool-sq8-ne16(unknown)
base,320,0,444,_model_23_m_m_0_cv1_act_Mul,mul,1.05,0.08291516453027725,0.0,32,nntool-sq8-ne16(unknown)
base,320,0,445,_model_23_m_m_0_cv2_conv_Conv_qin0,quantize,1.06,0.04238701984286308,7.0,32,nntool-sq8-ne16(unknown)
base,320,0,446,_model_23_m_m_0_cv2_conv_Conv_weights,constant,38.9,0.000656072807032615,128.0,32,nntool-sq8-ne16(unknown)
base,320,0,447,constant_model_23_m_0_cv2_conv_bias,constant,88.71,2.7808971935883164e-05,0.0,32,nntool-sq8-ne16(unknown)
base,320,0,448,_model_23_m_m_0_cv2_conv_Conv,conv2d,0.37,0.058090437203645706,108.0,32,nntool-sq8-ne16(unknown)
base,320,0,449,_model_23_m_m_0_cv2_act_Sigmoid_qin0,quantize,0.01,0.000244140625,256.0,32,nntool-sq8-ne16(unknown)
base,320,0,450,_model_23_m_m_0_cv2_act_Sigmoid,sigmoid,5.75,0.00392156862745098,0.0,32,nntool-sq8-ne16(unknown)
base,320,0,451,_model_23_m_m_0_cv2_act_Mul_qin1,quantize,5.74,0.007874015748031496,0.0,32,nntool-sq8-ne16(unknown)
base,320,0,452,_model_23_m_m_0_cv2_act_Mul_qin0,quantize,0.37,0.06732924282550812,0.0,32,nntool-sq8-ne16(unknown)
base,320,0,453,_model_23_m_m_0_cv2_act_Mul,mul,0.79,0.06731622666120529,0.0,32,nntool-sq8-ne16(unknown)
base,320,0,454,_model_23_Concat,concat,0.71,0.06731622666120529,0.0,32,nntool-sq8-ne16(unknown)
base,320,0,455,_model_23_cv3_conv_Conv_qin0,quantize,0.71,0.03461813926696777,8.0,32,nntool-sq8-ne16(unknown)
base,320,0,456,_model_23_cv3_conv_Conv_weights,constant,41.62,0.0009217553306370974,128.0,32,nntool-sq8-ne16(unknown)
base,320,0,457,constant_model_23_cv3_conv_bias,constant,89.35,3.190945426467806e-05,0.0,32,nntool-sq8-ne16(unknown)
base,320,0,458,_model_23_cv3_conv_Conv,conv2d,1.7,0.0414009615778923,144.0,32,nntool-sq8-ne16(unknown)
base,320,0,459,_model_23_cv3_act_Sigmoid_qin0,quantize,0.07,0.000244140625,256.0,32,nntool-sq8-ne16(unknown)
base,320,0,460,_model_23_cv3_act_Sigmoid,sigmoid,6.36,0.00392156862745098,0.0,32,nntool-sq8-ne16(unknown)
base,320,0,461,_model_23_cv3_act_Mul_qin1,quantize,6.35,0.007874015748031496,0.0,32,nntool-sq8-ne16(unknown)
base,320,0,462,_model_23_cv3_act_Mul_qin0,quantize,1.71,0.04658634960651398,0.0,32,nntool-sq8-ne16(unknown)
base,320,0,463,_model_23_cv3_act_Mul,mul,2.78,0.03581266850233078,0.0,32,nntool-sq8-ne16(unknown)
base,320,0,464,_model_24_m_2_Conv_qin0,quantize,2.77,0.018928131088614464,15.0,32,nntool-sq8-ne16(unknown)
base,320,0,465,_model_24_m_0_Conv_weights,constant,44.07,0.003085399279370904,128.0,32,nntool-sq8-ne16(unknown)
base,320,0,466,constant_model_24_m_0_bias,constant,92.78,0.00016317689733114094,0.0,32,nntool-sq8-ne16(unknown)
base,320,0,467,_model_24_m_0_Conv,conv2d,11.51,0.13023242354393005,128.0,32,nntool-sq8-ne16(unknown)
base,320,0,468,output_1,output,11.51,0.13023242354393005,128.0,32,nntool-sq8-ne16(unknown)
base,320,0,469,_model_24_m_1_Conv_weights,constant,41.38,0.0033487635664641857,128.0,32,nntool-sq8-ne16(unknown)
base,320,0,470,constant_model_24_m_1_bias,constant,92.53,0.00012078518921043724,0.0,32,nntool-sq8-ne16(unknown)
base,320,0,471,_model_24_m_1_Conv,conv2d,10.7,0.07306750118732452,171.0,32,nntool-sq8-ne16(unknown)
base,320,0,472,output_2_qin0,quantize,10.68,0.09751036763191223,128.0,32,nntool-sq8-ne16(unknown)
base,320,0,473,output_2,output,10.68,0.09751036763191223,128.0,32,nntool-sq8-ne16(unknown)
base,320,0,474,_model_24_m_2_Conv_weights,constant,39.86,0.0034006673377007246,128.0,32,nntool-sq8-ne16(unknown)
base,320,0,475,constant_model_24_m_2_bias,constant,99.5,6.436827970901504e-05,0.0,32,nntool-sq8-ne16(unknown)
base,320,0,476,_model_24_m_2_Conv,conv2d,11.03,0.0752098485827446,167.0,32,nntool-sq8-ne16(unknown)
base,320,0,477,output_3_qin0,quantize,10.98,0.09794075042009354,128.0,32,nntool-sq8-ne16(unknown)
base,320,0,478,output_3,output,10.98,0.09794075042009354,128.0,32,nntool-sq8-ne16(unknown)
base,320,0,0,input_1,input,120.0,0.003921568859368563,0.0,32,nntool-sq8-ne16(unknown)
base,320,0,1,_model_0_conv_Conv_weights,constant,41.87,0.04600485786795616,128.0,32,nntool-sq8-ne16(unknown)
base,320,0,2,constant_model_0_conv_bias,constant,94.01,0.00018041121074929833,0.0,32,nntool-sq8-ne16(unknown)
base,320,0,3,_model_0_conv_Conv,conv2d,26.07,0.23691557347774506,120.0,32,nntool-sq8-ne16(unknown)
base,320,0,4,_model_0_act_Sigmoid_qin0,quantize,0.04,0.000244140625,256.0,32,nntool-sq8-ne16(unknown)
base,320,0,5,_model_0_act_Sigmoid,sigmoid,7.49,0.00392156862745098,0.0,32,nntool-sq8-ne16(unknown)
base,320,0,6,_model_0_act_Mul_qin1,quantize,7.45,0.007874015748031496,0.0,32,nntool-sq8-ne16(unknown)
base,320,0,7,_model_0_act_Mul_qin0,quantize,23.41,0.25138917565345764,0.0,32,nntool-sq8-ne16(unknown)
base,320,0,8,_model_0_act_Mul,mul,6.38,0.25138917565345764,0.0,32,nntool-sq8-ne16(unknown)
base,320,0,9,_model_1_conv_Conv_qin0,quantize,6.43,0.12629368901252747,2.0,32,nntool-sq8-ne16(unknown)
base,320,0,10,_model_1_conv_Conv_weights,constant,42.74,0.0014823480742052197,128.0,32,nntool-sq8-ne16(unknown)
base,320,0,11,constant_model_1_conv_bias,constant,84.64,0.00018721120432019234,0.0,32,nntool-sq8-ne16(unknown)
base,320,0,12,_model_1_conv_Conv,conv2d,4.34,0.10810869187116623,141.0,32,nntool-sq8-ne16(unknown)
base,320,0,13,_model_1_act_Sigmoid_qin0,quantize,0.03,0.000244140625,256.0,32,nntool-sq8-ne16(unknown)
base,320,0,14,_model_1_act_Sigmoid,sigmoid,7.48,0.00392156862745098,0.0,32,nntool-sq8-ne16(unknown)
base,320,0,15,_model_1_act_Mul_qin1,quantize,7.44,0.007874015748031496,0.0,32,nntool-sq8-ne16(unknown)
base,320,0,16,_model_1_act_Mul_qin0,quantize,4.33,0.11881042271852493,0.0,32,nntool-sq8-ne16(unknown)
base,320,0,17,_model_1_act_Mul,mul,4.53,0.09732227772474289,0.0,32,nntool-sq8-ne16(unknown)
base,320,0,18,_model_2_cv1_conv_Conv_qin0,quantize,4.59,0.049562327563762665,6.0,32,nntool-sq8-ne16(unknown)
base,320,0,19,_model_2_cv1_conv_Conv_weights,constant,46.51,0.0029206734616309404,128.0,32,nntool-sq8-ne16(unknown)
base,320,0,20,constant_model_2_cv1_conv_bias,constant,84.18,0.00014475538046099246,0.0,32,nntool-sq8-ne16(unknown)
base,320,0,21,_model_2_cv1_conv_Conv,conv2d,2.73,0.07151278853416443,153.0,32,nntool-sq8-ne16(unknown)
base,320,0,22,_model_2_cv1_conv_Conv_split,split,4.2,0.07151278853416443,153.0,32,nntool-sq8-ne16(unknown)
base,320,0,23,_model_2_cv1_act_Sigmoid_qin0,quantize,-0.0,0.000244140625,256.0,32,nntool-sq8-ne16(unknown)
base,320,0,24,_model_2_cv1_act_Sigmoid,sigmoid,7.49,0.00392156862745098,0.0,32,nntool-sq8-ne16(unknown)
base,320,0,25,_model_2_cv1_act_Mul_qin1,quantize,7.46,0.007874015748031496,0.0,32,nntool-sq8-ne16(unknown)
base,320,0,26,_model_2_cv1_act_Mul_qin0,quantize,4.18,0.08536653220653534,0.0,32,nntool-sq8-ne16(unknown)
base,320,0,27,_model_2_cv1_act_Mul,mul,3.8,0.046632323414087296,0.0,32,nntool-sq8-ne16(unknown)
base,320,0,28,_model_2_m_m_0_cv1_conv_Conv_qin0,quantize,3.8,0.02431674487888813,11.0,32,nntool-sq8-ne16(unknown)
base,320,0,29,_model_2_cv2_act_Sigmoid_qin0,quantize,0.08,0.000244140625,256.0,32,nntool-sq8-ne16(unknown)
base,320,0,30,_model_2_cv2_act_Sigmoid,sigmoid,4.19,0.00392156862745098,0.0,32,nntool-sq8-ne16(unknown)
base,320,0,31,_model_2_cv2_act_Mul_qin1,quantize,4.18,0.007874015748031496,0.0,32,nntool-sq8-ne16(unknown)
base,320,0,32,_model_2_cv2_act_Mul_qin0,quantize,2.19,0.08536653220653534,0.0,32,nntool-sq8-ne16(unknown)
base,320,0,33,_model_2_cv2_act_Mul,mul,1.85,0.057511452585458755,0.0,32,nntool-sq8-ne16(unknown)
base,320,0,34,_model_2_Concat_qin1,quantize,1.86,0.09095007181167603,0.0,32,nntool-sq8-ne16(unknown)
base,320,0,35,_model_2_m_m_0_cv1_conv_Conv_weights,constant,48.27,0.010213576257228851,128.0,32,nntool-sq8-ne16(unknown)
base,320,0,36,constant_model_2_m_0_cv1_conv_bias,constant,87.6,0.0002483609423507005,0.0,32,nntool-sq8-ne16(unknown)
base,320,0,37,_model_2_m_m_0_cv1_conv_Conv,conv2d,3.48,0.047202181071043015,124.0,32,nntool-sq8-ne16(unknown)
base,320,0,38,_model_2_m_m_0_cv1_act_Sigmoid_qin0,quantize,0.01,0.000244140625,256.0,32,nntool-sq8-ne16(unknown)
base,320,0,39,_model_2_m_m_0_cv1_act_Sigmoid,sigmoid,4.98,0.00392156862745098,0.0,32,nntool-sq8-ne16(unknown)
base,320,0,40,_model_2_m_m_0_cv1_act_Mul_qin1,quantize,4.96,0.007874015748031496,0.0,32,nntool-sq8-ne16(unknown)
base,320,0,41,_model_2_m_m_0_cv1_act_Mul_qin0,quantize,3.5,0.04873678460717201,0.0,32,nntool-sq8-ne16(unknown)
base,320,0,42,_model_2_m_m_0_cv1_act_Mul,mul,3.42,0.048637039959430695,0.0,32,nntool-sq8-ne16(unknown)
base,320,0,43,_model_2_m_m_0_cv2_conv_Conv_qin0,quantize,3.42,0.025315172970294952,11.0,32,nntool-sq8-ne16(unknown)
base,320,0,44,_model_2_m_m_0_cv2_conv_Conv_weights,constant,42.26,0.005775198340415955,128.0,32,nntool-sq8-ne16(unknown)
base,320,0,45,constant_model_2_m_0_cv2_conv_bias,constant,95.97,0.0001462001382606104,0.0,32,nntool-sq8-ne16(unknown)
base,320,0,46,_model_2_m_m_0_cv2_conv_Conv,conv2d,-0.03,0.06915392726659775,127.0,32,nntool-sq8-ne16(unknown)
base,320,0,47,_model_2_m_m_0_cv2_act_Sigmoid_qin0,quantize,-0.0,0.000244140625,256.0,32,nntool-sq8-ne16(unknown)
base,320,0,48,_model_2_m_m_0_cv2_act_Sigmoid,sigmoid,8.48,0.00392156862745098,0.0,32,nntool-sq8-ne16(unknown)
base,320,0,49,_model_2_m_m_0_cv2_act_Mul_qin1,quantize,8.45,0.007874015748031496,0.0,32,nntool-sq8-ne16(unknown)
base,320,0,50,_model_2_m_m_0_cv2_act_Mul_qin0,quantize,-0.06,0.06962843984365463,0.0,32,nntool-sq8-ne16(unknown)
base,320,0,51,_model_2_m_m_0_cv2_act_Mul,mul,2.19,0.06961838155984879,0.0,32,nntool-sq8-ne16(unknown)
base,320,0,52,_model_2_m_m_0_Add,add,4.45,0.09095007181167603,0.0,32,nntool-sq8-ne16(unknown)
base,320,0,53,_model_2_Concat,concat,3.43,0.09095007181167603,0.0,32,nntool-sq8-ne16(unknown)
base,320,0,54,_model_2_cv3_conv_Conv_qin0,quantize,3.42,0.047480735927820206,12.0,32,nntool-sq8-ne16(unknown)
base,320,0,55,_model_2_cv3_conv_Conv_weights,constant,46.08,0.006707928143441677,128.0,32,nntool-sq8-ne16(unknown)
base,320,0,56,constant_model_2_cv3_conv_bias,constant,81.46,0.0003184973611496389,0.0,32,nntool-sq8-ne16(unknown)
base,320,0,57,_model_2_cv3_conv_Conv,conv2d,0.61,0.08208265155553818,134.0,32,nntool-sq8-ne16(unknown)
base,320,0,58,_model_2_cv3_act_Sigmoid_qin0,quantize,0.06,0.000244140625,256.0,32,nntool-sq8-ne16(unknown)
base,320,0,59,_model_2_cv3_act_Sigmoid,sigmoid,3.85,0.00392156862745098,0.0,32,nntool-sq8-ne16(unknown)
base,320,0,60,_model_2_cv3_act_Mul_qin1,quantize,3.84,0.007874015748031496,0.0,32,nntool-sq8-ne16(unknown)
base,320,0,61,_model_2_cv3_act_Mul_qin0,quantize,0.63,0.08607184886932373,0.0,32,nntool-sq8-ne16(unknown)
base,320,0,62,_model_2_cv3_act_Mul,mul,1.07,0.07805817574262619,0.0,32,nntool-sq8-ne16(unknown)
base,320,0,63,_model_3_conv_Conv_qin0,quantize,1.07,0.03996805101633072,7.0,32,nntool-sq8-ne16(unknown)
base,320,0,64,_model_3_conv_Conv_weights,constant,41.79,0.0018120505847036839,128.0,32,nntool-sq8-ne16(unknown)
base,320,0,65,constant_model_3_conv_bias,constant,90.72,7.242413266794756e-05,0.0,32,nntool-sq8-ne16(unknown)
base,320,0,66,_model_3_conv_Conv,conv2d,0.31,0.10694161057472229,145.0,32,nntool-sq8-ne16(unknown)
base,320,0,67,_model_3_act_Sigmoid_qin0,quantize,0.04,0.000244140625,256.0,32,nntool-sq8-ne16(unknown)
base,320,0,68,_model_3_act_Sigmoid,sigmoid,4.99,0.00392156862745098,0.0,32,nntool-sq8-ne16(unknown)
base,320,0,69,_model_3_act_Mul_qin1,quantize,4.98,0.007874015748031496,0.0,32,nntool-sq8-ne16(unknown)
base,320,0,70,_model_3_act_Mul_qin0,quantize,0.33,0.12140268087387085,0.0,32,nntool-sq8-ne16(unknown)
base,320,0,71,_model_3_act_Mul,mul,0.83,0.09236594289541245,0.0,32,nntool-sq8-ne16(unknown)
base,320,0,72,_model_4_cv1_conv_Conv_qin0,quantize,0.84,0.04709387943148613,6.0,32,nntool-sq8-ne16(unknown)
base,320,0,73,_model_4_cv1_conv_Conv_weights,constant,45.13,0.0034217291977256536,128.0,32,nntool-sq8-ne16(unknown)
base,320,0,74,constant_model_4_cv1_conv_bias,constant,79.24,0.00016114249592646956,0.0,32,nntool-sq8-ne16(unknown)
base,320,0,75,_model_4_cv1_conv_Conv,conv2d,0.32,0.07316140830516815,124.0,32,nntool-sq8-ne16(unknown)
base,320,0,76,_model_4_cv1_conv_Conv_split,split,1.06,0.07316140830516815,124.0,32,nntool-sq8-ne16(unknown)
base,320,0,77,_model_4_cv1_act_Sigmoid_qin0,quantize,0.03,0.000244140625,256.0,32,nntool-sq8-ne16(unknown)
base,320,0,78,_model_4_cv1_act_Sigmoid,sigmoid,9.96,0.00392156862745098,0.0,32,nntool-sq8-ne16(unknown)
base,320,0,79,_model_4_cv1_act_Mul_qin1,quantize,9.92,0.007874015748031496,0.0,32,nntool-sq8-ne16(unknown)
base,320,0,80,_model_4_cv1_act_Mul_qin0,quantize,1.09,0.07548297941684723,0.0,32,nntool-sq8-ne16(unknown)
base,320,0,81,_model_4_cv1_act_Mul,mul,1.5,0.05031893402338028,0.0,32,nntool-sq8-ne16(unknown)
base,320,0,82,_model_4_m_m_0_cv1_conv_Conv_qin0,quantize,1.53,0.026152821257710457,11.0,32,nntool-sq8-ne16(unknown)
base,320,0,83,_model_4_cv2_act_Sigmoid_qin0,quantize,-0.01,0.000244140625,256.0,32,nntool-sq8-ne16(unknown)
base,320,0,84,_model_4_cv2_act_Sigmoid,sigmoid,4.59,0.00392156862745098,0.0,32,nntool-sq8-ne16(unknown)
base,320,0,85,_model_4_cv2_act_Mul_qin1,quantize,4.58,0.007874015748031496,0.0,32,nntool-sq8-ne16(unknown)
base,320,0,86,_model_4_cv2_act_Mul_qin0,quantize,0.03,0.07548297941684723,0.0,32,nntool-sq8-ne16(unknown)
base,320,0,87,_model_4_cv2_act_Mul,mul,0.77,0.07547779381275177,0.0,32,nntool-sq8-ne16(unknown)
base,320,0,88,_model_4_Concat_qin1,quantize,0.77,0.07582729309797287,0.0,32,nntool-sq8-ne16(unknown)
base,320,0,89,_model_4_m_m_0_cv1_conv_Conv_weights,constant,46.5,0.0073852380737662315,128.0,32,nntool-sq8-ne16(unknown)
base,320,0,90,constant_model_4_m_0_cv1_conv_bias,constant,86.34,0.00019314480596221983,0.0,32,nntool-sq8-ne16(unknown)
base,320,0,91,_model_4_m_m_0_cv1_conv_Conv,conv2d,1.51,0.05571652948856354,132.0,32,nntool-sq8-ne16(unknown)
base,320,0,92,_model_4_m_m_0_cv1_act_Sigmoid_qin0,quantize,0.02,0.000244140625,256.0,32,nntool-sq8-ne16(unknown)
base,320,0,93,_model_4_m_m_0_cv1_act_Sigmoid,sigmoid,4.75,0.00392156862745098,0.0,32,nntool-sq8-ne16(unknown)
base,320,0,94,_model_4_m_m_0_cv1_act_Mul_qin1,quantize,4.74,0.007874015748031496,0.0,32,nntool-sq8-ne16(unknown)
base,320,0,95,_model_4_m_m_0_cv1_act_Mul_qin0,quantize,1.49,0.05755190923810005,0.0,32,nntool-sq8-ne16(unknown)
base,320,0,96,_model_4_m_m_0_cv1_act_Mul,mul,2.27,0.05380917713046074,0.0,32,nntool-sq8-ne16(unknown)
base,320,0,97,_model_4_m_m_0_cv2_conv_Conv_qin0,quantize,2.28,0.027891099452972412,10.0,32,nntool-sq8-ne16(unknown)
base,320,0,98,_model_4_m_m_0_cv2_conv_Conv_weights,constant,42.03,0.0029328702948987484,128.0,32,nntool-sq8-ne16(unknown)
base,320,0,99,constant_model_4_m_0_cv2_conv_bias,constant,90.36,8.180097938748077e-05,0.0,32,nntool-sq8-ne16(unknown)
base,320,0,100,_model_4_m_m_0_cv2_conv_Conv,conv2d,0.33,0.06500827521085739,134.0,32,nntool-sq8-ne16(unknown)
base,320,0,101,_model_4_m_m_0_cv2_act_Sigmoid_qin0,quantize,0.03,0.000244140625,256.0,32,nntool-sq8-ne16(unknown)
base,320,0,102,_model_4_m_m_0_cv2_act_Sigmoid,sigmoid,4.49,0.00392156862745098,0.0,32,nntool-sq8-ne16(unknown)
base,320,0,103,_model_4_m_m_0_cv2_act_Mul_qin1,quantize,4.48,0.007874015748031496,0.0,32,nntool-sq8-ne16(unknown)
base,320,0,104,_model_4_m_m_0_cv2_act_Mul_qin0,quantize,0.3,0.06790808588266373,0.0,32,nntool-sq8-ne16(unknown)
base,320,0,105,_model_4_m_m_0_cv2_act_Mul,mul,0.84,0.06206227093935013,0.0,32,nntool-sq8-ne16(unknown)
base,320,0,106,_model_4_m_m_0_Add,add,1.59,0.07582729309797287,0.0,32,nntool-sq8-ne16(unknown)
base,320,0,107,_model_4_Concat,concat,1.18,0.07582729309797287,0.0,32,nntool-sq8-ne16(unknown)
base,320,0,108,_model_4_cv3_conv_Conv_qin0,quantize,1.19,0.039948996156454086,14.0,32,nntool-sq8-ne16(unknown)
base,320,0,109,_model_4_cv3_conv_Conv_weights,constant,45.53,0.002471343846991658,128.0,32,nntool-sq8-ne16(unknown)
base,320,0,110,constant_model_4_cv3_conv_bias,constant,83.41,9.872770897345617e-05,0.0,32,nntool-sq8-ne16(unknown)
base,320,0,111,_model_4_cv3_conv_Conv,conv2d,0.2,0.05636323243379593,126.0,32,nntool-sq8-ne16(unknown)
base,320,0,112,_model_4_cv3_act_Sigmoid_qin0,quantize,0.07,0.000244140625,256.0,32,nntool-sq8-ne16(unknown)
base,320,0,113,_model_4_cv3_act_Sigmoid,sigmoid,4.56,0.00392156862745098,0.0,32,nntool-sq8-ne16(unknown)
base,320,0,114,_model_4_cv3_act_Mul_qin1,quantize,4.55,0.007874015748031496,0.0,32,nntool-sq8-ne16(unknown)
base,320,0,115,_model_4_cv3_act_Mul_qin0,quantize,0.18,0.05741911008954048,0.0,32,nntool-sq8-ne16(unknown)
base,320,0,116,_model_4_cv3_act_Mul,mul,0.69,0.05738004669547081,0.0,32,nntool-sq8-ne16(unknown)
base,320,0,117,_model_5_conv_Conv_qin0,quantize,0.69,0.02966953255236149,9.0,32,nntool-sq8-ne16(unknown)
base,320,0,118,_model_5_conv_Conv_weights,constant,42.19,0.001301596057601273,128.0,32,nntool-sq8-ne16(unknown)
base,320,0,119,constant_model_5_conv_bias,constant,90.85,3.86177453037817e-05,0.0,32,nntool-sq8-ne16(unknown)
base,320,0,120,_model_5_conv_Conv,conv2d,-0.14,0.058259814977645874,139.0,32,nntool-sq8-ne16(unknown)
base,320,0,121,_model_5_act_Sigmoid_qin0,quantize,0.0,0.000244140625,256.0,32,nntool-sq8-ne16(unknown)
base,320,0,122,_model_5_act_Sigmoid,sigmoid,3.57,0.00392156862745098,0.0,32,nntool-sq8-ne16(unknown)
base,320,0,123,_model_5_act_Mul_qin1,quantize,3.57,0.007874015748031496,0.0,32,nntool-sq8-ne16(unknown)
base,320,0,124,_model_5_act_Mul_qin0,quantize,-0.16,0.06344560533761978,0.0,32,nntool-sq8-ne16(unknown)
base,320,0,125,_model_5_act_Mul,mul,0.49,0.05297024920582771,0.0,32,nntool-sq8-ne16(unknown)
base,320,0,126,_model_6_cv1_conv_Conv_qin0,quantize,0.5,0.02747328020632267,10.0,32,nntool-sq8-ne16(unknown)
base,320,0,127,_model_6_cv1_conv_Conv_weights,constant,44.49,0.003346506506204605,128.0,32,nntool-sq8-ne16(unknown)
base,320,0,128,constant_model_6_cv1_conv_bias,constant,84.39,9.193950972985476e-05,0.0,32,nntool-sq8-ne16(unknown)
base,320,0,129,_model_6_cv1_conv_Conv,conv2d,0.17,0.05800144746899605,111.0,32,nntool-sq8-ne16(unknown)
base,320,0,130,_model_6_cv1_conv_Conv_split,split,0.29,0.05800144746899605,111.0,32,nntool-sq8-ne16(unknown)
base,320,0,131,_model_6_cv1_act_Sigmoid_qin0,quantize,-0.01,0.000244140625,256.0,32,nntool-sq8-ne16(unknown)
base,320,0,132,_model_6_cv1_act_Sigmoid,sigmoid,6.24,0.00392156862745098,0.0,32,nntool-sq8-ne16(unknown)
base,320,0,133,_model_6_cv1_act_Mul_qin1,quantize,6.23,0.007874015748031496,0.0,32,nntool-sq8-ne16(unknown)
base,320,0,134,_model_6_cv1_act_Mul_qin0,quantize,0.27,0.06584043055772781,0.0,32,nntool-sq8-ne16(unknown)
base,320,0,135,_model_6_cv1_act_Mul,mul,0.76,0.03846672922372818,0.0,32,nntool-sq8-ne16(unknown)
base,320,0,136,_model_6_m_m_0_cv1_conv_Conv_qin0,quantize,0.76,0.020249957218766212,14.0,32,nntool-sq8-ne16(unknown)
base,320,0,137,_model_6_cv2_act_Sigmoid_qin0,quantize,-0.0,0.000244140625,256.0,32,nntool-sq8-ne16(unknown)
base,320,0,138,_model_6_cv2_act_Sigmoid,sigmoid,4.87,0.00392156862745098,0.0,32,nntool-sq8-ne16(unknown)
base,320,0,139,_model_6_cv2_act_Mul_qin1,quantize,4.86,0.007874015748031496,0.0,32,nntool-sq8-ne16(unknown)
base,320,0,140,_model_6_cv2_act_Mul_qin0,quantize,0.11,0.06584043055772781,0.0,32,nntool-sq8-ne16(unknown)
base,320,0,141,_model_6_cv2_act_Mul,mul,0.74,0.06582505255937576,0.0,32,nntool-sq8-ne16(unknown)
base,320,0,142,_model_6_m_m_0_cv1_conv_Conv_weights,constant,45.1,0.008148892782628536,128.0,32,nntool-sq8-ne16(unknown)
base,320,0,143,constant_model_6_m_0_cv1_conv_bias,constant,82.7,0.00016501473146490753,0.0,32,nntool-sq8-ne16(unknown)
base,320,0,144,_model_6_m_m_0_cv1_conv_Conv,conv2d,-0.19,0.06342050433158875,136.0,32,nntool-sq8-ne16(unknown)
base,320,0,145,_model_6_m_m_0_cv1_act_Sigmoid_qin0,quantize,0.02,0.000244140625,256.0,32,nntool-sq8-ne16(unknown)
base,320,0,146,_model_6_m_m_0_cv1_act_Sigmoid,sigmoid,4.56,0.00392156862745098,0.0,32,nntool-sq8-ne16(unknown)
base,320,0,147,_model_6_m_m_0_cv1_act_Mul_qin1,quantize,4.55,0.007874015748031496,0.0,32,nntool-sq8-ne16(unknown)
base,320,0,148,_model_6_m_m_0_cv1_act_Mul_qin0,quantize,-0.19,0.06725800782442093,0.0,32,nntool-sq8-ne16(unknown)
base,320,0,149,_model_6_m_m_0_cv1_act_Mul,mul,0.66,0.0595218800008297,0.0,32,nntool-sq8-ne16(unknown)
base,320,0,150,_model_6_m_m_0_cv2_conv_Conv_qin0,quantize,0.66,0.030736250802874565,9.0,32,nntool-sq8-ne16(unknown)
base,320,0,151,_model_6_m_m_0_cv2_conv_Conv_weights,constant,42.32,0.001208132365718484,128.0,32,nntool-sq8-ne16(unknown)
base,320,0,152,constant_model_6_m_0_cv2_conv_bias,constant,91.86,3.7133460864424706e-05,0.0,32,nntool-sq8-ne16(unknown)
base,320,0,153,_model_6_m_m_0_cv2_conv_Conv,conv2d,-0.07,0.06588711589574814,142.0,32,nntool-sq8-ne16(unknown)
base,320,0,154,_model_6_m_m_0_cv2_act_Sigmoid_qin0,quantize,0.01,0.000244140625,256.0,32,nntool-sq8-ne16(unknown)
base,320,0,155,_model_6_m_m_0_cv2_act_Sigmoid,sigmoid,4.41,0.00392156862745098,0.0,32,nntool-sq8-ne16(unknown)
base,320,0,156,_model_6_m_m_0_cv2_act_Mul_qin1,quantize,4.4,0.007874015748031496,0.0,32,nntool-sq8-ne16(unknown)
base,320,0,157,_model_6_m_m_0_cv2_act_Mul_qin0,quantize,-0.06,0.07318462431430817,0.0,32,nntool-sq8-ne16(unknown)
base,320,0,158,_model_6_m_m_0_cv2_act_Mul,mul,0.56,0.05849756672978401,0.0,32,nntool-sq8-ne16(unknown)
base,320,0,159,_model_6_m_m_0_Add,add,1.26,0.06582505255937576,0.0,32,nntool-sq8-ne16(unknown)
base,320,0,160,_model_6_Concat,concat,0.99,0.06582505255937576,0.0,32,nntool-sq8-ne16(unknown)
base,320,0,161,_model_6_cv3_conv_Conv_qin0,quantize,1.0,0.03496747836470604,16.0,32,nntool-sq8-ne16(unknown)
base,320,0,162,_model_6_cv3_conv_Conv_weights,constant,44.72,0.0028533164877444506,128.0,32,nntool-sq8-ne16(unknown)
base,320,0,163,constant_model_6_cv3_conv_bias,constant,86.08,9.977328591048717e-05,0.0,32,nntool-sq8-ne16(unknown)
base,320,0,164,_model_6_cv3_conv_Conv,conv2d,-0.19,0.05681683123111725,141.0,32,nntool-sq8-ne16(unknown)
base,320,0,165,_model_6_cv3_act_Sigmoid_qin0,quantize,0.01,0.000244140625,256.0,32,nntool-sq8-ne16(unknown)
base,320,0,166,_model_6_cv3_act_Sigmoid,sigmoid,4.86,0.00392156862745098,0.0,32,nntool-sq8-ne16(unknown)
base,320,0,167,_model_6_cv3_act_Mul_qin1,quantize,4.85,0.007874015748031496,0.0,32,nntool-sq8-ne16(unknown)
base,320,0,168,_model_6_cv3_act_Mul_qin0,quantize,-0.19,0.06248871609568596,0.0,32,nntool-sq8-ne16(unknown)
base,320,0,169,_model_6_cv3_act_Mul,mul,0.64,0.051022786647081375,0.0,32,nntool-sq8-ne16(unknown)
base,320,0,170,_model_7_conv_Conv_qin0,quantize,0.64,0.026503367349505424,11.0,32,nntool-sq8-ne16(unknown)
base,320,0,171,_model_7_conv_Conv_weights,constant,41.75,0.0007051634602248669,128.0,32,nntool-sq8-ne16(unknown)
base,320,0,172,constant_model_7_conv_bias,constant,95.95,1.8689206626731902e-05,0.0,32,nntool-sq8-ne16(unknown)
base,320,0,173,_model_7_conv_Conv,conv2d,0.03,0.04212352633476257,126.0,32,nntool-sq8-ne16(unknown)
base,320,0,174,_model_7_act_Sigmoid_qin0,quantize,0.04,0.000244140625,256.0,32,nntool-sq8-ne16(unknown)
base,320,0,175,_model_7_act_Sigmoid,sigmoid,3.5,0.00392156862745098,0.0,32,nntool-sq8-ne16(unknown)
base,320,0,176,_model_7_act_Mul_qin1,quantize,3.5,0.007874015748031496,0.0,32,nntool-sq8-ne16(unknown)
base,320,0,177,_model_7_act_Mul_qin0,quantize,0.02,0.042868707329034805,0.0,32,nntool-sq8-ne16(unknown)
base,320,0,178,_model_7_act_Mul,mul,0.45,0.04268427938222885,0.0,32,nntool-sq8-ne16(unknown)
base,320,0,179,_model_8_cv1_conv_Conv_qin0,quantize,0.45,0.022350464016199112,12.0,32,nntool-sq8-ne16(unknown)
base,320,0,180,_model_8_cv1_conv_Conv_weights,constant,43.82,0.0010799998417496681,128.0,32,nntool-sq8-ne16(unknown)
base,320,0,181,constant_model_8_cv1_conv_bias,constant,89.95,2.4138496883097105e-05,0.0,32,nntool-sq8-ne16(unknown)
base,320,0,182,_model_8_cv1_conv_Conv,conv2d,-0.03,0.03873885050415993,106.0,32,nntool-sq8-ne16(unknown)
base,320,0,183,_model_8_cv1_conv_Conv_split,split,0.14,0.03873885050415993,106.0,32,nntool-sq8-ne16(unknown)
base,320,0,184,_model_8_cv1_act_Sigmoid_qin0,quantize,0.04,0.000244140625,256.0,32,nntool-sq8-ne16(unknown)
base,320,0,185,_model_8_cv1_act_Sigmoid,sigmoid,4.5,0.00392156862745098,0.0,32,nntool-sq8-ne16(unknown)
base,320,0,186,_model_8_cv1_act_Mul_qin1,quantize,4.49,0.007874015748031496,0.0,32,nntool-sq8-ne16(unknown)
base,320,0,187,_model_8_cv1_act_Mul_qin0,quantize,0.15,0.04535885900259018,0.0,32,nntool-sq8-ne16(unknown)
base,320,0,188,_model_8_cv1_act_Mul,mul,0.5,0.04521646350622177,0.0,32,nntool-sq8-ne16(unknown)
base,320,0,189,_model_8_m_m_0_cv1_conv_Conv_qin0,quantize,0.51,0.023611590266227722,12.0,32,nntool-sq8-ne16(unknown)
base,320,0,190,_model_8_cv2_act_Sigmoid_qin0,quantize,0.01,0.000244140625,256.0,32,nntool-sq8-ne16(unknown)
base,320,0,191,_model_8_cv2_act_Sigmoid,sigmoid,4.91,0.00392156862745098,0.0,32,nntool-sq8-ne16(unknown)
base,320,0,192,_model_8_cv2_act_Mul_qin1,quantize,4.9,0.007874015748031496,0.0,32,nntool-sq8-ne16(unknown)
base,320,0,193,_model_8_cv2_act_Mul_qin0,quantize,-0.19,0.04535885900259018,0.0,32,nntool-sq8-ne16(unknown)
base,320,0,194,_model_8_cv2_act_Mul,mul,0.35,0.03889857977628708,0.0,32,nntool-sq8-ne16(unknown)
base,320,0,195,_model_8_Concat_qin1,quantize,0.34,0.056657176464796066,0.0,32,nntool-sq8-ne16(unknown)
base,320,0,196,_model_8_m_m_0_cv1_conv_Conv_weights,constant,44.76,0.0031209986191242933,128.0,32,nntool-sq8-ne16(unknown)
base,320,0,197,constant_model_8_m_0_cv1_conv_bias,constant,88.11,7.369174272753298e-05,0.0,32,nntool-sq8-ne16(unknown)
base,320,0,198,_model_8_m_m_0_cv1_conv_Conv,conv2d,-0.01,0.04159936681389809,140.0,32,nntool-sq8-ne16(unknown)
base,320,0,199,_model_8_m_m_0_cv1_act_Sigmoid_qin0,quantize,0.02,0.000244140625,256.0,32,nntool-sq8-ne16(unknown)
base,320,0,200,_model_8_m_m_0_cv1_act_Sigmoid,sigmoid,6.1,0.00392156862745098,0.0,32,nntool-sq8-ne16(unknown)
base,320,0,201,_model_8_m_m_0_cv1_act_Mul_qin1,quantize,6.09,0.007874015748031496,0.0,32,nntool-sq8-ne16(unknown)
base,320,0,202,_model_8_m_m_0_cv1_act_Mul_qin0,quantize,-0.0,0.04535658657550812,0.0,32,nntool-sq8-ne16(unknown)
base,320,0,203,_model_8_m_m_0_cv1_act_Mul,mul,0.75,0.037504587322473526,0.0,32,nntool-sq8-ne16(unknown)
base,320,0,204,_model_8_m_m_0_cv2_conv_Conv_qin0,quantize,0.76,0.019770773127675056,14.0,32,nntool-sq8-ne16(unknown)
base,320,0,205,_model_8_m_m_0_cv2_conv_Conv_weights,constant,42.0,0.0004243426665198058,128.0,32,nntool-sq8-ne16(unknown)
base,320,0,206,constant_model_8_m_0_cv2_conv_bias,constant,101.89,8.389582944801077e-06,0.0,32,nntool-sq8-ne16(unknown)
base,320,0,207,_model_8_m_m_0_cv2_conv_Conv,conv2d,0.02,0.04020692780613899,124.0,32,nntool-sq8-ne16(unknown)
base,320,0,208,_model_8_m_m_0_cv2_act_Sigmoid_qin0,quantize,0.05,0.000244140625,256.0,32,nntool-sq8-ne16(unknown)
base,320,0,209,_model_8_m_m_0_cv2_act_Sigmoid,sigmoid,3.85,0.00392156862745098,0.0,32,nntool-sq8-ne16(unknown)
base,320,0,210,_model_8_m_m_0_cv2_act_Mul_qin1,quantize,3.84,0.007874015748031496,0.0,32,nntool-sq8-ne16(unknown)
base,320,0,211,_model_8_m_m_0_cv2_act_Mul_qin0,quantize,0.03,0.041480984538793564,0.0,32,nntool-sq8-ne16(unknown)
base,320,0,212,_model_8_m_m_0_cv2_act_Mul,mul,0.25,0.04126831144094467,0.0,32,nntool-sq8-ne16(unknown)
base,320,0,213,_model_8_m_m_0_Add,add,0.55,0.056657176464796066,0.0,32,nntool-sq8-ne16(unknown)
base,320,0,214,_model_8_Concat,concat,0.48,0.056657176464796066,0.0,32,nntool-sq8-ne16(unknown)
base,320,0,215,_model_8_cv3_conv_Conv_qin0,quantize,0.49,0.030401527881622314,18.0,32,nntool-sq8-ne16(unknown)
base,320,0,216,_model_8_cv3_conv_Conv_weights,constant,43.88,0.0014579033013433218,128.0,32,nntool-sq8-ne16(unknown)
base,320,0,217,constant_model_8_cv3_conv_bias,constant,91.42,4.4322488975012675e-05,0.0,32,nntool-sq8-ne16(unknown)
base,320,0,218,_model_8_cv3_conv_Conv,conv2d,-0.58,0.04101492837071419,119.0,32,nntool-sq8-ne16(unknown)
base,320,0,219,_model_8_cv3_act_Sigmoid_qin0,quantize,-0.02,0.000244140625,256.0,32,nntool-sq8-ne16(unknown)
base,320,0,220,_model_8_cv3_act_Sigmoid,sigmoid,3.92,0.00392156862745098,0.0,32,nntool-sq8-ne16(unknown)
base,320,0,221,_model_8_cv3_act_Mul_qin1,quantize,3.92,0.007874015748031496,0.0,32,nntool-sq8-ne16(unknown)
base,320,0,222,_model_8_cv3_act_Mul_qin0,quantize,-0.58,0.043812092393636703,0.0,32,nntool-sq8-ne16(unknown)
base,320,0,223,_model_8_cv3_act_Mul,mul,0.22,0.04364480450749397,0.0,32,nntool-sq8-ne16(unknown)
base,320,0,224,_model_9_cv1_conv_Conv_qin0,quantize,0.23,0.0228288434445858,12.0,32,nntool-sq8-ne16(unknown)
base,320,0,225,_model_9_cv1_conv_Conv_weights,constant,43.89,0.0015760061796754599,128.0,32,nntool-sq8-ne16(unknown)
base,320,0,226,constant_model_9_cv1_conv_bias,constant,95.77,3.597839895519428e-05,0.0,32,nntool-sq8-ne16(unknown)
base,320,0,227,_model_9_cv1_conv_Conv,conv2d,-0.42,0.035847391933202744,115.0,32,nntool-sq8-ne16(unknown)
base,320,0,228,_model_9_cv1_act_Sigmoid_qin0,quantize,-0.01,0.000244140625,256.0,32,nntool-sq8-ne16(unknown)
base,320,0,229,_model_9_cv1_act_Sigmoid,sigmoid,7.28,0.00392156862745098,0.0,32,nntool-sq8-ne16(unknown)
base,320,0,230,_model_9_cv1_act_Mul_qin1,quantize,7.27,0.007874015748031496,0.0,32,nntool-sq8-ne16(unknown)
base,320,0,231,_model_9_cv1_act_Mul_qin0,quantize,-0.42,0.03962771221995354,0.0,32,nntool-sq8-ne16(unknown)
base,320,0,232,_model_9_cv1_act_Mul,mul,0.58,0.03937097266316414,0.0,32,nntool-sq8-ne16(unknown)
base,320,0,233,_model_9_m_MaxPool,max_pool,1.18,0.03937097266316414,0.0,32,nntool-sq8-ne16(unknown)
base,320,0,234,_model_9_m_1_MaxPool,max_pool,1.13,0.03937097266316414,0.0,32,nntool-sq8-ne16(unknown)
base,320,0,235,_model_9_m_2_MaxPool,max_pool,1.09,0.03937097266316414,0.0,32,nntool-sq8-ne16(unknown)
base,320,0,236,_model_9_Concat,concat,1.08,0.03937097266316414,0.0,32,nntool-sq8-ne16(unknown)
base,320,0,237,_model_9_cv2_conv_Conv_qin0,quantize,1.09,0.020700307562947273,13.0,32,nntool-sq8-ne16(unknown)
base,320,0,238,_model_9_cv2_conv_Conv_weights,constant,41.08,0.0014551026979461312,128.0,32,nntool-sq8-ne16(unknown)
base,320,0,239,constant_model_9_cv2_conv_bias,constant,105.03,3.012107299582567e-05,0.0,32,nntool-sq8-ne16(unknown)
base,320,0,240,_model_9_cv2_conv_Conv,conv2d,-2.14,0.034756138920784,126.0,32,nntool-sq8-ne16(unknown)
base,320,0,241,_model_9_cv2_act_Sigmoid_qin0,quantize,0.09,0.000244140625,256.0,32,nntool-sq8-ne16(unknown)
base,320,0,242,_model_9_cv2_act_Sigmoid,sigmoid,3.94,0.00392156862745098,0.0,32,nntool-sq8-ne16(unknown)
base,320,0,243,_model_9_cv2_act_Mul_qin1,quantize,3.93,0.007874015748031496,0.0,32,nntool-sq8-ne16(unknown)
base,320,0,244,_model_9_cv2_act_Mul_qin0,quantize,-2.14,0.03527459502220154,0.0,32,nntool-sq8-ne16(unknown)
base,320,0,245,_model_9_cv2_act_Mul,mul,0.9,0.03487924113869667,0.0,32,nntool-sq8-ne16(unknown)
base,320,0,246,_model_10_conv_Conv_qin0,quantize,0.9,0.018463248386979103,15.0,32,nntool-sq8-ne16(unknown)
base,320,0,247,_model_10_conv_Conv_weights,constant,43.82,0.0015625589294359088,128.0,32,nntool-sq8-ne16(unknown)
base,320,0,248,constant_model_10_conv_bias,constant,90.87,2.884991408791393e-05,0.0,32,nntool-sq8-ne16(unknown)
base,320,0,249,_model_10_conv_Conv,conv2d,1.48,0.03303338587284088,137.0,32,nntool-sq8-ne16(unknown)
base,320,0,250,_model_10_act_Sigmoid_qin0,quantize,0.16,0.000244140625,256.0,32,nntool-sq8-ne16(unknown)
base,320,0,251,_model_10_act_Sigmoid,sigmoid,4.69,0.00392156862745098,0.0,32,nntool-sq8-ne16(unknown)
base,320,0,252,_model_10_act_Mul_qin1,quantize,4.68,0.007874015748031496,0.0,32,nntool-sq8-ne16(unknown)
base,320,0,253,_model_10_act_Mul_qin0,quantize,1.5,0.03528725355863571,0.0,32,nntool-sq8-ne16(unknown)
base,320,0,254,_model_10_act_Mul,mul,1.32,0.051022786647081375,0.0,32,nntool-sq8-ne16(unknown)
base,320,0,255,_model_11_Resize,nearest_neighbor,1.32,0.051022786647081375,0.0,32,nntool-sq8-ne16(unknown)
base,320,0,256,_model_12_Concat,concat,0.91,0.051022786647081375,0.0,32,nntool-sq8-ne16(unknown)
base,320,0,257,_model_13_cv1_conv_Conv_qin0,quantize,0.92,0.026503365764430926,11.0,32,nntool-sq8-ne16(unknown)
base,320,0,258,_model_22_Concat_qin1,quantize,1.31,0.06642277538776398,0.0,32,nntool-sq8-ne16(unknown)
base,320,0,259,_model_13_cv1_conv_Conv_weights,constant,42.76,0.0025272988714277744,128.0,32,nntool-sq8-ne16(unknown)
base,320,0,260,constant_model_13_cv1_conv_bias,constant,84.82,6.698192638548379e-05,0.0,32,nntool-sq8-ne16(unknown)
base,320,0,261,_model_13_cv1_conv_Conv,conv2d,0.71,0.05015480890870094,106.0,32,nntool-sq8-ne16(unknown)
base,320,0,262,_model_13_cv1_conv_Conv_split,split,0.5,0.05015480890870094,106.0,32,nntool-sq8-ne16(unknown)
base,320,0,263,_model_13_cv1_act_Sigmoid_qin0,quantize,0.09,0.000244140625,256.0,32,nntool-sq8-ne16(unknown)
base,320,0,264,_model_13_cv1_act_Sigmoid,sigmoid,2.58,0.00392156862745098,0.0,32,nntool-sq8-ne16(unknown)
base,320,0,265,_model_13_cv1_act_Mul_qin1,quantize,2.58,0.007874015748031496,0.0,32,nntool-sq8-ne16(unknown)
base,320,0,266,_model_13_cv1_act_Mul_qin0,quantize,0.49,0.05901699885725975,0.0,32,nntool-sq8-ne16(unknown)
base,320,0,267,_model_13_cv1_act_Mul,mul,0.21,0.058984216302633286,0.0,32,nntool-sq8-ne16(unknown)
base,320,0,268,_model_13_m_m_0_cv1_conv_Conv_qin0,quantize,0.22,0.030468471348285675,9.0,32,nntool-sq8-ne16(unknown)
base,320,0,269,_model_13_cv2_act_Sigmoid_qin0,quantize,0.06,0.000244140625,256.0,32,nntool-sq8-ne16(unknown)
base,320,0,270,_model_13_cv2_act_Sigmoid,sigmoid,5.0,0.00392156862745098,0.0,32,nntool-sq8-ne16(unknown)
base,320,0,271,_model_13_cv2_act_Mul_qin1,quantize,4.99,0.007874015748031496,0.0,32,nntool-sq8-ne16(unknown)
base,320,0,272,_model_13_cv2_act_Mul_qin0,quantize,0.92,0.05901699885725975,0.0,32,nntool-sq8-ne16(unknown)
base,320,0,273,_model_13_cv2_act_Mul,mul,0.89,0.04340731352567673,0.0,32,nntool-sq8-ne16(unknown)
base,320,0,274,_model_13_Concat_qin1,quantize,0.88,0.05932798609137535,0.0,32,nntool-sq8-ne16(unknown)
base,320,0,275,_model_13_m_m_0_cv1_conv_Conv_weights,constant,45.97,0.005784641485661268,128.0,32,nntool-sq8-ne16(unknown)
base,320,0,276,constant_model_13_m_0_cv1_conv_bias,constant,85.72,0.00017624918837100267,0.0,32,nntool-sq8-ne16(unknown)
base,320,0,277,_model_13_m_m_0_cv1_conv_Conv,conv2d,3.59,0.08177462965250015,142.0,32,nntool-sq8-ne16(unknown)
base,320,0,278,_model_13_m_m_0_cv1_act_Sigmoid_qin0,quantize,0.06,0.000244140625,256.0,32,nntool-sq8-ne16(unknown)
base,320,0,279,_model_13_m_m_0_cv1_act_Sigmoid,sigmoid,4.91,0.00392156862745098,0.0,32,nntool-sq8-ne16(unknown)
base,320,0,280,_model_13_m_m_0_cv1_act_Mul_qin1,quantize,4.89,0.007874015748031496,0.0,32,nntool-sq8-ne16(unknown)
base,320,0,281,_model_13_m_m_0_cv1_act_Mul_qin0,quantize,3.55,0.09041149914264679,0.0,32,nntool-sq8-ne16(unknown)
base,320,0,282,_model_13_m_m_0_cv1_act_Mul,mul,3.62,0.0730629488825798,0.0,32,nntool-sq8-ne16(unknown)
base,320,0,283,_model_13_m_m_0_cv2_conv_Conv_qin0,quantize,3.63,0.03748023137450218,7.0,32,nntool-sq8-ne16(unknown)
base,320,0,284,_model_13_m_m_0_cv2_conv_Conv_weights,constant,42.03,0.0019541915971785784,128.0,32,nntool-sq8-ne16(unknown)
base,320,0,285,constant_model_13_m_0_cv2_conv_bias,constant,98.2,7.32435510144569e-05,0.0,32,nntool-sq8-ne16(unknown)
base,320,0,286,_model_13_m_m_0_cv2_conv_Conv,conv2d,-0.86,0.06441176682710648,138.0,32,nntool-sq8-ne16(unknown)
base,320,0,287,_model_13_m_m_0_cv2_act_Sigmoid_qin0,quantize,-0.05,0.000244140625,256.0,32,nntool-sq8-ne16(unknown)
base,320,0,288,_model_13_m_m_0_cv2_act_Sigmoid,sigmoid,4.3,0.00392156862745098,0.0,32,nntool-sq8-ne16(unknown)
base,320,0,289,_model_13_m_m_0_cv2_act_Mul_qin1,quantize,4.29,0.007874015748031496,0.0,32,nntool-sq8-ne16(unknown)
base,320,0,290,_model_13_m_m_0_cv2_act_Mul_qin0,quantize,-0.85,0.06942451745271683,0.0,32,nntool-sq8-ne16(unknown)
base,320,0,291,_model_13_m_m_0_cv2_act_Mul,mul,1.09,0.05932798609137535,0.0,32,nntool-sq8-ne16(unknown)
base,320,0,292,_model_13_Concat,concat,0.98,0.05932798609137535,0.0,32,nntool-sq8-ne16(unknown)
base,320,0,293,_model_13_cv3_conv_Conv_qin0,quantize,0.99,0.030639681965112686,9.0,32,nntool-sq8-ne16(unknown)
base,320,0,294,_model_13_cv3_conv_Conv_weights,constant,44.26,0.004036481026560068,128.0,32,nntool-sq8-ne16(unknown)
base,320,0,295,constant_model_13_cv3_conv_bias,constant,84.48,0.00012367649469524622,0.0,32,nntool-sq8-ne16(unknown)
base,320,0,296,_model_13_cv3_conv_Conv,conv2d,-0.18,0.05829440429806709,147.0,32,nntool-sq8-ne16(unknown)
base,320,0,297,_model_13_cv3_act_Sigmoid_qin0,quantize,0.03,0.000244140625,256.0,32,nntool-sq8-ne16(unknown)
base,320,0,298,_model_13_cv3_act_Sigmoid,sigmoid,6.13,0.00392156862745098,0.0,32,nntool-sq8-ne16(unknown)
base,320,0,299,_model_13_cv3_act_Mul_qin1,quantize,6.12,0.007874015748031496,0.0,32,nntool-sq8-ne16(unknown)
base,320,0,300,_model_13_cv3_act_Mul_qin0,quantize,-0.18,0.06710877269506454,0.0,32,nntool-sq8-ne16(unknown)
base,320,0,301,_model_13_cv3_act_Mul,mul,0.74,0.04931778833270073,0.0,32,nntool-sq8-ne16(unknown)
base,320,0,302,_model_14_conv_Conv_qin0,quantize,0.74,0.02565421164035797,11.0,32,nntool-sq8-ne16(unknown)
base,320,0,303,_model_14_conv_Conv_weights,constant,43.6,0.0035814372822642326,128.0,32,nntool-sq8-ne16(unknown)
base,320,0,304,constant_model_14_conv_bias,constant,87.47,9.187895193463191e-05,0.0,32,nntool-sq8-ne16(unknown)
base,320,0,305,_model_14_conv_Conv,conv2d,0.59,0.04619039222598076,122.0,32,nntool-sq8-ne16(unknown)
base,320,0,306,_model_14_act_Sigmoid_qin0,quantize,0.02,0.000244140625,256.0,32,nntool-sq8-ne16(unknown)
base,320,0,307,_model_14_act_Sigmoid,sigmoid,9.33,0.00392156862745098,0.0,32,nntool-sq8-ne16(unknown)
base,320,0,308,_model_14_act_Mul_qin1,quantize,9.3,0.007874015748031496,0.0,32,nntool-sq8-ne16(unknown)
base,320,0,309,_model_14_act_Mul_qin0,quantize,0.58,0.048247918486595154,0.0,32,nntool-sq8-ne16(unknown)
base,320,0,310,_model_14_act_Mul,mul,1.04,0.05738004669547081,0.0,32,nntool-sq8-ne16(unknown)
base,320,0,311,_model_15_Resize,nearest_neighbor,1.04,0.05738004669547081,0.0,32,nntool-sq8-ne16(unknown)
base,320,0,312,_model_16_Concat,concat,0.88,0.05738004669547081,0.0,32,nntool-sq8-ne16(unknown)
base,320,0,313,_model_17_cv1_conv_Conv_qin0,quantize,0.88,0.029669530835806156,9.0,32,nntool-sq8-ne16(unknown)
base,320,0,314,_model_19_Concat_qin1,quantize,0.99,0.08534552901983261,0.0,32,nntool-sq8-ne16(unknown)
base,320,0,315,_model_17_cv1_conv_Conv_weights,constant,43.08,0.00291463197208941,128.0,32,nntool-sq8-ne16(unknown)
base,320,0,316,constant_model_17_cv1_conv_bias,constant,87.78,8.647576317093326e-05,0.0,32,nntool-sq8-ne16(unknown)
base,320,0,317,_model_17_cv1_conv_Conv,conv2d,1.01,0.062490373849868774,87.0,32,nntool-sq8-ne16(unknown)
base,320,0,318,_model_17_cv1_conv_Conv_split,split,1.19,0.062490373849868774,87.0,32,nntool-sq8-ne16(unknown)
base,320,0,319,_model_17_cv1_act_Sigmoid_qin0,quantize,0.03,0.000244140625,256.0,32,nntool-sq8-ne16(unknown)
base,320,0,320,_model_17_cv1_act_Sigmoid,sigmoid,4.41,0.00392156862745098,0.0,32,nntool-sq8-ne16(unknown)
base,320,0,321,_model_17_cv1_act_Mul_qin1,quantize,4.4,0.007874015748031496,0.0,32,nntool-sq8-ne16(unknown)
base,320,0,322,_model_17_cv1_act_Mul_qin0,quantize,1.19,0.08253978937864304,0.0,32,nntool-sq8-ne16(unknown)
base,320,0,323,_model_17_cv1_act_Mul,mul,1.48,0.08253747969865799,0.0,32,nntool-sq8-ne16(unknown)
base,320,0,324,_model_17_m_m_0_cv1_conv_Conv_qin0,quantize,1.5,0.042198918759822845,7.0,32,nntool-sq8-ne16(unknown)
base,320,0,325,_model_17_cv2_act_Sigmoid_qin0,quantize,0.01,0.000244140625,256.0,32,nntool-sq8-ne16(unknown)
base,320,0,326,_model_17_cv2_act_Sigmoid,sigmoid,7.54,0.00392156862745098,0.0,32,nntool-sq8-ne16(unknown)
base,320,0,327,_model_17_cv2_act_Mul_qin1,quantize,7.52,0.007874015748031496,0.0,32,nntool-sq8-ne16(unknown)
base,320,0,328,_model_17_cv2_act_Mul_qin0,quantize,0.74,0.08253978937864304,0.0,32,nntool-sq8-ne16(unknown)
base,320,0,329,_model_17_cv2_act_Mul,mul,1.12,0.060035403817892075,0.0,32,nntool-sq8-ne16(unknown)
base,320,0,330,_model_17_Concat_qin1,quantize,1.04,0.09902749210596085,0.0,32,nntool-sq8-ne16(unknown)
base,320,0,331,_model_17_m_m_0_cv1_conv_Conv_weights,constant,46.64,0.004703376442193985,128.0,32,nntool-sq8-ne16(unknown)
base,320,0,332,constant_model_17_m_0_cv1_conv_bias,constant,83.19,0.00019847739895340055,0.0,32,nntool-sq8-ne16(unknown)
base,320,0,333,_model_17_m_m_0_cv1_conv_Conv,conv2d,3.29,0.06912935525178909,0.0,32,nntool-sq8-ne16(unknown)
base,320,0,334,_model_17_m_m_0_cv1_act_Sigmoid_qin0,quantize,0.06,0.000244140625,256.0,32,nntool-sq8-ne16(unknown)
base,320,0,335,_model_17_m_m_0_cv1_act_Sigmoid,sigmoid,4.5,0.00392156862745098,0.0,32,nntool-sq8-ne16(unknown)
base,320,0,336,_model_17_m_m_0_cv1_act_Mul_qin1,quantize,4.48,0.007874015748031496,0.0,32,nntool-sq8-ne16(unknown)
base,320,0,337,_model_17_m_m_0_cv1_act_Mul,mul,3.31,0.06900519877672195,0.0,32,nntool-sq8-ne16(unknown)
base,320,0,338,_model_17_m_m_0_cv2_conv_Conv_qin0,quantize,3.3,0.03545931354165077,8.0,32,nntool-sq8-ne16(unknown)
base,320,0,339,_model_17_m_m_0_cv2_conv_Conv_weights,constant,42.44,0.002878223080188036,128.0,32,nntool-sq8-ne16(unknown)
base,320,0,340,constant_model_17_m_0_cv2_conv_bias,constant,96.38,0.00010205981379840523,0.0,32,nntool-sq8-ne16(unknown)
base,320,0,341,_model_17_m_m_0_cv2_conv_Conv,conv2d,-0.17,0.11703015863895416,148.0,32,nntool-sq8-ne16(unknown)
base,320,0,342,_model_17_m_m_0_cv2_act_Sigmoid_qin0,quantize,0.01,0.000244140625,256.0,32,nntool-sq8-ne16(unknown)
base,320,0,343,_model_17_m_m_0_cv2_act_Sigmoid,sigmoid,8.43,0.00392156862745098,0.0,32,nntool-sq8-ne16(unknown)
base,320,0,344,_model_17_m_m_0_cv2_act_Mul_qin1,quantize,8.39,0.007874015748031496,0.0,32,nntool-sq8-ne16(unknown)
base,320,0,345,_model_17_m_m_0_cv2_act_Mul_qin0,quantize,-0.18,0.1348918229341507,0.0,32,nntool-sq8-ne16(unknown)
base,320,0,346,_model_17_m_m_0_cv2_act_Mul,mul,1.48,0.09902749210596085,0.0,32,nntool-sq8-ne16(unknown)
base,320,0,347,_model_17_Concat,concat,1.34,0.09902749210596085,0.0,32,nntool-sq8-ne16(unknown)
base,320,0,348,_model_17_cv3_conv_Conv_qin0,quantize,1.33,0.050411589443683624,6.0,32,nntool-sq8-ne16(unknown)
base,320,0,349,_model_17_cv3_conv_Conv_weights,constant,44.1,0.006546579301357269,128.0,32,nntool-sq8-ne16(unknown)
base,320,0,350,constant_model_17_cv3_conv_bias,constant,83.59,0.00033002346754074097,0.0,32,nntool-sq8-ne16(unknown)
base,320,0,351,_model_17_cv3_conv_Conv,conv2d,2.33,0.10479424893856049,0.0,32,nntool-sq8-ne16(unknown)
base,320,0,352,_model_17_cv3_act_Sigmoid_qin0,quantize,0.02,0.000244140625,256.0,32,nntool-sq8-ne16(unknown)
base,320,0,353,_model_17_cv3_act_Sigmoid,sigmoid,5.26,0.00392156862745098,0.0,32,nntool-sq8-ne16(unknown)
base,320,0,354,_model_17_cv3_act_Mul_qin1,quantize,5.25,0.007874015748031496,0.0,32,nntool-sq8-ne16(unknown)
base,320,0,355,_model_17_cv3_act_Mul,mul,2.87,0.10399739444255829,0.0,32,nntool-sq8-ne16(unknown)
base,320,0,356,_model_18_conv_Conv_qin0,quantize,2.89,0.05288679897785187,5.0,32,nntool-sq8-ne16(unknown)
base,320,0,357,_model_18_conv_Conv_weights,constant,41.09,0.0006411582580767572,128.0,32,nntool-sq8-ne16(unknown)
base,320,0,358,constant_model_18_conv_bias,constant,90.46,3.390880738152191e-05,0.0,32,nntool-sq8-ne16(unknown)
base,320,0,359,_model_18_conv_Conv,conv2d,-0.66,0.09063147753477097,135.0,32,nntool-sq8-ne16(unknown)
base,320,0,360,_model_18_act_Sigmoid_qin0,quantize,-0.03,0.000244140625,256.0,32,nntool-sq8-ne16(unknown)
base,320,0,361,_model_18_act_Sigmoid,sigmoid,3.91,0.00392156862745098,0.0,32,nntool-sq8-ne16(unknown)
base,320,0,362,_model_18_act_Mul_qin1,quantize,3.9,0.007874015748031496,0.0,32,nntool-sq8-ne16(unknown)
base,320,0,363,_model_18_act_Mul_qin0,quantize,-0.74,0.09587446600198746,0.0,32,nntool-sq8-ne16(unknown)
base,320,0,364,_model_18_act_Mul,mul,0.43,0.08534552901983261,0.0,32,nntool-sq8-ne16(unknown)
base,320,0,365,_model_19_Concat,concat,0.71,0.08534552901983261,0.0,32,nntool-sq8-ne16(unknown)
base,320,0,366,_model_20_cv1_conv_Conv_qin0,quantize,0.71,0.04359743744134903,6.0,32,nntool-sq8-ne16(unknown)
base,320,0,367,_model_20_cv1_conv_Conv_weights,constant,43.53,0.004550701007246971,128.0,32,nntool-sq8-ne16(unknown)
base,320,0,368,constant_model_20_cv1_conv_bias,constant,83.91,0.00019839890592265874,0.0,32,nntool-sq8-ne16(unknown)
base,320,0,369,_model_20_cv1_conv_Conv,conv2d,0.7,0.06232476606965065,123.0,32,nntool-sq8-ne16(unknown)
base,320,0,370,_model_20_cv1_conv_Conv_split,split,0.29,0.06232476606965065,123.0,32,nntool-sq8-ne16(unknown)
base,320,0,371,_model_20_cv1_act_Sigmoid_qin0,quantize,0.0,0.000244140625,256.0,32,nntool-sq8-ne16(unknown)
base,320,0,372,_model_20_cv1_act_Sigmoid,sigmoid,4.25,0.00392156862745098,0.0,32,nntool-sq8-ne16(unknown)
base,320,0,373,_model_20_cv1_act_Mul_qin1,quantize,4.25,0.007874015748031496,0.0,32,nntool-sq8-ne16(unknown)
base,320,0,374,_model_20_cv1_act_Mul_qin0,quantize,0.28,0.0645517110824585,0.0,32,nntool-sq8-ne16(unknown)
base,320,0,375,_model_20_cv1_act_Mul,mul,0.5,0.06453395634889603,0.0,32,nntool-sq8-ne16(unknown)
base,320,0,376,_model_20_m_m_0_cv1_conv_Conv_qin0,quantize,0.5,0.03323245793581009,8.0,32,nntool-sq8-ne16(unknown)
base,320,0,377,_model_20_cv2_act_Sigmoid_qin0,quantize,0.06,0.000244140625,256.0,32,nntool-sq8-ne16(unknown)
base,320,0,378,_model_20_cv2_act_Sigmoid,sigmoid,7.04,0.00392156862745098,0.0,32,nntool-sq8-ne16(unknown)
base,320,0,379,_model_20_cv2_act_Mul_qin1,quantize,7.02,0.007874015748031496,0.0,32,nntool-sq8-ne16(unknown)
base,320,0,380,_model_20_cv2_act_Mul_qin0,quantize,1.11,0.0645517110824585,0.0,32,nntool-sq8-ne16(unknown)
base,320,0,381,_model_20_cv2_act_Mul,mul,1.34,0.04337241128087044,0.0,32,nntool-sq8-ne16(unknown)
base,320,0,382,_model_20_Concat_qin1,quantize,1.32,0.07503082603216171,0.0,32,nntool-sq8-ne16(unknown)
base,320,0,383,_model_20_m_m_0_cv1_conv_Conv_weights,constant,45.9,0.0031868633814156055,128.0,32,nntool-sq8-ne16(unknown)
base,320,0,384,constant_model_20_m_0_cv1_conv_bias,constant,85.86,0.00010590730380499735,0.0,32,nntool-sq8-ne16(unknown)
base,320,0,385,_model_20_m_m_0_cv1_conv_Conv,conv2d,0.8,0.07739634811878204,137.0,32,nntool-sq8-ne16(unknown)
base,320,0,386,_model_20_m_m_0_cv1_act_Sigmoid_qin0,quantize,0.04,0.000244140625,256.0,32,nntool-sq8-ne16(unknown)
base,320,0,387,_model_20_m_m_0_cv1_act_Sigmoid,sigmoid,4.47,0.00392156862745098,0.0,32,nntool-sq8-ne16(unknown)
base,320,0,388,_model_20_m_m_0_cv1_act_Mul_qin1,quantize,4.46,0.007874015748031496,0.0,32,nntool-sq8-ne16(unknown)
base,320,0,389,_model_20_m_m_0_cv1_act_Mul_qin0,quantize,0.79,0.08272310346364975,0.0,32,nntool-sq8-ne16(unknown)
base,320,0,390,_model_20_m_m_0_cv1_act_Mul,mul,1.04,0.07201998680830002,0.0,32,nntool-sq8-ne16(unknown)
base,320,0,391,_model_20_m_m_0_cv2_conv_Conv_qin0,quantize,1.05,0.036960795521736145,8.0,32,nntool-sq8-ne16(unknown)
base,320,0,392,_model_20_m_m_0_cv2_conv_Conv_weights,constant,40.55,0.0014943055575713515,128.0,32,nntool-sq8-ne16(unknown)
base,320,0,393,constant_model_20_m_0_cv2_conv_bias,constant,89.19,5.5230721045518294e-05,0.0,32,nntool-sq8-ne16(unknown)
base,320,0,394,_model_20_m_m_0_cv2_conv_Conv,conv2d,0.86,0.06950826942920685,118.0,32,nntool-sq8-ne16(unknown)
base,320,0,395,_model_20_m_m_0_cv2_act_Sigmoid_qin0,quantize,0.01,0.000244140625,256.0,32,nntool-sq8-ne16(unknown)
base,320,0,396,_model_20_m_m_0_cv2_act_Sigmoid,sigmoid,10.27,0.00392156862745098,0.0,32,nntool-sq8-ne16(unknown)
base,320,0,397,_model_20_m_m_0_cv2_act_Mul_qin1,quantize,10.23,0.007874015748031496,0.0,32,nntool-sq8-ne16(unknown)
base,320,0,398,_model_20_m_m_0_cv2_act_Mul_qin0,quantize,0.86,0.07503627985715866,0.0,32,nntool-sq8-ne16(unknown)
base,320,0,399,_model_20_m_m_0_cv2_act_Mul,mul,1.26,0.07503082603216171,0.0,32,nntool-sq8-ne16(unknown)
base,320,0,400,_model_20_Concat,concat,1.29,0.07503082603216171,0.0,32,nntool-sq8-ne16(unknown)
base,320,0,401,_model_20_cv3_conv_Conv_qin0,quantize,1.31,0.03846031054854393,7.0,32,nntool-sq8-ne16(unknown)
base,320,0,402,_model_20_cv3_conv_Conv_weights,constant,42.53,0.0020815180614590645,128.0,32,nntool-sq8-ne16(unknown)
base,320,0,403,constant_model_20_cv3_conv_bias,constant,88.32,8.005583367776126e-05,0.0,32,nntool-sq8-ne16(unknown)
base,320,0,404,_model_20_cv3_conv_Conv,conv2d,1.2,0.06115920469164848,109.0,32,nntool-sq8-ne16(unknown)
base,320,0,405,_model_20_cv3_act_Sigmoid_qin0,quantize,0.02,0.000244140625,256.0,32,nntool-sq8-ne16(unknown)
base,320,0,406,_model_20_cv3_act_Sigmoid,sigmoid,6.09,0.00392156862745098,0.0,32,nntool-sq8-ne16(unknown)
base,320,0,407,_model_20_cv3_act_Mul_qin1,quantize,6.08,0.007874015748031496,0.0,32,nntool-sq8-ne16(unknown)
base,320,0,408,_model_20_cv3_act_Mul_qin0,quantize,1.2,0.07023794203996658,0.0,32,nntool-sq8-ne16(unknown)
base,320,0,409,_model_20_cv3_act_Mul,mul,2.37,0.07022855430841446,0.0,32,nntool-sq8-ne16(unknown)
base,320,0,410,_model_21_conv_Conv_qin0,quantize,2.39,0.036068592220544815,8.0,32,nntool-sq8-ne16(unknown)
base,320,0,411,_model_21_conv_Conv_weights,constant,39.11,0.0013591524912044406,128.0,32,nntool-sq8-ne16(unknown)
base,320,0,412,constant_model_21_conv_bias,constant,93.26,4.902271757600829e-05,0.0,32,nntool-sq8-ne16(unknown)
base,320,0,413,_model_21_conv_Conv,conv2d,-0.44,0.0637335404753685,123.0,32,nntool-sq8-ne16(unknown)
base,320,0,414,_model_21_act_Sigmoid_qin0,quantize,-0.01,0.000244140625,256.0,32,nntool-sq8-ne16(unknown)
base,320,0,415,_model_21_act_Sigmoid,sigmoid,4.94,0.00392156862745098,0.0,32,nntool-sq8-ne16(unknown)
base,320,0,416,_model_21_act_Mul_qin1,quantize,4.93,0.007874015748031496,0.0,32,nntool-sq8-ne16(unknown)
base,320,0,417,_model_21_act_Mul_qin0,quantize,-0.48,0.06643716245889664,0.0,32,nntool-sq8-ne16(unknown)
base,320,0,418,_model_21_act_Mul,mul,0.26,0.06642277538776398,0.0,32,nntool-sq8-ne16(unknown)
base,320,0,419,_model_22_Concat,concat,0.72,0.06642277538776398,0.0,32,nntool-sq8-ne16(unknown)
base,320,0,420,_model_23_cv1_conv_Conv_qin0,quantize,0.72,0.03417316451668739,8.0,32,nntool-sq8-ne16(unknown)
base,320,0,421,_model_23_cv1_conv_Conv_weights,constant,41.85,0.002156321657821536,128.0,32,nntool-sq8-ne16(unknown)
base,320,0,422,constant_model_23_cv1_conv_bias,constant,85.11,7.368833757936954e-05,0.0,32,nntool-sq8-ne16(unknown)
base,320,0,423,_model_23_cv1_conv_Conv,conv2d,0.17,0.048306528478860855,116.0,32,nntool-sq8-ne16(unknown)
base,320,0,424,_model_23_cv1_conv_Conv_split,split,0.1,0.048306528478860855,116.0,32,nntool-sq8-ne16(unknown)
base,320,0,425,_model_23_cv1_act_Sigmoid_qin0,quantize,0.02,0.000244140625,256.0,32,nntool-sq8-ne16(unknown)
base,320,0,426,_model_23_cv1_act_Sigmoid,sigmoid,3.65,0.00392156862745098,0.0,32,nntool-sq8-ne16(unknown)
base,320,0,427,_model_23_cv1_act_Mul_qin1,quantize,3.64,0.007874015748031496,0.0,32,nntool-sq8-ne16(unknown)
base,320,0,428,_model_23_cv1_act_Mul_qin0,quantize,0.11,0.05273779109120369,0.0,32,nntool-sq8-ne16(unknown)
base,320,0,429,_model_23_cv1_act_Mul,mul,0.31,0.05267281085252762,0.0,32,nntool-sq8-ne16(unknown)
base,320,0,430,_model_23_m_m_0_cv1_conv_Conv_qin0,quantize,0.31,0.027325144037604332,10.0,32,nntool-sq8-ne16(unknown)
base,320,0,431,_model_23_cv2_act_Sigmoid_qin0,quantize,0.02,0.000244140625,256.0,32,nntool-sq8-ne16(unknown)
base,320,0,432,_model_23_cv2_act_Sigmoid,sigmoid,6.64,0.00392156862745098,0.0,32,nntool-sq8-ne16(unknown)
base,320,0,433,_model_23_cv2_act_Mul_qin1,quantize,6.63,0.007874015748031496,0.0,32,nntool-sq8-ne16(unknown)
base,320,0,434,_model_23_cv2_act_Mul_qin0,quantize,0.24,0.05273779109120369,0.0,32,nntool-sq8-ne16(unknown)
base,320,0,435,_model_23_cv2_act_Mul,mul,0.67,0.048259370028972626,0.0,32,nntool-sq8-ne16(unknown)
base,320,0,436,_model_23_Concat_qin1,quantize,0.62,0.06731622666120529,0.0,32,nntool-sq8-ne16(unknown)
base,320,0,437,_model_23_m_m_0_cv1_conv_Conv_weights,constant,44.86,0.002950777066871524,128.0,32,nntool-sq8-ne16(unknown)
base,320,0,438,constant_model_23_m_0_cv1_conv_bias,constant,86.3,8.063040877459571e-05,0.0,32,nntool-sq8-ne16(unknown)
base,320,0,439,_model_23_m_m_0_cv1_conv_Conv,conv2d,0.61,0.07155609130859375,108.0,32,nntool-sq8-ne16(unknown)
base,320,0,440,_model_23_m_m_0_cv1_act_Sigmoid_qin0,quantize,0.01,0.000244140625,256.0,32,nntool-sq8-ne16(unknown)
base,320,0,441,_model_23_m_m_0_cv1_act_Sigmoid,sigmoid,4.19,0.00392156862745098,0.0,32,nntool-sq8-ne16(unknown)
base,320,0,442,_model_23_m_m_0_cv1_act_Mul_qin1,quantize,4.18,0.007874015748031496,0.0,32,nntool-sq8-ne16(unknown)
base,320,0,443,_model_23_m_m_0_cv1_act_Mul_qin0,quantize,0.61,0.08291737735271454,0.0,32,nntool-sq8-ne16(unknown)
base,320,0,444,_model_23_m_m_0_cv1_act_Mul,mul,1.05,0.08291516453027725,0.0,32,nntool-sq8-ne16(unknown)
base,320,0,445,_model_23_m_m_0_cv2_conv_Conv_qin0,quantize,1.06,0.04238701984286308,7.0,32,nntool-sq8-ne16(unknown)
base,320,0,446,_model_23_m_m_0_cv2_conv_Conv_weights,constant,38.9,0.000656072807032615,128.0,32,nntool-sq8-ne16(unknown)
base,320,0,447,constant_model_23_m_0_cv2_conv_bias,constant,88.71,2.7808971935883164e-05,0.0,32,nntool-sq8-ne16(unknown)
base,320,0,448,_model_23_m_m_0_cv2_conv_Conv,conv2d,0.37,0.058090437203645706,108.0,32,nntool-sq8-ne16(unknown)
base,320,0,449,_model_23_m_m_0_cv2_act_Sigmoid_qin0,quantize,0.01,0.000244140625,256.0,32,nntool-sq8-ne16(unknown)
base,320,0,450,_model_23_m_m_0_cv2_act_Sigmoid,sigmoid,5.75,0.00392156862745098,0.0,32,nntool-sq8-ne16(unknown)
base,320,0,451,_model_23_m_m_0_cv2_act_Mul_qin1,quantize,5.74,0.007874015748031496,0.0,32,nntool-sq8-ne16(unknown)
base,320,0,452,_model_23_m_m_0_cv2_act_Mul_qin0,quantize,0.37,0.06732924282550812,0.0,32,nntool-sq8-ne16(unknown)
base,320,0,453,_model_23_m_m_0_cv2_act_Mul,mul,0.79,0.06731622666120529,0.0,32,nntool-sq8-ne16(unknown)
base,320,0,454,_model_23_Concat,concat,0.71,0.06731622666120529,0.0,32,nntool-sq8-ne16(unknown)
base,320,0,455,_model_23_cv3_conv_Conv_qin0,quantize,0.71,0.03461813926696777,8.0,32,nntool-sq8-ne16(unknown)
base,320,0,456,_model_23_cv3_conv_Conv_weights,constant,41.62,0.0009217553306370974,128.0,32,nntool-sq8-ne16(unknown)
base,320,0,457,constant_model_23_cv3_conv_bias,constant,89.35,3.190945426467806e-05,0.0,32,nntool-sq8-ne16(unknown)
base,320,0,458,_model_23_cv3_conv_Conv,conv2d,1.7,0.0414009615778923,144.0,32,nntool-sq8-ne16(unknown)
base,320,0,459,_model_23_cv3_act_Sigmoid_qin0,quantize,0.07,0.000244140625,256.0,32,nntool-sq8-ne16(unknown)
base,320,0,460,_model_23_cv3_act_Sigmoid,sigmoid,6.36,0.00392156862745098,0.0,32,nntool-sq8-ne16(unknown)
base,320,0,461,_model_23_cv3_act_Mul_qin1,quantize,6.35,0.007874015748031496,0.0,32,nntool-sq8-ne16(unknown)
base,320,0,462,_model_23_cv3_act_Mul_qin0,quantize,1.71,0.04658634960651398,0.0,32,nntool-sq8-ne16(unknown)
base,320,0,463,_model_23_cv3_act_Mul,mul,2.78,0.03581266850233078,0.0,32,nntool-sq8-ne16(unknown)
base,320,0,464,_model_24_m_2_Conv_qin0,quantize,2.77,0.018928131088614464,15.0,32,nntool-sq8-ne16(unknown)
base,320,0,465,_model_24_m_0_Conv_weights,constant,44.07,0.003085399279370904,128.0,32,nntool-sq8-ne16(unknown)
base,320,0,466,constant_model_24_m_0_bias,constant,92.78,0.00016317689733114094,0.0,32,nntool-sq8-ne16(unknown)
base,320,0,467,_model_24_m_0_Conv,conv2d,11.51,0.13023242354393005,128.0,32,nntool-sq8-ne16(unknown)
base,320,0,468,output_1,output,11.51,0.13023242354393005,128.0,32,nntool-sq8-ne16(unknown)
base,320,0,469,_model_24_m_1_Conv_weights,constant,41.38,0.0033487635664641857,128.0,32,nntool-sq8-ne16(unknown)
base,320,0,470,constant_model_24_m_1_bias,constant,92.53,0.00012078518921043724,0.0,32,nntool-sq8-ne16(unknown)
base,320,0,471,_model_24_m_1_Conv,conv2d,10.7,0.07306750118732452,171.0,32,nntool-sq8-ne16(unknown)
base,320,0,472,output_2_qin0,quantize,10.68,0.09751036763191223,128.0,32,nntool-sq8-ne16(unknown)
base,320,0,473,output_2,output,10.68,0.09751036763191223,128.0,32,nntool-sq8-ne16(unknown)
base,320,0,474,_model_24_m_2_Conv_weights,constant,39.86,0.0034006673377007246,128.0,32,nntool-sq8-ne16(unknown)
base,320,0,475,constant_model_24_m_2_bias,constant,99.5,6.436827970901504e-05,0.0,32,nntool-sq8-ne16(unknown)
base,320,0,476,_model_24_m_2_Conv,conv2d,11.03,0.0752098485827446,167.0,32,nntool-sq8-ne16(unknown)
base,320,0,477,output_3_qin0,quantize,10.98,0.09794075042009354,128.0,32,nntool-sq8-ne16(unknown)
base,320,0,478,output_3,output,10.98,0.09794075042009354,128.0,32,nntool-sq8-ne16(unknown)
base,320,0,0,input_1,input,120.0,0.003921568859368563,0.0,32,nntool-sq8-ne16(unknown)
base,320,0,1,DEQUANTIZE_0_54,constant,41.87,0.04601377993822098,128.0,32,nntool-sq8-ne16(unknown)
base,320,0,2,DEQUANTIZE_0_0,constant,99.37,0.00018044620810542256,0.0,32,nntool-sq8-ne16(unknown)
base,320,0,3,CONV_2D_0_120,conv2d,26.07,0.23691526055335999,120.0,32,nntool-sq8-ne16(unknown)
base,320,0,4,LOGISTIC_0_121_qin0,quantize,0.04,0.000244140625,256.0,32,nntool-sq8-ne16(unknown)
base,320,0,5,LOGISTIC_0_121,sigmoid,7.48,0.00392156862745098,0.0,32,nntool-sq8-ne16(unknown)
base,320,0,6,MUL_0_122_qin1,quantize,7.44,0.007874015748031496,0.0,32,nntool-sq8-ne16(unknown)
base,320,0,7,MUL_0_122_qin0,quantize,23.34,0.25140681862831116,0.0,32,nntool-sq8-ne16(unknown)
base,320,0,8,MUL_0_122,mul,6.4,0.25140681862831116,0.0,32,nntool-sq8-ne16(unknown)
base,320,0,9,CONV_2D_0_124_qin0,quantize,6.45,0.12630246579647064,2.0,32,nntool-sq8-ne16(unknown)
base,320,0,10,DEQUANTIZE_0_55,constant,42.76,0.0014821450458839536,128.0,32,nntool-sq8-ne16(unknown)
base,320,0,11,DEQUANTIZE_0_1,constant,85.37,0.00018719857325777411,0.0,32,nntool-sq8-ne16(unknown)
base,320,0,12,CONV_2D_0_124,conv2d,4.36,0.10811321437358856,141.0,32,nntool-sq8-ne16(unknown)
base,320,0,13,LOGISTIC_0_125_qin0,quantize,0.03,0.000244140625,256.0,32,nntool-sq8-ne16(unknown)
base,320,0,14,LOGISTIC_0_125,sigmoid,7.48,0.00392156862745098,0.0,32,nntool-sq8-ne16(unknown)
base,320,0,15,MUL_0_126_qin1,quantize,7.45,0.007874015748031496,0.0,32,nntool-sq8-ne16(unknown)
base,320,0,16,MUL_0_126_qin0,quantize,4.36,0.11881789565086365,0.0,32,nntool-sq8-ne16(unknown)
base,320,0,17,MUL_0_126,mul,4.54,0.09732381999492645,0.0,32,nntool-sq8-ne16(unknown)
base,320,0,18,CONV_2D_0_127_qin0,quantize,4.59,0.049563098698854446,6.0,32,nntool-sq8-ne16(unknown)
base,320,0,19,DEQUANTIZE_0_56,constant,46.51,0.0029200755525380373,128.0,32,nntool-sq8-ne16(unknown)
base,320,0,20,DEQUANTIZE_0_2,constant,84.67,0.00014472799375653267,0.0,32,nntool-sq8-ne16(unknown)
base,320,0,21,CONV_2D_0_127,conv2d,2.73,0.07151875644922256,153.0,32,nntool-sq8-ne16(unknown)
base,320,0,22,CONV_2D_0_127_split,split,4.25,0.07151875644922256,153.0,32,nntool-sq8-ne16(unknown)
base,320,0,23,LOGISTIC_0_128_qin0,quantize,-0.0,0.000244140625,256.0,32,nntool-sq8-ne16(unknown)
base,320,0,24,LOGISTIC_0_128,sigmoid,7.49,0.00392156862745098,0.0,32,nntool-sq8-ne16(unknown)
base,320,0,25,MUL_0_129_qin1,quantize,7.46,0.007874015748031496,0.0,32,nntool-sq8-ne16(unknown)
base,320,0,26,MUL_0_129_qin0,quantize,4.23,0.08536854386329651,0.0,32,nntool-sq8-ne16(unknown)
base,320,0,27,MUL_0_129,mul,3.8,0.04662115499377251,0.0,32,nntool-sq8-ne16(unknown)
base,320,0,28,CONV_2D_0_130_qin0,quantize,3.79,0.024311181157827377,11.0,32,nntool-sq8-ne16(unknown)
base,320,0,29,LOGISTIC_0_138_qin0,quantize,0.08,0.000244140625,256.0,32,nntool-sq8-ne16(unknown)
base,320,0,30,LOGISTIC_0_138,sigmoid,4.2,0.00392156862745098,0.0,32,nntool-sq8-ne16(unknown)
base,320,0,31,MUL_0_139_qin1,quantize,4.18,0.007874015748031496,0.0,32,nntool-sq8-ne16(unknown)
base,320,0,32,MUL_0_139_qin0,quantize,2.18,0.08536854386329651,0.0,32,nntool-sq8-ne16(unknown)
base,320,0,33,MUL_0_139,mul,1.85,0.05752144753932953,0.0,32,nntool-sq8-ne16(unknown)
base,320,0,34,CONCATENATION_0_140_qin1,quantize,1.87,0.0909450426697731,0.0,32,nntool-sq8-ne16(unknown)
base,320,0,35,DEQUANTIZE_0_57,constant,48.33,0.010211613960564137,128.0,32,nntool-sq8-ne16(unknown)
base,320,0,36,DEQUANTIZE_0_3,constant,86.29,0.0002482564013916999,0.0,32,nntool-sq8-ne16(unknown)
base,320,0,37,CONV_2D_0_130,conv2d,3.51,0.04717402905225754,124.0,32,nntool-sq8-ne16(unknown)
base,320,0,38,LOGISTIC_0_131_qin0,quantize,0.02,0.000244140625,256.0,32,nntool-sq8-ne16(unknown)
base,320,0,39,LOGISTIC_0_131,sigmoid,5.15,0.00392156862745098,0.0,32,nntool-sq8-ne16(unknown)
base,320,0,40,MUL_0_132_qin1,quantize,5.13,0.007874015748031496,0.0,32,nntool-sq8-ne16(unknown)
base,320,0,41,MUL_0_132_qin0,quantize,3.54,0.04871455952525139,0.0,32,nntool-sq8-ne16(unknown)
base,320,0,42,MUL_0_132,mul,3.42,0.048614583909511566,0.0,32,nntool-sq8-ne16(unknown)
base,320,0,43,CONV_2D_0_133_qin0,quantize,3.43,0.02530398778617382,11.0,32,nntool-sq8-ne16(unknown)
base,320,0,44,DEQUANTIZE_0_58,constant,42.27,0.00577479088678956,128.0,32,nntool-sq8-ne16(unknown)
base,320,0,45,DEQUANTIZE_0_4,constant,100.85,0.00014612523955293,0.0,32,nntool-sq8-ne16(unknown)
base,320,0,46,CONV_2D_0_133,conv2d,0.05,0.06915882229804993,127.0,32,nntool-sq8-ne16(unknown)
base,320,0,47,LOGISTIC_0_134_qin0,quantize,-0.0,0.000244140625,256.0,32,nntool-sq8-ne16(unknown)
base,320,0,48,LOGISTIC_0_134,sigmoid,8.48,0.00392156862745098,0.0,32,nntool-sq8-ne16(unknown)
base,320,0,49,MUL_0_135_qin1,quantize,8.45,0.007874015748031496,0.0,32,nntool-sq8-ne16(unknown)
base,320,0,50,MUL_0_135_qin0,quantize,0.02,0.06962346285581589,0.0,32,nntool-sq8-ne16(unknown)
base,320,0,51,MUL_0_135,mul,2.21,0.06961340457201004,0.0,32,nntool-sq8-ne16(unknown)
base,320,0,52,ADD_0_136,add,4.45,0.0909450426697731,0.0,32,nntool-sq8-ne16(unknown)
base,320,0,53,CONCATENATION_0_140,concat,3.43,0.0909450426697731,0.0,32,nntool-sq8-ne16(unknown)
base,320,0,54,CONV_2D_0_141_qin0,quantize,3.42,0.04747823253273964,12.0,32,nntool-sq8-ne16(unknown)
base,320,0,55,DEQUANTIZE_0_60,constant,46.09,0.006709061097353697,128.0,32,nntool-sq8-ne16(unknown)
base,320,0,56,DEQUANTIZE_0_6,constant,80.75,0.0003185343521181494,0.0,32,nntool-sq8-ne16(unknown)
base,320,0,57,CONV_2D_0_141,conv2d,0.63,0.08211535215377808,134.0,32,nntool-sq8-ne16(unknown)
base,320,0,58,LOGISTIC_0_142_qin0,quantize,0.06,0.000244140625,256.0,32,nntool-sq8-ne16(unknown)
base,320,0,59,LOGISTIC_0_142,sigmoid,3.8,0.00392156862745098,0.0,32,nntool-sq8-ne16(unknown)
base,320,0,60,MUL_0_143_qin1,quantize,3.79,0.007874015748031496,0.0,32,nntool-sq8-ne16(unknown)
base,320,0,61,MUL_0_143_qin0,quantize,0.64,0.08611128479242325,0.0,32,nntool-sq8-ne16(unknown)
base,320,0,62,MUL_0_143,mul,1.06,0.07808410376310349,0.0,32,nntool-sq8-ne16(unknown)
base,320,0,63,CONV_2D_0_145_qin0,quantize,1.06,0.03998096287250519,7.0,32,nntool-sq8-ne16(unknown)
base,320,0,64,DEQUANTIZE_0_61,constant,41.79,0.0018118310254067183,128.0,32,nntool-sq8-ne16(unknown)
base,320,0,65,DEQUANTIZE_0_7,constant,90.19,7.243875006679446e-05,0.0,32,nntool-sq8-ne16(unknown)
base,320,0,66,CONV_2D_0_145,conv2d,0.28,0.10695739090442657,145.0,32,nntool-sq8-ne16(unknown)
base,320,0,67,LOGISTIC_0_146_qin0,quantize,0.04,0.000244140625,256.0,32,nntool-sq8-ne16(unknown)
base,320,0,68,LOGISTIC_0_146,sigmoid,4.97,0.00392156862745098,0.0,32,nntool-sq8-ne16(unknown)
base,320,0,69,MUL_0_147_qin1,quantize,4.96,0.007874015748031496,0.0,32,nntool-sq8-ne16(unknown)
base,320,0,70,MUL_0_147_qin0,quantize,0.3,0.1214250698685646,0.0,32,nntool-sq8-ne16(unknown)
base,320,0,71,MUL_0_147,mul,0.83,0.09237505495548248,0.0,32,nntool-sq8-ne16(unknown)
base,320,0,72,CONV_2D_0_148_qin0,quantize,0.84,0.047098416835069656,6.0,32,nntool-sq8-ne16(unknown)
base,320,0,73,DEQUANTIZE_0_62,constant,45.12,0.0034218134824186563,128.0,32,nntool-sq8-ne16(unknown)
base,320,0,74,DEQUANTIZE_0_8,constant,78.0,0.00016116199549287558,0.0,32,nntool-sq8-ne16(unknown)
base,320,0,75,CONV_2D_0_148,conv2d,0.33,0.07316236197948456,124.0,32,nntool-sq8-ne16(unknown)
base,320,0,76,CONV_2D_0_148_split,split,1.07,0.07316236197948456,124.0,32,nntool-sq8-ne16(unknown)
base,320,0,77,LOGISTIC_0_149_qin0,quantize,0.03,0.000244140625,256.0,32,nntool-sq8-ne16(unknown)
base,320,0,78,LOGISTIC_0_149,sigmoid,10.22,0.00392156862745098,0.0,32,nntool-sq8-ne16(unknown)
base,320,0,79,MUL_0_150_qin1,quantize,10.18,0.007874015748031496,0.0,32,nntool-sq8-ne16(unknown)
base,320,0,80,MUL_0_150_qin0,quantize,1.1,0.0754719227552414,0.0,32,nntool-sq8-ne16(unknown)
base,320,0,81,MUL_0_150,mul,1.51,0.05032746121287346,0.0,32,nntool-sq8-ne16(unknown)
base,320,0,82,CONV_2D_0_151_qin0,quantize,1.54,0.026157068088650703,11.0,32,nntool-sq8-ne16(unknown)
base,320,0,83,LOGISTIC_0_159_qin0,quantize,-0.0,0.000244140625,256.0,32,nntool-sq8-ne16(unknown)
base,320,0,84,LOGISTIC_0_159,sigmoid,4.57,0.00392156862745098,0.0,32,nntool-sq8-ne16(unknown)
base,320,0,85,MUL_0_160_qin1,quantize,4.56,0.007874015748031496,0.0,32,nntool-sq8-ne16(unknown)
base,320,0,86,MUL_0_160_qin0,quantize,0.03,0.0754719227552414,0.0,32,nntool-sq8-ne16(unknown)
base,320,0,87,MUL_0_160,mul,0.78,0.07546673715114594,0.0,32,nntool-sq8-ne16(unknown)
base,320,0,88,CONCATENATION_0_161_qin1,quantize,0.78,0.07583151012659073,0.0,32,nntool-sq8-ne16(unknown)
base,320,0,89,DEQUANTIZE_0_63,constant,46.44,0.007385734468698502,128.0,32,nntool-sq8-ne16(unknown)
base,320,0,90,DEQUANTIZE_0_9,constant,87.79,0.0001931891601998359,0.0,32,nntool-sq8-ne16(unknown)
base,320,0,91,CONV_2D_0_151,conv2d,1.52,0.05571155622601509,132.0,32,nntool-sq8-ne16(unknown)
base,320,0,92,LOGISTIC_0_152_qin0,quantize,0.02,0.000244140625,256.0,32,nntool-sq8-ne16(unknown)
base,320,0,93,LOGISTIC_0_152,sigmoid,4.75,0.00392156862745098,0.0,32,nntool-sq8-ne16(unknown)
base,320,0,94,MUL_0_153_qin1,quantize,4.74,0.007874015748031496,0.0,32,nntool-sq8-ne16(unknown)
base,320,0,95,MUL_0_153_qin0,quantize,1.5,0.057566285133361816,0.0,32,nntool-sq8-ne16(unknown)
base,320,0,96,MUL_0_153,mul,2.27,0.05378454551100731,0.0,32,nntool-sq8-ne16(unknown)
base,320,0,97,CONV_2D_0_154_qin0,quantize,2.28,0.027878832072019577,10.0,32,nntool-sq8-ne16(unknown)
base,320,0,98,DEQUANTIZE_0_64,constant,42.03,0.0029335322324186563,128.0,32,nntool-sq8-ne16(unknown)
base,320,0,99,DEQUANTIZE_0_10,constant,91.57,8.17834516055882e-05,0.0,32,nntool-sq8-ne16(unknown)
base,320,0,100,CONV_2D_0_154,conv2d,0.32,0.06500641256570816,134.0,32,nntool-sq8-ne16(unknown)
base,320,0,101,LOGISTIC_0_155_qin0,quantize,0.03,0.000244140625,256.0,32,nntool-sq8-ne16(unknown)
base,320,0,102,LOGISTIC_0_155,sigmoid,4.49,0.00392156862745098,0.0,32,nntool-sq8-ne16(unknown)
base,320,0,103,MUL_0_156_qin1,quantize,4.48,0.007874015748031496,0.0,32,nntool-sq8-ne16(unknown)
base,320,0,104,MUL_0_156_qin0,quantize,0.29,0.06789443641901016,0.0,32,nntool-sq8-ne16(unknown)
base,320,0,105,MUL_0_156,mul,0.84,0.06207231804728508,0.0,32,nntool-sq8-ne16(unknown)
base,320,0,106,ADD_0_157,add,1.6,0.07583151012659073,0.0,32,nntool-sq8-ne16(unknown)
base,320,0,107,CONCATENATION_0_161,concat,1.19,0.07583151012659073,0.0,32,nntool-sq8-ne16(unknown)
base,320,0,108,CONV_2D_0_162_qin0,quantize,1.2,0.03995109722018242,14.0,32,nntool-sq8-ne16(unknown)
base,320,0,109,DEQUANTIZE_0_66,constant,45.53,0.002472164109349251,128.0,32,nntool-sq8-ne16(unknown)
base,320,0,110,DEQUANTIZE_0_12,constant,84.28,9.876566764432937e-05,0.0,32,nntool-sq8-ne16(unknown)
base,320,0,111,CONV_2D_0_162,conv2d,0.2,0.05634232610464096,126.0,32,nntool-sq8-ne16(unknown)
base,320,0,112,LOGISTIC_0_163_qin0,quantize,0.07,0.000244140625,256.0,32,nntool-sq8-ne16(unknown)
base,320,0,113,LOGISTIC_0_163,sigmoid,4.51,0.00392156862745098,0.0,32,nntool-sq8-ne16(unknown)
base,320,0,114,MUL_0_164_qin1,quantize,4.5,0.007874015748031496,0.0,32,nntool-sq8-ne16(unknown)
base,320,0,115,MUL_0_164_qin0,quantize,0.18,0.05742398276925087,0.0,32,nntool-sq8-ne16(unknown)
base,320,0,116,MUL_0_164,mul,0.69,0.05738493427634239,0.0,32,nntool-sq8-ne16(unknown)
base,320,0,117,CONV_2D_0_166_qin0,quantize,0.69,0.029671967029571533,9.0,32,nntool-sq8-ne16(unknown)
base,320,0,118,DEQUANTIZE_0_67,constant,42.19,0.0013014425057917833,128.0,32,nntool-sq8-ne16(unknown)
base,320,0,119,DEQUANTIZE_0_13,constant,90.18,3.86163592338562e-05,0.0,32,nntool-sq8-ne16(unknown)
base,320,0,120,CONV_2D_0_166,conv2d,-0.14,0.05826827883720398,139.0,32,nntool-sq8-ne16(unknown)
base,320,0,121,LOGISTIC_0_167_qin0,quantize,0.0,0.000244140625,256.0,32,nntool-sq8-ne16(unknown)
base,320,0,122,LOGISTIC_0_167,sigmoid,3.44,0.00392156862745098,0.0,32,nntool-sq8-ne16(unknown)
base,320,0,123,MUL_0_168_qin1,quantize,3.43,0.007874015748031496,0.0,32,nntool-sq8-ne16(unknown)
base,320,0,124,MUL_0_168_qin0,quantize,-0.15,0.06343884766101837,0.0,32,nntool-sq8-ne16(unknown)
base,320,0,125,MUL_0_168,mul,0.48,0.05299421399831772,0.0,32,nntool-sq8-ne16(unknown)
base,320,0,126,CONV_2D_0_169_qin0,quantize,0.49,0.027485216036438942,10.0,32,nntool-sq8-ne16(unknown)
base,320,0,127,DEQUANTIZE_0_68,constant,44.5,0.0033468410838395357,128.0,32,nntool-sq8-ne16(unknown)
base,320,0,128,DEQUANTIZE_0_14,constant,84.83,9.198865154758096e-05,0.0,32,nntool-sq8-ne16(unknown)
base,320,0,129,CONV_2D_0_169,conv2d,0.15,0.05800112709403038,111.0,32,nntool-sq8-ne16(unknown)
base,320,0,130,CONV_2D_0_169_split,split,0.27,0.05800112709403038,111.0,32,nntool-sq8-ne16(unknown)
base,320,0,131,LOGISTIC_0_170_qin0,quantize,-0.02,0.000244140625,256.0,32,nntool-sq8-ne16(unknown)
base,320,0,132,LOGISTIC_0_170,sigmoid,6.03,0.00392156862745098,0.0,32,nntool-sq8-ne16(unknown)
base,320,0,133,MUL_0_171_qin1,quantize,6.02,0.007874015748031496,0.0,32,nntool-sq8-ne16(unknown)
base,320,0,134,MUL_0_171_qin0,quantize,0.26,0.06584347039461136,0.0,32,nntool-sq8-ne16(unknown)
base,320,0,135,MUL_0_171,mul,0.77,0.038447268307209015,0.0,32,nntool-sq8-ne16(unknown)
base,320,0,136,CONV_2D_0_172_qin0,quantize,0.79,0.020240265876054764,14.0,32,nntool-sq8-ne16(unknown)
base,320,0,137,LOGISTIC_0_180_qin0,quantize,-0.0,0.000244140625,256.0,32,nntool-sq8-ne16(unknown)
base,320,0,138,LOGISTIC_0_180,sigmoid,4.86,0.00392156862745098,0.0,32,nntool-sq8-ne16(unknown)
base,320,0,139,MUL_0_181_qin1,quantize,4.85,0.007874015748031496,0.0,32,nntool-sq8-ne16(unknown)
base,320,0,140,MUL_0_181_qin0,quantize,0.1,0.06584347039461136,0.0,32,nntool-sq8-ne16(unknown)
base,320,0,141,MUL_0_181,mul,0.74,0.0658280998468399,0.0,32,nntool-sq8-ne16(unknown)
base,320,0,142,DEQUANTIZE_0_69,constant,45.1,0.008150836452841759,128.0,32,nntool-sq8-ne16(unknown)
base,320,0,143,DEQUANTIZE_0_15,constant,83.7,0.00016497509204782546,0.0,32,nntool-sq8-ne16(unknown)
base,320,0,144,CONV_2D_0_172,conv2d,-0.17,0.0634055882692337,136.0,32,nntool-sq8-ne16(unknown)
base,320,0,145,LOGISTIC_0_173_qin0,quantize,0.02,0.000244140625,256.0,32,nntool-sq8-ne16(unknown)
base,320,0,146,LOGISTIC_0_173,sigmoid,4.55,0.00392156862745098,0.0,32,nntool-sq8-ne16(unknown)
base,320,0,147,MUL_0_174_qin1,quantize,4.55,0.007874015748031496,0.0,32,nntool-sq8-ne16(unknown)
base,320,0,148,MUL_0_174_qin0,quantize,-0.17,0.06722820550203323,0.0,32,nntool-sq8-ne16(unknown)
base,320,0,149,MUL_0_174,mul,0.66,0.05952196568250656,0.0,32,nntool-sq8-ne16(unknown)
base,320,0,150,CONV_2D_0_175_qin0,quantize,0.66,0.030736291781067848,9.0,32,nntool-sq8-ne16(unknown)
base,320,0,151,DEQUANTIZE_0_70,constant,42.33,0.001208207686431706,128.0,32,nntool-sq8-ne16(unknown)
base,320,0,152,DEQUANTIZE_0_16,constant,91.26,3.7135825550649315e-05,0.0,32,nntool-sq8-ne16(unknown)
base,320,0,153,CONV_2D_0_175,conv2d,-0.06,0.06587649881839752,142.0,32,nntool-sq8-ne16(unknown)
base,320,0,154,LOGISTIC_0_176_qin0,quantize,0.01,0.000244140625,256.0,32,nntool-sq8-ne16(unknown)
base,320,0,155,LOGISTIC_0_176,sigmoid,4.4,0.00392156862745098,0.0,32,nntool-sq8-ne16(unknown)
base,320,0,156,MUL_0_177_qin1,quantize,4.4,0.007874015748031496,0.0,32,nntool-sq8-ne16(unknown)
base,320,0,157,MUL_0_177_qin0,quantize,-0.04,0.07315314561128616,0.0,32,nntool-sq8-ne16(unknown)
base,320,0,158,MUL_0_177,mul,0.55,0.058508023619651794,0.0,32,nntool-sq8-ne16(unknown)
base,320,0,159,ADD_0_178,add,1.26,0.0658280998468399,0.0,32,nntool-sq8-ne16(unknown)
base,320,0,160,CONCATENATION_0_182,concat,0.99,0.0658280998468399,0.0,32,nntool-sq8-ne16(unknown)
base,320,0,161,CONV_2D_0_183_qin0,quantize,1.0,0.03496900200843811,16.0,32,nntool-sq8-ne16(unknown)
base,320,0,162,DEQUANTIZE_0_72,constant,44.71,0.002852792851626873,128.0,32,nntool-sq8-ne16(unknown)
base,320,0,163,DEQUANTIZE_0_18,constant,85.69,9.975931607186794e-05,0.0,32,nntool-sq8-ne16(unknown)
base,320,0,164,CONV_2D_0_183,conv2d,-0.18,0.05680571123957634,141.0,32,nntool-sq8-ne16(unknown)
base,320,0,165,LOGISTIC_0_184_qin0,quantize,0.01,0.000244140625,256.0,32,nntool-sq8-ne16(unknown)
base,320,0,166,LOGISTIC_0_184,sigmoid,4.95,0.00392156862745098,0.0,32,nntool-sq8-ne16(unknown)
base,320,0,167,MUL_0_185_qin1,quantize,4.94,0.007874015748031496,0.0,32,nntool-sq8-ne16(unknown)
base,320,0,168,MUL_0_185_qin0,quantize,-0.19,0.062482696026563644,0.0,32,nntool-sq8-ne16(unknown)
base,320,0,169,MUL_0_185,mul,0.65,0.051006391644477844,0.0,32,nntool-sq8-ne16(unknown)
base,320,0,170,CONV_2D_0_187_qin0,quantize,0.66,0.026495201513171196,11.0,32,nntool-sq8-ne16(unknown)
base,320,0,171,DEQUANTIZE_0_73,constant,41.74,0.0007050281274132431,128.0,32,nntool-sq8-ne16(unknown)
base,320,0,172,DEQUANTIZE_0_19,constant,96.28,1.8679862478165887e-05,0.0,32,nntool-sq8-ne16(unknown)
base,320,0,173,CONV_2D_0_187,conv2d,0.07,0.042115986347198486,126.0,32,nntool-sq8-ne16(unknown)
base,320,0,174,LOGISTIC_0_188_qin0,quantize,0.04,0.000244140625,256.0,32,nntool-sq8-ne16(unknown)
base,320,0,175,LOGISTIC_0_188,sigmoid,3.6,0.00392156862745098,0.0,32,nntool-sq8-ne16(unknown)
base,320,0,176,MUL_0_189_qin1,quantize,3.59,0.007874015748031496,0.0,32,nntool-sq8-ne16(unknown)
base,320,0,177,MUL_0_189_qin0,quantize,0.06,0.042872071266174316,0.0,32,nntool-sq8-ne16(unknown)
base,320,0,178,MUL_0_189,mul,0.48,0.042687706649303436,0.0,32,nntool-sq8-ne16(unknown)
base,320,0,179,CONV_2D_0_190_qin0,quantize,0.48,0.022352170199155807,12.0,32,nntool-sq8-ne16(unknown)
base,320,0,180,DEQUANTIZE_0_74,constant,43.82,0.0010803702753037214,128.0,32,nntool-sq8-ne16(unknown)
base,320,0,181,DEQUANTIZE_0_20,constant,89.58,2.4148619559127837e-05,0.0,32,nntool-sq8-ne16(unknown)
base,320,0,182,CONV_2D_0_190,conv2d,-0.01,0.03873848915100098,106.0,32,nntool-sq8-ne16(unknown)
base,320,0,183,CONV_2D_0_190_split,split,0.17,0.03873848915100098,106.0,32,nntool-sq8-ne16(unknown)
base,320,0,184,LOGISTIC_0_191_qin0,quantize,0.04,0.000244140625,256.0,32,nntool-sq8-ne16(unknown)
base,320,0,185,LOGISTIC_0_191,sigmoid,4.46,0.00392156862745098,0.0,32,nntool-sq8-ne16(unknown)
base,320,0,186,MUL_0_192_qin1,quantize,4.45,0.007874015748031496,0.0,32,nntool-sq8-ne16(unknown)
base,320,0,187,MUL_0_192_qin0,quantize,0.18,0.04535955563187599,0.0,32,nntool-sq8-ne16(unknown)
base,320,0,188,MUL_0_192,mul,0.51,0.04521716386079788,0.0,32,nntool-sq8-ne16(unknown)
base,320,0,189,CONV_2D_0_193_qin0,quantize,0.52,0.023611940443515778,12.0,32,nntool-sq8-ne16(unknown)
base,320,0,190,LOGISTIC_0_201_qin0,quantize,0.01,0.000244140625,256.0,32,nntool-sq8-ne16(unknown)
base,320,0,191,LOGISTIC_0_201,sigmoid,4.78,0.00392156862745098,0.0,32,nntool-sq8-ne16(unknown)
base,320,0,192,MUL_0_202_qin1,quantize,4.78,0.007874015748031496,0.0,32,nntool-sq8-ne16(unknown)
base,320,0,193,MUL_0_202_qin0,quantize,-0.17,0.04535955563187599,0.0,32,nntool-sq8-ne16(unknown)
base,320,0,194,MUL_0_202,mul,0.37,0.038905069231987,0.0,32,nntool-sq8-ne16(unknown)
base,320,0,195,CONCATENATION_0_203_qin1,quantize,0.35,0.05662024766206741,0.0,32,nntool-sq8-ne16(unknown)
base,320,0,196,DEQUANTIZE_0_75,constant,44.76,0.0031219241209328175,128.0,32,nntool-sq8-ne16(unknown)
base,320,0,197,DEQUANTIZE_0_21,constant,86.78,7.37146838218905e-05,0.0,32,nntool-sq8-ne16(unknown)
base,320,0,198,CONV_2D_0_193,conv2d,0.02,0.041591957211494446,140.0,32,nntool-sq8-ne16(unknown)
base,320,0,199,LOGISTIC_0_194_qin0,quantize,0.02,0.000244140625,256.0,32,nntool-sq8-ne16(unknown)
base,320,0,200,LOGISTIC_0_194,sigmoid,6.06,0.00392156862745098,0.0,32,nntool-sq8-ne16(unknown)
base,320,0,201,MUL_0_195_qin1,quantize,6.05,0.007874015748031496,0.0,32,nntool-sq8-ne16(unknown)
base,320,0,202,MUL_0_195_qin0,quantize,0.01,0.045331694185733795,0.0,32,nntool-sq8-ne16(unknown)
base,320,0,203,MUL_0_195,mul,0.76,0.03751511499285698,0.0,32,nntool-sq8-ne16(unknown)
base,320,0,204,CONV_2D_0_196_qin0,quantize,0.78,0.019776014611124992,14.0,32,nntool-sq8-ne16(unknown)
base,320,0,205,DEQUANTIZE_0_76,constant,42.0,0.00042436254443600774,128.0,32,nntool-sq8-ne16(unknown)
base,320,0,206,DEQUANTIZE_0_22,constant,102.29,8.392199561058078e-06,0.0,32,nntool-sq8-ne16(unknown)
base,320,0,207,CONV_2D_0_196,conv2d,0.04,0.04022684320807457,124.0,32,nntool-sq8-ne16(unknown)
base,320,0,208,LOGISTIC_0_197_qin0,quantize,0.05,0.000244140625,256.0,32,nntool-sq8-ne16(unknown)
base,320,0,209,LOGISTIC_0_197,sigmoid,3.9,0.00392156862745098,0.0,32,nntool-sq8-ne16(unknown)
base,320,0,210,MUL_0_198_qin1,quantize,3.89,0.007874015748031496,0.0,32,nntool-sq8-ne16(unknown)
base,320,0,211,MUL_0_198_qin0,quantize,0.05,0.04151184856891632,0.0,32,nntool-sq8-ne16(unknown)
base,320,0,212,MUL_0_198,mul,0.26,0.04129984602332115,0.0,32,nntool-sq8-ne16(unknown)
base,320,0,213,ADD_0_199,add,0.55,0.05662024766206741,0.0,32,nntool-sq8-ne16(unknown)
base,320,0,214,CONCATENATION_0_203,concat,0.49,0.05662024766206741,0.0,32,nntool-sq8-ne16(unknown)
base,320,0,215,CONV_2D_0_204_qin0,quantize,0.49,0.030383136123418808,18.0,32,nntool-sq8-ne16(unknown)
base,320,0,216,DEQUANTIZE_0_78,constant,43.87,0.0014581154100596905,128.0,32,nntool-sq8-ne16(unknown)
base,320,0,217,DEQUANTIZE_0_24,constant,90.7,4.430211993167177e-05,0.0,32,nntool-sq8-ne16(unknown)
base,320,0,218,CONV_2D_0_204,conv2d,-0.57,0.041013479232788086,119.0,32,nntool-sq8-ne16(unknown)
base,320,0,219,LOGISTIC_0_205_qin0,quantize,-0.02,0.000244140625,256.0,32,nntool-sq8-ne16(unknown)
base,320,0,220,LOGISTIC_0_205,sigmoid,3.95,0.00392156862745098,0.0,32,nntool-sq8-ne16(unknown)
base,320,0,221,MUL_0_206_qin1,quantize,3.95,0.007874015748031496,0.0,32,nntool-sq8-ne16(unknown)
base,320,0,222,MUL_0_206_qin0,quantize,-0.57,0.04381396993994713,0.0,32,nntool-sq8-ne16(unknown)
base,320,0,223,MUL_0_206,mul,0.23,0.043646715581417084,0.0,32,nntool-sq8-ne16(unknown)
base,320,0,224,CONV_2D_0_207_qin0,quantize,0.24,0.022829795256257057,12.0,32,nntool-sq8-ne16(unknown)
base,320,0,225,DEQUANTIZE_0_79,constant,43.89,0.0015763409901410341,128.0,32,nntool-sq8-ne16(unknown)
base,320,0,226,DEQUANTIZE_0_25,constant,95.3,3.59875411959365e-05,0.0,32,nntool-sq8-ne16(unknown)
base,320,0,227,CONV_2D_0_207,conv2d,-0.41,0.0358283631503582,115.0,32,nntool-sq8-ne16(unknown)
base,320,0,228,LOGISTIC_0_208_qin0,quantize,-0.01,0.000244140625,256.0,32,nntool-sq8-ne16(unknown)
base,320,0,229,LOGISTIC_0_208,sigmoid,7.26,0.00392156862745098,0.0,32,nntool-sq8-ne16(unknown)
base,320,0,230,MUL_0_209_qin1,quantize,7.24,0.007874015748031496,0.0,32,nntool-sq8-ne16(unknown)
base,320,0,231,MUL_0_209_qin0,quantize,-0.42,0.0396239347755909,0.0,32,nntool-sq8-ne16(unknown)
base,320,0,232,MUL_0_209,mul,0.59,0.03936709836125374,0.0,32,nntool-sq8-ne16(unknown)
base,320,0,233,MAX_POOL_2D_0_210,max_pool,1.17,0.03936709836125374,0.0,32,nntool-sq8-ne16(unknown)
base,320,0,234,MAX_POOL_2D_0_211,max_pool,1.12,0.03936709836125374,0.0,32,nntool-sq8-ne16(unknown)
base,320,0,235,MAX_POOL_2D_0_212,max_pool,1.08,0.03936709836125374,0.0,32,nntool-sq8-ne16(unknown)
base,320,0,236,CONCATENATION_0_213,concat,1.08,0.03936709836125374,0.0,32,nntool-sq8-ne16(unknown)
base,320,0,237,CONV_2D_0_214_qin0,quantize,1.09,0.02069837786257267,13.0,32,nntool-sq8-ne16(unknown)
base,320,0,238,DEQUANTIZE_0_80,constant,41.08,0.0014552319189533591,128.0,32,nntool-sq8-ne16(unknown)
base,320,0,239,DEQUANTIZE_0_26,constant,105.22,3.0120940209599212e-05,0.0,32,nntool-sq8-ne16(unknown)
base,320,0,240,CONV_2D_0_214,conv2d,-2.14,0.034764256328344345,126.0,32,nntool-sq8-ne16(unknown)
base,320,0,241,LOGISTIC_0_215_qin0,quantize,0.09,0.000244140625,256.0,32,nntool-sq8-ne16(unknown)
base,320,0,242,LOGISTIC_0_215,sigmoid,3.94,0.00392156862745098,0.0,32,nntool-sq8-ne16(unknown)
base,320,0,243,MUL_0_216_qin1,quantize,3.93,0.007874015748031496,0.0,32,nntool-sq8-ne16(unknown)
base,320,0,244,MUL_0_216_qin0,quantize,-2.15,0.03528771921992302,0.0,32,nntool-sq8-ne16(unknown)
base,320,0,245,MUL_0_216,mul,0.9,0.03489287197589874,0.0,32,nntool-sq8-ne16(unknown)
base,320,0,246,CONV_2D_0_217_qin0,quantize,0.9,0.0184700358659029,15.0,32,nntool-sq8-ne16(unknown)
base,320,0,247,DEQUANTIZE_0_81,constant,43.83,0.001562884426675737,128.0,32,nntool-sq8-ne16(unknown)
base,320,0,248,DEQUANTIZE_0_27,constant,90.43,2.8866530556115322e-05,0.0,32,nntool-sq8-ne16(unknown)
base,320,0,249,CONV_2D_0_217,conv2d,1.47,0.03303361311554909,137.0,32,nntool-sq8-ne16(unknown)
base,320,0,250,LOGISTIC_0_218_qin0,quantize,0.16,0.000244140625,256.0,32,nntool-sq8-ne16(unknown)
base,320,0,251,LOGISTIC_0_218,sigmoid,4.69,0.00392156862745098,0.0,32,nntool-sq8-ne16(unknown)
base,320,0,252,MUL_0_219_qin1,quantize,4.67,0.007874015748031496,0.0,32,nntool-sq8-ne16(unknown)
base,320,0,253,MUL_0_219_qin0,quantize,1.49,0.03529170900583267,0.0,32,nntool-sq8-ne16(unknown)
base,320,0,254,MUL_0_219,mul,1.3,0.051006391644477844,0.0,32,nntool-sq8-ne16(unknown)
base,320,0,255,RESIZE_NEAREST_NEIGHBOR_0_220,nearest_neighbor,1.3,0.051006391644477844,0.0,32,nntool-sq8-ne16(unknown)
base,320,0,256,CONCATENATION_0_221,concat,0.91,0.051006391644477844,0.0,32,nntool-sq8-ne16(unknown)
base,320,0,257,CONV_2D_0_222_qin0,quantize,0.92,0.026495201564302632,11.0,32,nntool-sq8-ne16(unknown)
base,320,0,258,CONCATENATION_0_284_qin1,quantize,1.29,0.06642516702413559,0.0,32,nntool-sq8-ne16(unknown)
base,320,0,259,DEQUANTIZE_0_82,constant,42.76,0.0025279128458350897,128.0,32,nntool-sq8-ne16(unknown)
base,320,0,260,DEQUANTIZE_0_28,constant,84.29,6.697756038739059e-05,0.0,32,nntool-sq8-ne16(unknown)
base,320,0,261,CONV_2D_0_222,conv2d,0.72,0.050125423818826675,106.0,32,nntool-sq8-ne16(unknown)
base,320,0,262,CONV_2D_0_222_split,split,0.51,0.050125423818826675,106.0,32,nntool-sq8-ne16(unknown)
base,320,0,263,LOGISTIC_0_223_qin0,quantize,0.09,0.000244140625,256.0,32,nntool-sq8-ne16(unknown)
base,320,0,264,LOGISTIC_0_223,sigmoid,2.48,0.00392156862745098,0.0,32,nntool-sq8-ne16(unknown)
base,320,0,265,MUL_0_224_qin1,quantize,2.48,0.007874015748031496,0.0,32,nntool-sq8-ne16(unknown)
base,320,0,266,MUL_0_224_qin0,quantize,0.5,0.05899520218372345,0.0,32,nntool-sq8-ne16(unknown)
base,320,0,267,MUL_0_224,mul,0.21,0.05896234139800072,0.0,32,nntool-sq8-ne16(unknown)
base,320,0,268,CONV_2D_0_225_qin0,quantize,0.21,0.030457576736807823,9.0,32,nntool-sq8-ne16(unknown)
base,320,0,269,LOGISTIC_0_232_qin0,quantize,0.06,0.000244140625,256.0,32,nntool-sq8-ne16(unknown)
base,320,0,270,LOGISTIC_0_232,sigmoid,4.84,0.00392156862745098,0.0,32,nntool-sq8-ne16(unknown)
base,320,0,271,MUL_0_233_qin1,quantize,4.83,0.007874015748031496,0.0,32,nntool-sq8-ne16(unknown)
base,320,0,272,MUL_0_233_qin0,quantize,0.94,0.05899520218372345,0.0,32,nntool-sq8-ne16(unknown)
base,320,0,273,MUL_0_233,mul,0.9,0.04339602217078209,0.0,32,nntool-sq8-ne16(unknown)
base,320,0,274,CONCATENATION_0_234_qin1,quantize,0.89,0.059296928346157074,0.0,32,nntool-sq8-ne16(unknown)
base,320,0,275,DEQUANTIZE_0_83,constant,45.96,0.005786324851214886,128.0,32,nntool-sq8-ne16(unknown)
base,320,0,276,DEQUANTIZE_0_29,constant,85.88,0.00017623743042349815,0.0,32,nntool-sq8-ne16(unknown)
base,320,0,277,CONV_2D_0_225,conv2d,3.59,0.08174515515565872,142.0,32,nntool-sq8-ne16(unknown)
base,320,0,278,LOGISTIC_0_226_qin0,quantize,0.06,0.000244140625,256.0,32,nntool-sq8-ne16(unknown)
base,320,0,279,LOGISTIC_0_226,sigmoid,4.91,0.00392156862745098,0.0,32,nntool-sq8-ne16(unknown)
base,320,0,280,MUL_0_227_qin1,quantize,4.89,0.007874015748031496,0.0,32,nntool-sq8-ne16(unknown)
base,320,0,281,MUL_0_227_qin0,quantize,3.55,0.09038431197404861,0.0,32,nntool-sq8-ne16(unknown)
base,320,0,282,MUL_0_227,mul,3.6,0.07303113490343094,0.0,32,nntool-sq8-ne16(unknown)
base,320,0,283,CONV_2D_0_228_qin0,quantize,3.61,0.037464383989572525,7.0,32,nntool-sq8-ne16(unknown)
base,320,0,284,DEQUANTIZE_0_84,constant,42.04,0.001954086124897003,128.0,32,nntool-sq8-ne16(unknown)
base,320,0,285,DEQUANTIZE_0_30,constant,97.61,7.320863369386643e-05,0.0,32,nntool-sq8-ne16(unknown)
base,320,0,286,CONV_2D_0_228,conv2d,-0.89,0.06437946856021881,138.0,32,nntool-sq8-ne16(unknown)
base,320,0,287,LOGISTIC_0_229_qin0,quantize,-0.05,0.000244140625,256.0,32,nntool-sq8-ne16(unknown)
base,320,0,288,LOGISTIC_0_229,sigmoid,4.32,0.00392156862745098,0.0,32,nntool-sq8-ne16(unknown)
base,320,0,289,MUL_0_230_qin1,quantize,4.32,0.007874015748031496,0.0,32,nntool-sq8-ne16(unknown)
base,320,0,290,MUL_0_230_qin0,quantize,-0.88,0.06939087808132172,0.0,32,nntool-sq8-ne16(unknown)
base,320,0,291,MUL_0_230,mul,1.06,0.059296928346157074,0.0,32,nntool-sq8-ne16(unknown)
base,320,0,292,CONCATENATION_0_234,concat,0.97,0.059296928346157074,0.0,32,nntool-sq8-ne16(unknown)
base,320,0,293,CONV_2D_0_235_qin0,quantize,0.98,0.030624214559793472,9.0,32,nntool-sq8-ne16(unknown)
base,320,0,294,DEQUANTIZE_0_86,constant,44.26,0.004036970902234316,128.0,32,nntool-sq8-ne16(unknown)
base,320,0,295,DEQUANTIZE_0_32,constant,84.94,0.00012362907000351697,0.0,32,nntool-sq8-ne16(unknown)
base,320,0,296,CONV_2D_0_235,conv2d,-0.18,0.05827143043279648,147.0,32,nntool-sq8-ne16(unknown)
base,320,0,297,LOGISTIC_0_236_qin0,quantize,0.03,0.000244140625,256.0,32,nntool-sq8-ne16(unknown)
base,320,0,298,LOGISTIC_0_236,sigmoid,6.45,0.00392156862745098,0.0,32,nntool-sq8-ne16(unknown)
base,320,0,299,MUL_0_237_qin1,quantize,6.44,0.007874015748031496,0.0,32,nntool-sq8-ne16(unknown)
base,320,0,300,MUL_0_237_qin0,quantize,-0.19,0.06708252429962158,0.0,32,nntool-sq8-ne16(unknown)
base,320,0,301,MUL_0_237,mul,0.73,0.04929792508482933,0.0,32,nntool-sq8-ne16(unknown)
base,320,0,302,CONV_2D_0_238_qin0,quantize,0.72,0.025644319131970406,11.0,32,nntool-sq8-ne16(unknown)
base,320,0,303,DEQUANTIZE_0_87,constant,43.59,0.0035813699942082167,128.0,32,nntool-sq8-ne16(unknown)
base,320,0,304,DEQUANTIZE_0_33,constant,86.99,9.184179361909628e-05,0.0,32,nntool-sq8-ne16(unknown)
base,320,0,305,CONV_2D_0_238,conv2d,0.59,0.04618125036358833,122.0,32,nntool-sq8-ne16(unknown)
base,320,0,306,LOGISTIC_0_239_qin0,quantize,0.02,0.000244140625,256.0,32,nntool-sq8-ne16(unknown)
base,320,0,307,LOGISTIC_0_239,sigmoid,9.31,0.00392156862745098,0.0,32,nntool-sq8-ne16(unknown)
base,320,0,308,MUL_0_240_qin1,quantize,9.29,0.007874015748031496,0.0,32,nntool-sq8-ne16(unknown)
base,320,0,309,MUL_0_240_qin0,quantize,0.58,0.0482347197830677,0.0,32,nntool-sq8-ne16(unknown)
base,320,0,310,MUL_0_240,mul,1.04,0.05738493427634239,0.0,32,nntool-sq8-ne16(unknown)
base,320,0,311,RESIZE_NEAREST_NEIGHBOR_0_241,nearest_neighbor,1.04,0.05738493427634239,0.0,32,nntool-sq8-ne16(unknown)
base,320,0,312,CONCATENATION_0_242,concat,0.88,0.05738493427634239,0.0,32,nntool-sq8-ne16(unknown)
base,320,0,313,CONV_2D_0_243_qin0,quantize,0.88,0.02967196551023745,9.0,32,nntool-sq8-ne16(unknown)
base,320,0,314,CONCATENATION_0_263_qin1,quantize,0.99,0.08536351472139359,0.0,32,nntool-sq8-ne16(unknown)
base,320,0,315,DEQUANTIZE_0_88,constant,43.08,0.0029143085703253746,128.0,32,nntool-sq8-ne16(unknown)
base,320,0,316,DEQUANTIZE_0_34,constant,86.47,8.647326338488393e-05,0.0,32,nntool-sq8-ne16(unknown)
base,320,0,317,CONV_2D_0_243,conv2d,1.0,0.06249949708580971,87.0,32,nntool-sq8-ne16(unknown)
base,320,0,318,CONV_2D_0_243_split,split,1.19,0.06249949708580971,87.0,32,nntool-sq8-ne16(unknown)
base,320,0,319,LOGISTIC_0_244_qin0,quantize,0.03,0.000244140625,256.0,32,nntool-sq8-ne16(unknown)
base,320,0,320,LOGISTIC_0_244,sigmoid,4.22,0.00392156862745098,0.0,32,nntool-sq8-ne16(unknown)
base,320,0,321,MUL_0_245_qin1,quantize,4.21,0.007874015748031496,0.0,32,nntool-sq8-ne16(unknown)
base,320,0,322,MUL_0_245_qin0,quantize,1.2,0.08256707340478897,0.0,32,nntool-sq8-ne16(unknown)
base,320,0,323,MUL_0_245,mul,1.49,0.08256476372480392,0.0,32,nntool-sq8-ne16(unknown)
base,320,0,324,CONV_2D_0_246_qin0,quantize,1.51,0.042212508618831635,7.0,32,nntool-sq8-ne16(unknown)
base,320,0,325,LOGISTIC_0_253_qin0,quantize,0.01,0.000244140625,256.0,32,nntool-sq8-ne16(unknown)
base,320,0,326,LOGISTIC_0_253,sigmoid,7.53,0.00392156862745098,0.0,32,nntool-sq8-ne16(unknown)
base,320,0,327,MUL_0_254_qin1,quantize,7.52,0.007874015748031496,0.0,32,nntool-sq8-ne16(unknown)
base,320,0,328,MUL_0_254_qin0,quantize,0.76,0.08256707340478897,0.0,32,nntool-sq8-ne16(unknown)
base,320,0,329,MUL_0_254,mul,1.13,0.0600539930164814,0.0,32,nntool-sq8-ne16(unknown)
base,320,0,330,CONCATENATION_0_255_qin1,quantize,1.07,0.09906094521284103,0.0,32,nntool-sq8-ne16(unknown)
base,320,0,331,DEQUANTIZE_0_89,constant,46.61,0.004702109843492508,128.0,32,nntool-sq8-ne16(unknown)
base,320,0,332,DEQUANTIZE_0_35,constant,83.19,0.00019848784722853452,0.0,32,nntool-sq8-ne16(unknown)
base,320,0,333,CONV_2D_0_246,conv2d,3.32,0.06908930093050003,128.0,32,nntool-sq8-ne16(unknown)
base,320,0,334,LOGISTIC_0_247_qin0,quantize,0.06,0.000244140625,256.0,32,nntool-sq8-ne16(unknown)
base,320,0,335,LOGISTIC_0_247,sigmoid,4.47,0.00392156862745098,0.0,32,nntool-sq8-ne16(unknown)
base,320,0,336,MUL_0_248_qin1,quantize,4.45,0.007874015748031496,0.0,32,nntool-sq8-ne16(unknown)
base,320,0,337,MUL_0_248_qin0,quantize,3.32,0.06912320852279663,0.0,32,nntool-sq8-ne16(unknown)
base,320,0,338,MUL_0_248,mul,3.32,0.06904438883066177,0.0,32,nntool-sq8-ne16(unknown)
base,320,0,339,CONV_2D_0_249_qin0,quantize,3.31,0.035478830337524414,8.0,32,nntool-sq8-ne16(unknown)
base,320,0,340,DEQUANTIZE_0_90,constant,42.44,0.0028777834959328175,128.0,32,nntool-sq8-ne16(unknown)
base,320,0,341,DEQUANTIZE_0_36,constant,96.75,0.00010210039181401953,0.0,32,nntool-sq8-ne16(unknown)
base,320,0,342,CONV_2D_0_249,conv2d,-0.14,0.11705673485994339,148.0,32,nntool-sq8-ne16(unknown)
base,320,0,343,LOGISTIC_0_250_qin0,quantize,0.01,0.000244140625,256.0,32,nntool-sq8-ne16(unknown)
base,320,0,344,LOGISTIC_0_250,sigmoid,8.43,0.00392156862745098,0.0,32,nntool-sq8-ne16(unknown)
base,320,0,345,MUL_0_251_qin1,quantize,8.39,0.007874015748031496,0.0,32,nntool-sq8-ne16(unknown)
base,320,0,346,MUL_0_251_qin0,quantize,-0.15,0.13491159677505493,0.0,32,nntool-sq8-ne16(unknown)
base,320,0,347,MUL_0_251,mul,1.49,0.09906094521284103,0.0,32,nntool-sq8-ne16(unknown)
base,320,0,348,CONCATENATION_0_255,concat,1.36,0.09906094521284103,0.0,32,nntool-sq8-ne16(unknown)
base,320,0,349,CONV_2D_0_256_qin0,quantize,1.35,0.050428252667188644,6.0,32,nntool-sq8-ne16(unknown)
base,320,0,350,DEQUANTIZE_0_92,constant,44.12,0.00654758233577013,128.0,32,nntool-sq8-ne16(unknown)
base,320,0,351,DEQUANTIZE_0_38,constant,82.74,0.0003301831311546266,0.0,32,nntool-sq8-ne16(unknown)
base,320,0,352,CONV_2D_0_256,conv2d,0.02,0.000244140625,256.0,32,nntool-sq8-ne16(unknown)
base,320,0,353,LOGISTIC_0_257,sigmoid,5.24,0.00392156862745098,0.0,32,nntool-sq8-ne16(unknown)
base,320,0,354,MUL_0_258_qin1,quantize,5.22,0.007874015748031496,0.0,32,nntool-sq8-ne16(unknown)
base,320,0,355,MUL_0_258_qin0,quantize,0.02,0.10482895374298096,0.0,32,nntool-sq8-ne16(unknown)
base,320,0,356,MUL_0_258,mul,0.0,0.10404010117053986,0.0,32,nntool-sq8-ne16(unknown)
base,320,0,357,CONV_2D_0_335_qin0,quantize,0.0,0.05290806666016579,5.0,32,nntool-sq8-ne16(unknown)
base,320,0,358,DEQUANTIZE_0_93,constant,41.09,0.0006411094218492508,128.0,32,nntool-sq8-ne16(unknown)
base,320,0,359,DEQUANTIZE_0_39,constant,90.78,3.3919859561137855e-05,0.0,32,nntool-sq8-ne16(unknown)
base,320,0,360,CONV_2D_0_260,conv2d,-3.45,0.09063505381345749,135.0,32,nntool-sq8-ne16(unknown)
base,320,0,361,LOGISTIC_0_261_qin0,quantize,-0.06,0.000244140625,256.0,32,nntool-sq8-ne16(unknown)
base,320,0,362,LOGISTIC_0_261,sigmoid,2.57,0.00392156862745098,0.0,32,nntool-sq8-ne16(unknown)
base,320,0,363,MUL_0_262_qin1,quantize,2.57,0.007874015748031496,0.0,32,nntool-sq8-ne16(unknown)
base,320,0,364,MUL_0_262_qin0,quantize,-3.48,0.09586375206708908,0.0,32,nntool-sq8-ne16(unknown)
base,320,0,365,MUL_0_262,mul,-0.19,0.08536351472139359,0.0,32,nntool-sq8-ne16(unknown)
base,320,0,366,CONCATENATION_0_263,concat,0.37,0.08536351472139359,0.0,32,nntool-sq8-ne16(unknown)
base,320,0,367,CONV_2D_0_264_qin0,quantize,0.36,0.04360639676451683,6.0,32,nntool-sq8-ne16(unknown)
base,320,0,368,DEQUANTIZE_0_94,constant,43.53,0.004552165511995554,128.0,32,nntool-sq8-ne16(unknown)
base,320,0,369,DEQUANTIZE_0_40,constant,84.98,0.0001985035341931507,0.0,32,nntool-sq8-ne16(unknown)
base,320,0,370,CONV_2D_0_264,conv2d,0.36,0.06234576180577278,123.0,32,nntool-sq8-ne16(unknown)
base,320,0,371,CONV_2D_0_264_split,split,-0.06,0.06234576180577278,123.0,32,nntool-sq8-ne16(unknown)
base,320,0,372,LOGISTIC_0_265_qin0,quantize,-0.02,0.000244140625,256.0,32,nntool-sq8-ne16(unknown)
base,320,0,373,LOGISTIC_0_265,sigmoid,3.9,0.00392156862745098,0.0,32,nntool-sq8-ne16(unknown)
base,320,0,374,MUL_0_266_qin1,quantize,3.89,0.007874015748031496,0.0,32,nntool-sq8-ne16(unknown)
base,320,0,375,MUL_0_266_qin0,quantize,-0.08,0.06458166241645813,0.0,32,nntool-sq8-ne16(unknown)
base,320,0,376,MUL_0_266,mul,0.47,0.06456395238637924,0.0,32,nntool-sq8-ne16(unknown)
base,320,0,377,CONV_2D_0_267_qin0,quantize,0.47,0.03324739634990692,8.0,32,nntool-sq8-ne16(unknown)
base,320,0,378,LOGISTIC_0_274_qin0,quantize,0.06,0.000244140625,256.0,32,nntool-sq8-ne16(unknown)
base,320,0,379,LOGISTIC_0_274,sigmoid,6.96,0.00392156862745098,0.0,32,nntool-sq8-ne16(unknown)
base,320,0,380,MUL_0_275_qin1,quantize,6.94,0.007874015748031496,0.0,32,nntool-sq8-ne16(unknown)
base,320,0,381,MUL_0_275_qin0,quantize,0.74,0.06458166241645813,0.0,32,nntool-sq8-ne16(unknown)
base,320,0,382,MUL_0_275,mul,1.2,0.04337775707244873,0.0,32,nntool-sq8-ne16(unknown)
base,320,0,383,CONCATENATION_0_276_qin1,quantize,1.26,0.07504559308290482,0.0,32,nntool-sq8-ne16(unknown)
base,320,0,384,DEQUANTIZE_0_95,constant,45.87,0.003187284804880619,128.0,32,nntool-sq8-ne16(unknown)
base,320,0,385,DEQUANTIZE_0_41,constant,82.85,0.00010596892389003187,0.0,32,nntool-sq8-ne16(unknown)
base,320,0,386,CONV_2D_0_267,conv2d,0.73,0.07739920914173126,137.0,32,nntool-sq8-ne16(unknown)
base,320,0,387,LOGISTIC_0_268_qin0,quantize,0.03,0.000244140625,256.0,32,nntool-sq8-ne16(unknown)
base,320,0,388,LOGISTIC_0_268,sigmoid,4.45,0.00392156862745098,0.0,32,nntool-sq8-ne16(unknown)
base,320,0,389,MUL_0_269_qin1,quantize,4.44,0.007874015748031496,0.0,32,nntool-sq8-ne16(unknown)
base,320,0,390,MUL_0_269_qin0,quantize,0.71,0.08271005749702454,0.0,32,nntool-sq8-ne16(unknown)
base,320,0,391,MUL_0_269,mul,1.03,0.07203889638185501,0.0,32,nntool-sq8-ne16(unknown)
base,320,0,392,CONV_2D_0_270_qin0,quantize,1.05,0.03697021305561066,8.0,32,nntool-sq8-ne16(unknown)
base,320,0,393,DEQUANTIZE_0_96,constant,40.55,0.0014946404844522476,128.0,32,nntool-sq8-ne16(unknown)
base,320,0,394,DEQUANTIZE_0_42,constant,88.5,5.5257176427403465e-05,0.0,32,nntool-sq8-ne16(unknown)
base,320,0,395,CONV_2D_0_270,conv2d,0.85,0.06953734159469604,118.0,32,nntool-sq8-ne16(unknown)
base,320,0,396,LOGISTIC_0_271_qin0,quantize,0.01,0.000244140625,256.0,32,nntool-sq8-ne16(unknown)
base,320,0,397,LOGISTIC_0_271,sigmoid,10.28,0.00392156862745098,0.0,32,nntool-sq8-ne16(unknown)
base,320,0,398,MUL_0_272_qin1,quantize,10.24,0.007874015748031496,0.0,32,nntool-sq8-ne16(unknown)
base,320,0,399,MUL_0_272_qin0,quantize,0.83,0.07505103200674057,0.0,32,nntool-sq8-ne16(unknown)
base,320,0,400,MUL_0_272,mul,1.3,0.07504559308290482,0.0,32,nntool-sq8-ne16(unknown)
base,320,0,401,CONCATENATION_0_276,concat,1.28,0.07504559308290482,0.0,32,nntool-sq8-ne16(unknown)
base,320,0,402,CONV_2D_0_277_qin0,quantize,1.29,0.038467664271593094,7.0,32,nntool-sq8-ne16(unknown)
base,320,0,403,DEQUANTIZE_0_98,constant,42.52,0.0020819236524403095,128.0,32,nntool-sq8-ne16(unknown)
base,320,0,404,DEQUANTIZE_0_44,constant,86.53,8.008674194570631e-05,0.0,32,nntool-sq8-ne16(unknown)
base,320,0,405,CONV_2D_0_277,conv2d,1.14,0.06117063760757446,109.0,32,nntool-sq8-ne16(unknown)
base,320,0,406,LOGISTIC_0_278_qin0,quantize,0.03,0.000244140625,256.0,32,nntool-sq8-ne16(unknown)
base,320,0,407,LOGISTIC_0_278,sigmoid,6.02,0.00392156862745098,0.0,32,nntool-sq8-ne16(unknown)
base,320,0,408,MUL_0_279_qin1,quantize,6.0,0.007874015748031496,0.0,32,nntool-sq8-ne16(unknown)
base,320,0,409,MUL_0_279_qin0,quantize,1.11,0.07025133073329926,0.0,32,nntool-sq8-ne16(unknown)
base,320,0,410,MUL_0_279,mul,2.32,0.07024195790290833,0.0,32,nntool-sq8-ne16(unknown)
base,320,0,411,CONV_2D_0_318_qin0,quantize,2.34,0.03607526794075966,8.0,32,nntool-sq8-ne16(unknown)
base,320,0,412,DEQUANTIZE_0_99,constant,39.11,0.0013591136084869504,128.0,32,nntool-sq8-ne16(unknown)
base,320,0,413,DEQUANTIZE_0_45,constant,91.4,4.903038643533364e-05,0.0,32,nntool-sq8-ne16(unknown)
base,320,0,414,CONV_2D_0_281,conv2d,-0.45,0.06373851746320724,123.0,32,nntool-sq8-ne16(unknown)
base,320,0,415,LOGISTIC_0_282_qin0,quantize,-0.01,0.000244140625,256.0,32,nntool-sq8-ne16(unknown)
base,320,0,416,LOGISTIC_0_282,sigmoid,5.06,0.00392156862745098,0.0,32,nntool-sq8-ne16(unknown)
base,320,0,417,MUL_0_283_qin1,quantize,5.05,0.007874015748031496,0.0,32,nntool-sq8-ne16(unknown)
base,320,0,418,MUL_0_283_qin0,quantize,-0.49,0.06643954664468765,0.0,32,nntool-sq8-ne16(unknown)
base,320,0,419,MUL_0_283,mul,0.25,0.06642516702413559,0.0,32,nntool-sq8-ne16(unknown)
base,320,0,420,CONCATENATION_0_284,concat,0.71,0.06642516702413559,0.0,32,nntool-sq8-ne16(unknown)
base,320,0,421,CONV_2D_0_285_qin0,quantize,0.71,0.0341743528842926,8.0,32,nntool-sq8-ne16(unknown)
base,320,0,422,DEQUANTIZE_0_100,constant,41.85,0.0021568958181887865,128.0,32,nntool-sq8-ne16(unknown)
base,320,0,423,DEQUANTIZE_0_46,constant,84.77,7.371052197413519e-05,0.0,32,nntool-sq8-ne16(unknown)
base,320,0,424,CONV_2D_0_285,conv2d,0.17,0.048306193202733994,116.0,32,nntool-sq8-ne16(unknown)
base,320,0,425,CONV_2D_0_285_split,split,0.09,0.048306193202733994,116.0,32,nntool-sq8-ne16(unknown)
base,320,0,426,LOGISTIC_0_286_qin0,quantize,0.02,0.000244140625,256.0,32,nntool-sq8-ne16(unknown)
base,320,0,427,LOGISTIC_0_286,sigmoid,3.72,0.00392156862745098,0.0,32,nntool-sq8-ne16(unknown)
base,320,0,428,MUL_0_287_qin1,quantize,3.72,0.007874015748031496,0.0,32,nntool-sq8-ne16(unknown)
base,320,0,429,MUL_0_287_qin0,quantize,0.09,0.05274414271116257,0.0,32,nntool-sq8-ne16(unknown)
base,320,0,430,MUL_0_287,mul,0.31,0.05267920345067978,0.0,32,nntool-sq8-ne16(unknown)
base,320,0,431,CONV_2D_0_288_qin0,quantize,0.31,0.027328329160809517,10.0,32,nntool-sq8-ne16(unknown)
base,320,0,432,LOGISTIC_0_295_qin0,quantize,0.03,0.000244140625,256.0,32,nntool-sq8-ne16(unknown)
base,320,0,433,LOGISTIC_0_295,sigmoid,6.89,0.00392156862745098,0.0,32,nntool-sq8-ne16(unknown)
base,320,0,434,MUL_0_296_qin1,quantize,6.87,0.007874015748031496,0.0,32,nntool-sq8-ne16(unknown)
base,320,0,435,MUL_0_296_qin0,quantize,0.24,0.05274414271116257,0.0,32,nntool-sq8-ne16(unknown)
base,320,0,436,MUL_0_296,mul,0.68,0.04825671389698982,0.0,32,nntool-sq8-ne16(unknown)
base,320,0,437,CONCATENATION_0_297_qin1,quantize,0.64,0.06730492413043976,0.0,32,nntool-sq8-ne16(unknown)
base,320,0,438,DEQUANTIZE_0_101,constant,44.87,0.0029508336447179317,128.0,32,nntool-sq8-ne16(unknown)
base,320,0,439,DEQUANTIZE_0_47,constant,85.76,8.064135181484744e-05,0.0,32,nntool-sq8-ne16(unknown)
base,320,0,440,CONV_2D_0_288,conv2d,0.6,0.07155861705541611,108.0,32,nntool-sq8-ne16(unknown)
base,320,0,441,LOGISTIC_0_289_qin0,quantize,0.01,0.000244140625,256.0,32,nntool-sq8-ne16(unknown)
base,320,0,442,LOGISTIC_0_289,sigmoid,4.11,0.00392156862745098,0.0,32,nntool-sq8-ne16(unknown)
base,320,0,443,MUL_0_290_qin1,quantize,4.1,0.007874015748031496,0.0,32,nntool-sq8-ne16(unknown)
base,320,0,444,MUL_0_290_qin0,quantize,0.61,0.08291156589984894,0.0,32,nntool-sq8-ne16(unknown)
base,320,0,445,MUL_0_290,mul,1.04,0.08290935307741165,0.0,32,nntool-sq8-ne16(unknown)
base,320,0,446,CONV_2D_0_291_qin0,quantize,1.05,0.04238412529230118,7.0,32,nntool-sq8-ne16(unknown)
base,320,0,447,DEQUANTIZE_0_102,constant,38.9,0.0006560077890753746,128.0,32,nntool-sq8-ne16(unknown)
base,320,0,448,DEQUANTIZE_0_48,constant,88.06,2.780431714199949e-05,0.0,32,nntool-sq8-ne16(unknown)
base,320,0,449,CONV_2D_0_291,conv2d,0.37,0.05804235488176346,108.0,32,nntool-sq8-ne16(unknown)
base,320,0,450,LOGISTIC_0_292_qin0,quantize,0.01,0.000244140625,256.0,32,nntool-sq8-ne16(unknown)
base,320,0,451,LOGISTIC_0_292,sigmoid,5.79,0.00392156862745098,0.0,32,nntool-sq8-ne16(unknown)
base,320,0,452,MUL_0_293_qin1,quantize,5.78,0.007874015748031496,0.0,32,nntool-sq8-ne16(unknown)
base,320,0,453,MUL_0_293_qin0,quantize,0.37,0.06731796264648438,0.0,32,nntool-sq8-ne16(unknown)
base,320,0,454,MUL_0_293,mul,0.78,0.06730492413043976,0.0,32,nntool-sq8-ne16(unknown)
base,320,0,455,CONCATENATION_0_297,concat,0.71,0.06730492413043976,0.0,32,nntool-sq8-ne16(unknown)
base,320,0,456,CONV_2D_0_298_qin0,quantize,0.72,0.0346125103533268,8.0,32,nntool-sq8-ne16(unknown)
base,320,0,457,DEQUANTIZE_0_104,constant,41.63,0.000921775063034147,128.0,32,nntool-sq8-ne16(unknown)
base,320,0,458,DEQUANTIZE_0_50,constant,89.78,3.190495044691488e-05,0.0,32,nntool-sq8-ne16(unknown)
base,320,0,459,CONV_2D_0_298,conv2d,1.69,0.04141053557395935,144.0,32,nntool-sq8-ne16(unknown)
base,320,0,460,LOGISTIC_0_299_qin0,quantize,0.08,0.000244140625,256.0,32,nntool-sq8-ne16(unknown)
base,320,0,461,LOGISTIC_0_299,sigmoid,6.37,0.00392156862745098,0.0,32,nntool-sq8-ne16(unknown)
base,320,0,462,MUL_0_300_qin1,quantize,6.35,0.007874015748031496,0.0,32,nntool-sq8-ne16(unknown)
base,320,0,463,MUL_0_300_qin0,quantize,1.7,0.04658569395542145,0.0,32,nntool-sq8-ne16(unknown)
base,320,0,464,MUL_0_300,mul,2.77,0.03583325073122978,0.0,32,nntool-sq8-ne16(unknown)
base,320,0,465,CONV_2D_0_301_qin0,quantize,2.76,0.01893838308751583,15.0,32,nntool-sq8-ne16(unknown)
base,320,0,466,DEQUANTIZE_0_105,constant,39.86,0.0034006673377007246,128.0,32,nntool-sq8-ne16(unknown)
base,320,0,467,DEQUANTIZE_0_51,constant,98.38,6.44031388219446e-05,0.0,32,nntool-sq8-ne16(unknown)
base,320,0,468,CONV_2D_0_301,conv2d,0.11,0.000244140625,256.0,32,nntool-sq8-ne16(unknown)
base,320,0,469,CONV_2D_0_301_trans_out0,transpose,0.11,0.000244140625,256.0,32,nntool-sq8-ne16(unknown)
base,320,0,470,RESHAPE_0_302,reshape,0.11,0.000244140625,256.0,32,nntool-sq8-ne16(unknown)
base,320,0,471,STRIDED_SLICE_0_303_split,split,0.04,0.000244140625,256.0,32,nntool-sq8-ne16(unknown)
base,320,0,472,LOGISTIC_0_304,sigmoid,1.78,0.00392156862745098,0.0,32,nntool-sq8-ne16(unknown)
base,320,0,473,MUL_0_305_qin0,quantize,1.77,0.007874015748031496,0.0,32,nntool-sq8-ne16(unknown)
base,320,0,474,LOGISTIC_0_310,sigmoid,0.0,0.00392156862745098,0.0,32,nntool-sq8-ne16(unknown)
base,320,0,475,MUL_0_311_qin0,quantize,0.0,0.007874015748031496,0.0,32,nntool-sq8-ne16(unknown)
base,320,0,476,MUL_0_311,mul,0.0,0.0030600838363170624,0.0,32,nntool-sq8-ne16(unknown)
base,320,0,477,LOGISTIC_0_315,sigmoid,0.0,0.00392156862745098,0.0,32,nntool-sq8-ne16(unknown)
base,320,0,478,CONCATENATION_0_316_qin2,quantize,0.0,0.0076051210053265095,0.0,32,nntool-sq8-ne16(unknown)
base,320,0,480,MUL_0_305,mul,1.77,0.015595831908285618,0.0,32,nntool-sq8-ne16(unknown)
base,320,0,481,DEQUANTIZE_0_109,constant,120.0,1.0,0.0,32,nntool-sq8-ne16(unknown)
base,320,0,482,ADD_0_306,add,13.6,0.07606977969408035,0.0,32,nntool-sq8-ne16(unknown)
base,320,0,484,MUL_0_307,mul,0.21,2.4342329502105713,0.0,32,nntool-sq8-ne16(unknown)
base,320,0,485,DEQUANTIZE_0_117,constant,0.0,0.007874015718698502,0.0,32,nntool-sq8-ne16(unknown)
base,320,0,486,MUL_0_308,mul,0.0,0.0076051210053265095,0.0,32,nntool-sq8-ne16(unknown)
base,320,0,487,DEQUANTIZE_0_112,constant,0.01,0.007874015718698502,0.0,32,nntool-sq8-ne16(unknown)
base,320,0,488,MUL_0_312,mul,0.0,1.3552995920181274,0.0,32,nntool-sq8-ne16(unknown)
base,320,0,489,DEQUANTIZE_0_106,constant,41.38,0.0033487635664641857,128.0,32,nntool-sq8-ne16(unknown)
base,320,0,490,DEQUANTIZE_0_52,constant,93.02,0.00012080754095222801,0.0,32,nntool-sq8-ne16(unknown)
base,320,0,491,CONV_2D_0_318,conv2d,0.1,0.000244140625,256.0,32,nntool-sq8-ne16(unknown)
base,320,0,492,CONV_2D_0_318_trans_out0,transpose,0.1,0.000244140625,256.0,32,nntool-sq8-ne16(unknown)
base,320,0,493,RESHAPE_0_319,reshape,0.1,0.000244140625,256.0,32,nntool-sq8-ne16(unknown)
base,320,0,494,STRIDED_SLICE_0_320_split,split,0.02,0.000244140625,256.0,32,nntool-sq8-ne16(unknown)
base,320,0,495,LOGISTIC_0_321,sigmoid,4.93,0.00392156862745098,0.0,32,nntool-sq8-ne16(unknown)
base,320,0,496,MUL_0_322_qin0,quantize,4.9,0.007874015748031496,0.0,32,nntool-sq8-ne16(unknown)
base,320,0,497,LOGISTIC_0_327,sigmoid,2.53,0.00392156862745098,0.0,32,nntool-sq8-ne16(unknown)
base,320,0,498,MUL_0_328_qin0,quantize,2.52,0.007874015748031496,0.0,32,nntool-sq8-ne16(unknown)
base,320,0,499,MUL_0_328,mul,2.71,0.007449734024703503,0.0,32,nntool-sq8-ne16(unknown)
base,320,0,500,LOGISTIC_0_332,sigmoid,0.0,0.00392156862745098,0.0,32,nntool-sq8-ne16(unknown)
base,320,0,501,CONCATENATION_0_333_qin2,quantize,0.0,0.007758367341011763,0.0,32,nntool-sq8-ne16(unknown)
base,320,0,502,DEQUANTIZE_0_110,constant,120.0,1.0,0.0,32,nntool-sq8-ne16(unknown)
base,320,0,504,DEQUANTIZE_0_113,constant,0.03,0.007874015718698502,0.0,32,nntool-sq8-ne16(unknown)
base,320,0,505,MUL_0_329,mul,0.0,1.127737283706665,0.0,32,nntool-sq8-ne16(unknown)
base,320,0,506,DEQUANTIZE_0_107,constant,44.07,0.003085399279370904,128.0,32,nntool-sq8-ne16(unknown)
base,320,0,507,DEQUANTIZE_0_53,constant,91.89,0.00016324251191690564,0.0,32,nntool-sq8-ne16(unknown)
base,320,0,508,CONV_2D_0_335,conv2d,0.09,0.000244140625,256.0,32,nntool-sq8-ne16(unknown)
base,320,0,509,CONV_2D_0_335_trans_out0,transpose,0.09,0.000244140625,256.0,32,nntool-sq8-ne16(unknown)
base,320,0,510,RESHAPE_0_336,reshape,0.09,0.000244140625,256.0,32,nntool-sq8-ne16(unknown)
base,320,0,511,STRIDED_SLICE_0_337_split,split,-0.0,0.000244140625,256.0,32,nntool-sq8-ne16(unknown)
base,320,0,512,LOGISTIC_0_338,sigmoid,14.0,0.00392156862745098,0.0,32,nntool-sq8-ne16(unknown)
base,320,0,513,MUL_0_339_qin0,quantize,13.98,0.007874015748031496,0.0,32,nntool-sq8-ne16(unknown)
base,320,0,514,LOGISTIC_0_344,sigmoid,7.84,0.00392156862745098,0.0,32,nntool-sq8-ne16(unknown)
base,320,0,515,MUL_0_345_qin0,quantize,7.79,0.007874015748031496,0.0,32,nntool-sq8-ne16(unknown)
base,320,0,516,MUL_0_345,mul,3.45,0.007857327349483967,0.0,32,nntool-sq8-ne16(unknown)
base,320,0,517,LOGISTIC_0_349,sigmoid,0.0,0.00392156862745098,0.0,32,nntool-sq8-ne16(unknown)
base,320,0,518,CONCATENATION_0_350_qin2,quantize,0.0,0.007788644637912512,0.0,32,nntool-sq8-ne16(unknown)
base,320,0,519,DEQUANTIZE_0_108,constant,120.0,1.0,0.0,32,nntool-sq8-ne16(unknown)
base,320,0,521,DEQUANTIZE_0_111,constant,0.09,0.007874015718698502,0.0,32,nntool-sq8-ne16(unknown)
base,320,0,522,MUL_0_346,mul,0.0,0.8681212067604065,0.0,32,nntool-sq8-ne16(unknown)
base,320,0,524,MUL_0_322,mul,4.9,0.015546289272606373,0.0,32,nntool-sq8-ne16(unknown)
base,320,0,525,ADD_0_323,add,21.79,0.15520523488521576,0.0,32,nntool-sq8-ne16(unknown)
base,320,0,526,MUL_0_324,mul,0.51,2.483283758163452,0.0,32,nntool-sq8-ne16(unknown)
base,320,0,528,MUL_0_339,mul,13.99,0.014798778109252453,0.0,32,nntool-sq8-ne16(unknown)
base,320,0,529,ADD_0_340,add,33.0,0.31162187457084656,0.0,32,nntool-sq8-ne16(unknown)
base,320,0,530,MUL_0_341,mul,1.13,2.4929749965667725,0.0,32,nntool-sq8-ne16(unknown)
base,320,0,531,DEQUANTIZE_0_117_1,constant,120.0,2.4600291815329725e-05,0.0,32,nntool-sq8-ne16(unknown)
base,320,0,532,MUL_0_313,mul,0.0,0.0076051210053265095,0.0,32,nntool-sq8-ne16(unknown)
base,320,0,533,CONCATENATION_0_316,concat,0.0,0.0076051210053265095,0.0,32,nntool-sq8-ne16(unknown)
base,320,0,534,RESHAPE_0_317,reshape,0.0,0.0076051210053265095,0.0,32,nntool-sq8-ne16(unknown)
base,320,0,535,CONCATENATION_0_352_qin2,quantize,0.0,0.007788644637912512,0.0,32,nntool-sq8-ne16(unknown)
base,320,0,536,DEQUANTIZE_0_117_2,constant,120.0,2.4600291815329725e-05,0.0,32,nntool-sq8-ne16(unknown)
base,320,0,537,MUL_0_325,mul,0.51,0.007758367341011763,0.0,32,nntool-sq8-ne16(unknown)
base,320,0,538,DEQUANTIZE_0_117_3,constant,120.0,2.4600291815329725e-05,0.0,32,nntool-sq8-ne16(unknown)
base,320,0,539,MUL_0_330,mul,0.0,0.007758367341011763,0.0,32,nntool-sq8-ne16(unknown)
base,320,0,540,CONCATENATION_0_333,concat,0.33,0.007758367341011763,0.0,32,nntool-sq8-ne16(unknown)
base,320,0,541,RESHAPE_0_334,reshape,0.33,0.007758367341011763,0.0,32,nntool-sq8-ne16(unknown)
base,320,0,542,CONCATENATION_0_352_qin1,quantize,0.33,0.007788644637912512,0.0,32,nntool-sq8-ne16(unknown)
base,320,0,543,DEQUANTIZE_0_117_4,constant,120.0,2.4600291815329725e-05,0.0,32,nntool-sq8-ne16(unknown)
base,320,0,544,MUL_0_342,mul,1.13,0.007788644637912512,0.0,32,nntool-sq8-ne16(unknown)
base,320,0,545,DEQUANTIZE_0_117_5,constant,120.0,2.4600291815329725e-05,0.0,32,nntool-sq8-ne16(unknown)
base,320,0,546,MUL_0_347,mul,0.0,0.007788644637912512,0.0,32,nntool-sq8-ne16(unknown)
base,320,0,547,CONCATENATION_0_350,concat,0.71,0.007788644637912512,0.0,32,nntool-sq8-ne16(unknown)
base,320,0,548,RESHAPE_0_351,reshape,0.71,0.007788644637912512,0.0,32,nntool-sq8-ne16(unknown)
base,320,0,549,CONCATENATION_0_352,concat,0.6,0.007788644637912512,0.0,32,nntool-sq8-ne16(unknown)
base,320,0,550,CONCATENATION_0_352_copy,copy,0.6,0.007788644637912512,0.0,32,nntool-sq8-ne16(unknown)
base,320,0,551,output_1,output,0.6,0.007788644637912512,0.0,32,nntool-sq8-ne16(unknown)
base,320,0,0,input_1,input,46.26,0.007874015718698502,0.0,32,nntool-sq8-ne16(unknown)
base,320,0,1,DEQUANTIZE_0_54,constant,41.87,0.04601377993822098,0.0,32,nntool-sq8-ne16(unknown)
base,320,0,2,DEQUANTIZE_0_0,constant,95.0,0.0003623132361099124,0.0,32,nntool-sq8-ne16(unknown)
base,320,0,3,CONV_2D_0_120,conv2d,27.11,0.23691526055335999,-8.0,32,nntool-sq8-ne16(unknown)
base,320,0,4,LOGISTIC_0_121_qin0,quantize,26.29,0.06299212598425197,0.0,32,nntool-sq8-ne16(unknown)
base,320,0,5,LOGISTIC_0_121,sigmoid,34.65,0.007874015748031496,0.0,32,nntool-sq8-ne16(unknown)
base,320,0,6,MUL_0_122_qin0,quantize,23.82,0.25140681862831116,0.0,32,nntool-sq8-ne16(unknown)
base,320,0,7,MUL_0_122,mul,21.55,0.25140681862831116,0.0,32,nntool-sq8-ne16(unknown)
base,320,0,8,DEQUANTIZE_0_55,constant,42.76,0.0014821450458839536,0.0,32,nntool-sq8-ne16(unknown)
base,320,0,9,DEQUANTIZE_0_1,constant,76.0,0.0003726213763002306,0.0,32,nntool-sq8-ne16(unknown)
base,320,0,10,CONV_2D_0_124,conv2d,19.64,0.10811321437358856,13.0,32,nntool-sq8-ne16(unknown)
base,320,0,11,LOGISTIC_0_125_qin0,quantize,19.55,0.06299212598425197,0.0,32,nntool-sq8-ne16(unknown)
base,320,0,12,LOGISTIC_0_125,sigmoid,28.36,0.007874015748031496,0.0,32,nntool-sq8-ne16(unknown)
base,320,0,13,MUL_0_126_qin0,quantize,19.37,0.11881789565086365,0.0,32,nntool-sq8-ne16(unknown)
base,320,0,14,MUL_0_126,mul,19.08,0.09732381999492645,0.0,32,nntool-sq8-ne16(unknown)
base,320,0,15,DEQUANTIZE_0_56,constant,46.51,0.0029200755525380373,0.0,32,nntool-sq8-ne16(unknown)
base,320,0,16,DEQUANTIZE_0_2,constant,78.73,0.00028419290902093053,0.0,32,nntool-sq8-ne16(unknown)
base,320,0,17,CONV_2D_0_127,conv2d,17.56,0.07151875644922256,25.0,32,nntool-sq8-ne16(unknown)
base,320,0,18,CONV_2D_0_127_split,split,18.05,0.07151875644922256,25.0,32,nntool-sq8-ne16(unknown)
base,320,0,19,LOGISTIC_0_128_qin0,quantize,17.95,0.06299212598425197,0.0,32,nntool-sq8-ne16(unknown)
base,320,0,20,LOGISTIC_0_128,sigmoid,28.18,0.007874015748031496,0.0,32,nntool-sq8-ne16(unknown)
base,320,0,21,MUL_0_129_qin0,quantize,17.86,0.08536854386329651,0.0,32,nntool-sq8-ne16(unknown)
base,320,0,22,MUL_0_129,mul,17.5,0.04662115499377251,0.0,32,nntool-sq8-ne16(unknown)
base,320,0,23,LOGISTIC_0_138_qin0,quantize,17.31,0.06299212598425197,0.0,32,nntool-sq8-ne16(unknown)
base,320,0,24,LOGISTIC_0_138,sigmoid,23.92,0.007874015748031496,0.0,32,nntool-sq8-ne16(unknown)
base,320,0,25,MUL_0_139_qin0,quantize,17.28,0.08536854386329651,0.0,32,nntool-sq8-ne16(unknown)
base,320,0,26,MUL_0_139,mul,16.75,0.0909450426697731,0.0,32,nntool-sq8-ne16(unknown)
base,320,0,27,DEQUANTIZE_0_57,constant,48.33,0.010211613960564137,0.0,32,nntool-sq8-ne16(unknown)
base,320,0,28,DEQUANTIZE_0_3,constant,81.54,0.0004760772280860692,0.0,32,nntool-sq8-ne16(unknown)
base,320,0,29,CONV_2D_0_130,conv2d,17.01,0.04717402905225754,-4.0,32,nntool-sq8-ne16(unknown)
base,320,0,30,LOGISTIC_0_131_qin0,quantize,16.96,0.06299212598425197,0.0,32,nntool-sq8-ne16(unknown)
base,320,0,31,LOGISTIC_0_131,sigmoid,25.89,0.007874015748031496,0.0,32,nntool-sq8-ne16(unknown)
base,320,0,32,MUL_0_132_qin0,quantize,16.96,0.04871455952525139,0.0,32,nntool-sq8-ne16(unknown)
base,320,0,33,MUL_0_132,mul,17.33,0.048614583909511566,0.0,32,nntool-sq8-ne16(unknown)
base,320,0,34,DEQUANTIZE_0_58,constant,42.27,0.00577479088678956,0.0,32,nntool-sq8-ne16(unknown)
base,320,0,35,DEQUANTIZE_0_4,constant,91.38,0.00028073907014913857,0.0,32,nntool-sq8-ne16(unknown)
base,320,0,36,CONV_2D_0_133,conv2d,14.72,0.06915882229804993,-1.0,32,nntool-sq8-ne16(unknown)
base,320,0,37,LOGISTIC_0_134_qin0,quantize,14.69,0.06299212598425197,0.0,32,nntool-sq8-ne16(unknown)
base,320,0,38,LOGISTIC_0_134,sigmoid,23.18,0.007874015748031496,0.0,32,nntool-sq8-ne16(unknown)
base,320,0,39,MUL_0_135_qin0,quantize,14.69,0.06962346285581589,0.0,32,nntool-sq8-ne16(unknown)
base,320,0,40,MUL_0_135,mul,14.61,0.06961340457201004,0.0,32,nntool-sq8-ne16(unknown)
base,320,0,41,ADD_0_136,add,16.26,0.0909450426697731,0.0,32,nntool-sq8-ne16(unknown)
base,320,0,42,CONCATENATION_0_140,concat,16.41,0.0909450426697731,0.0,32,nntool-sq8-ne16(unknown)
base,320,0,43,DEQUANTIZE_0_60,constant,46.09,0.006709061097353697,0.0,32,nntool-sq8-ne16(unknown)
base,320,0,44,DEQUANTIZE_0_6,constant,76.38,0.0006101558683440089,0.0,32,nntool-sq8-ne16(unknown)
base,320,0,45,CONV_2D_0_141,conv2d,13.15,0.08211535215377808,6.0,32,nntool-sq8-ne16(unknown)
base,320,0,46,LOGISTIC_0_142_qin0,quantize,13.14,0.06299212598425197,0.0,32,nntool-sq8-ne16(unknown)
base,320,0,47,LOGISTIC_0_142,sigmoid,19.44,0.007874015748031496,0.0,32,nntool-sq8-ne16(unknown)
base,320,0,48,MUL_0_143_qin0,quantize,13.12,0.08611128479242325,0.0,32,nntool-sq8-ne16(unknown)
base,320,0,49,MUL_0_143,mul,13.05,0.07808410376310349,0.0,32,nntool-sq8-ne16(unknown)
base,320,0,50,DEQUANTIZE_0_61,constant,41.79,0.0018118310254067183,0.0,32,nntool-sq8-ne16(unknown)
base,320,0,51,DEQUANTIZE_0_7,constant,83.05,0.00014147520414553583,0.0,32,nntool-sq8-ne16(unknown)
base,320,0,52,CONV_2D_0_145,conv2d,13.17,0.10695739090442657,17.0,32,nntool-sq8-ne16(unknown)
base,320,0,53,LOGISTIC_0_146_qin0,quantize,13.15,0.06299212598425197,0.0,32,nntool-sq8-ne16(unknown)
base,320,0,54,LOGISTIC_0_146,sigmoid,20.99,0.007874015748031496,0.0,32,nntool-sq8-ne16(unknown)
base,320,0,55,MUL_0_147_qin0,quantize,13.08,0.1214250698685646,0.0,32,nntool-sq8-ne16(unknown)
base,320,0,56,MUL_0_147,mul,13.61,0.09237505495548248,0.0,32,nntool-sq8-ne16(unknown)
base,320,0,57,DEQUANTIZE_0_62,constant,45.12,0.0034218134824186563,0.0,32,nntool-sq8-ne16(unknown)
base,320,0,58,DEQUANTIZE_0_8,constant,72.42,0.0003160902124363929,0.0,32,nntool-sq8-ne16(unknown)
base,320,0,59,CONV_2D_0_148,conv2d,14.97,0.07316236197948456,-4.0,32,nntool-sq8-ne16(unknown)
base,320,0,60,CONV_2D_0_148_split,split,14.81,0.07316236197948456,-4.0,32,nntool-sq8-ne16(unknown)
base,320,0,61,LOGISTIC_0_149_qin0,quantize,14.75,0.06299212598425197,0.0,32,nntool-sq8-ne16(unknown)
base,320,0,62,LOGISTIC_0_149,sigmoid,25.47,0.007874015748031496,0.0,32,nntool-sq8-ne16(unknown)
base,320,0,63,MUL_0_150_qin0,quantize,14.67,0.0754719227552414,0.0,32,nntool-sq8-ne16(unknown)
base,320,0,64,MUL_0_150,mul,14.39,0.05032746121287346,0.0,32,nntool-sq8-ne16(unknown)
base,320,0,65,LOGISTIC_0_159_qin0,quantize,15.0,0.06299212598425197,0.0,32,nntool-sq8-ne16(unknown)
base,320,0,66,LOGISTIC_0_159,sigmoid,22.79,0.007874015748031496,0.0,32,nntool-sq8-ne16(unknown)
base,320,0,67,MUL_0_160_qin0,quantize,14.99,0.0754719227552414,0.0,32,nntool-sq8-ne16(unknown)
base,320,0,68,MUL_0_160,mul,14.74,0.07583151012659073,0.0,32,nntool-sq8-ne16(unknown)
base,320,0,69,DEQUANTIZE_0_63,constant,46.44,0.007385734468698502,0.0,32,nntool-sq8-ne16(unknown)
base,320,0,70,DEQUANTIZE_0_9,constant,78.55,0.000371705275028944,0.0,32,nntool-sq8-ne16(unknown)
base,320,0,71,CONV_2D_0_151,conv2d,14.51,0.05571155622601509,4.0,32,nntool-sq8-ne16(unknown)
base,320,0,72,LOGISTIC_0_152_qin0,quantize,14.47,0.06299212598425197,0.0,32,nntool-sq8-ne16(unknown)
base,320,0,73,LOGISTIC_0_152,sigmoid,23.98,0.007874015748031496,0.0,32,nntool-sq8-ne16(unknown)
base,320,0,74,MUL_0_153_qin0,quantize,14.47,0.057566285133361816,0.0,32,nntool-sq8-ne16(unknown)
base,320,0,75,MUL_0_153,mul,14.68,0.05378454551100731,0.0,32,nntool-sq8-ne16(unknown)
base,320,0,76,DEQUANTIZE_0_64,constant,42.03,0.0029335322324186563,0.0,32,nntool-sq8-ne16(unknown)
base,320,0,77,DEQUANTIZE_0_10,constant,85.74,0.00015777870430611074,0.0,32,nntool-sq8-ne16(unknown)
base,320,0,78,CONV_2D_0_154,conv2d,12.79,0.06500641256570816,6.0,32,nntool-sq8-ne16(unknown)
base,320,0,79,LOGISTIC_0_155_qin0,quantize,12.78,0.06299212598425197,0.0,32,nntool-sq8-ne16(unknown)
base,320,0,80,LOGISTIC_0_155,sigmoid,21.1,0.007874015748031496,0.0,32,nntool-sq8-ne16(unknown)
base,320,0,81,MUL_0_156_qin0,quantize,12.76,0.06789443641901016,0.0,32,nntool-sq8-ne16(unknown)
base,320,0,82,MUL_0_156,mul,12.78,0.06207231804728508,0.0,32,nntool-sq8-ne16(unknown)
base,320,0,83,ADD_0_157,add,14.01,0.07583151012659073,0.0,32,nntool-sq8-ne16(unknown)
base,320,0,84,CONCATENATION_0_161,concat,14.34,0.07583151012659073,0.0,32,nntool-sq8-ne16(unknown)
base,320,0,85,DEQUANTIZE_0_66,constant,45.53,0.002472164109349251,0.0,32,nntool-sq8-ne16(unknown)
base,320,0,86,DEQUANTIZE_0_12,constant,77.24,0.0001874679437605664,0.0,32,nntool-sq8-ne16(unknown)
base,320,0,87,CONV_2D_0_162,conv2d,13.93,0.05634232610464096,-2.0,32,nntool-sq8-ne16(unknown)
base,320,0,88,LOGISTIC_0_163_qin0,quantize,13.89,0.06299212598425197,0.0,32,nntool-sq8-ne16(unknown)
base,320,0,89,LOGISTIC_0_163,sigmoid,22.59,0.007874015748031496,0.0,32,nntool-sq8-ne16(unknown)
base,320,0,90,MUL_0_164_qin0,quantize,13.89,0.05742398276925087,0.0,32,nntool-sq8-ne16(unknown)
base,320,0,91,MUL_0_164,mul,13.61,0.05738493427634239,0.0,32,nntool-sq8-ne16(unknown)
base,320,0,92,DEQUANTIZE_0_67,constant,42.19,0.0013014425057917833,0.0,32,nntool-sq8-ne16(unknown)
base,320,0,93,DEQUANTIZE_0_13,constant,84.56,7.468319381587207e-05,0.0,32,nntool-sq8-ne16(unknown)
base,320,0,94,CONV_2D_0_166,conv2d,14.57,0.05826827883720398,11.0,32,nntool-sq8-ne16(unknown)
base,320,0,95,LOGISTIC_0_167_qin0,quantize,14.52,0.06299212598425197,0.0,32,nntool-sq8-ne16(unknown)
base,320,0,96,LOGISTIC_0_167,sigmoid,23.39,0.007874015748031496,0.0,32,nntool-sq8-ne16(unknown)
base,320,0,97,MUL_0_168_qin0,quantize,14.52,0.06343884766101837,0.0,32,nntool-sq8-ne16(unknown)
base,320,0,98,MUL_0_168,mul,14.08,0.05299421399831772,0.0,32,nntool-sq8-ne16(unknown)
base,320,0,99,DEQUANTIZE_0_68,constant,44.5,0.0033468410838395357,0.0,32,nntool-sq8-ne16(unknown)
base,320,0,100,DEQUANTIZE_0_14,constant,79.75,0.0001773632102413103,0.0,32,nntool-sq8-ne16(unknown)
base,320,0,101,CONV_2D_0_169,conv2d,14.55,0.05800112709403038,-17.0,32,nntool-sq8-ne16(unknown)
base,320,0,102,CONV_2D_0_169_split,split,14.26,0.05800112709403038,-17.0,32,nntool-sq8-ne16(unknown)
base,320,0,103,LOGISTIC_0_170_qin0,quantize,14.18,0.06299212598425197,0.0,32,nntool-sq8-ne16(unknown)
base,320,0,104,LOGISTIC_0_170,sigmoid,25.0,0.007874015748031496,0.0,32,nntool-sq8-ne16(unknown)
base,320,0,105,MUL_0_171_qin0,quantize,14.17,0.06584347039461136,0.0,32,nntool-sq8-ne16(unknown)
base,320,0,106,MUL_0_171,mul,14.09,0.038447268307209015,0.0,32,nntool-sq8-ne16(unknown)
base,320,0,107,LOGISTIC_0_180_qin0,quantize,14.66,0.06299212598425197,0.0,32,nntool-sq8-ne16(unknown)
base,320,0,108,LOGISTIC_0_180,sigmoid,23.3,0.007874015748031496,0.0,32,nntool-sq8-ne16(unknown)
base,320,0,109,MUL_0_181_qin0,quantize,14.66,0.06584347039461136,0.0,32,nntool-sq8-ne16(unknown)
base,320,0,110,MUL_0_181,mul,14.96,0.0658280998468399,0.0,32,nntool-sq8-ne16(unknown)
base,320,0,111,DEQUANTIZE_0_69,constant,45.1,0.008150836452841759,0.0,32,nntool-sq8-ne16(unknown)
base,320,0,112,DEQUANTIZE_0_15,constant,78.25,0.00031337738619185984,0.0,32,nntool-sq8-ne16(unknown)
base,320,0,113,CONV_2D_0_172,conv2d,13.02,0.0634055882692337,8.0,32,nntool-sq8-ne16(unknown)
base,320,0,114,LOGISTIC_0_173_qin0,quantize,13.03,0.06299212598425197,0.0,32,nntool-sq8-ne16(unknown)
base,320,0,115,LOGISTIC_0_173,sigmoid,22.17,0.007874015748031496,0.0,32,nntool-sq8-ne16(unknown)
base,320,0,116,MUL_0_174_qin0,quantize,12.99,0.06722820550203323,0.0,32,nntool-sq8-ne16(unknown)
base,320,0,117,MUL_0_174,mul,13.02,0.05952196568250656,0.0,32,nntool-sq8-ne16(unknown)
base,320,0,118,DEQUANTIZE_0_70,constant,42.33,0.001208207686431706,0.0,32,nntool-sq8-ne16(unknown)
base,320,0,119,DEQUANTIZE_0_16,constant,87.52,7.191489567048848e-05,0.0,32,nntool-sq8-ne16(unknown)
base,320,0,120,CONV_2D_0_175,conv2d,13.13,0.06587649881839752,14.0,32,nntool-sq8-ne16(unknown)
base,320,0,121,LOGISTIC_0_176_qin0,quantize,13.1,0.06299212598425197,0.0,32,nntool-sq8-ne16(unknown)
base,320,0,122,LOGISTIC_0_176,sigmoid,22.34,0.007874015748031496,0.0,32,nntool-sq8-ne16(unknown)
base,320,0,123,MUL_0_177_qin0,quantize,13.08,0.07315314561128616,0.0,32,nntool-sq8-ne16(unknown)
base,320,0,124,MUL_0_177,mul,12.83,0.058508023619651794,0.0,32,nntool-sq8-ne16(unknown)
base,320,0,125,ADD_0_178,add,13.56,0.0658280998468399,0.0,32,nntool-sq8-ne16(unknown)
base,320,0,126,CONCATENATION_0_182,concat,14.2,0.0658280998468399,0.0,32,nntool-sq8-ne16(unknown)
base,320,0,127,DEQUANTIZE_0_72,constant,44.71,0.002852792851626873,0.0,32,nntool-sq8-ne16(unknown)
base,320,0,128,DEQUANTIZE_0_18,constant,80.51,0.0001877939357655123,0.0,32,nntool-sq8-ne16(unknown)
base,320,0,129,CONV_2D_0_183,conv2d,13.72,0.05680571123957634,13.0,32,nntool-sq8-ne16(unknown)
base,320,0,130,LOGISTIC_0_184_qin0,quantize,13.68,0.06299212598425197,0.0,32,nntool-sq8-ne16(unknown)
base,320,0,131,LOGISTIC_0_184,sigmoid,22.96,0.007874015748031496,0.0,32,nntool-sq8-ne16(unknown)
base,320,0,132,MUL_0_185_qin0,quantize,13.69,0.062482696026563644,0.0,32,nntool-sq8-ne16(unknown)
base,320,0,133,MUL_0_185,mul,13.88,0.051006391644477844,0.0,32,nntool-sq8-ne16(unknown)
base,320,0,134,DEQUANTIZE_0_73,constant,41.74,0.0007050281274132431,0.0,32,nntool-sq8-ne16(unknown)
base,320,0,135,DEQUANTIZE_0_19,constant,90.55,3.5960940294899046e-05,0.0,32,nntool-sq8-ne16(unknown)
base,320,0,136,CONV_2D_0_187,conv2d,16.03,0.042115986347198486,-2.0,32,nntool-sq8-ne16(unknown)
base,320,0,137,LOGISTIC_0_188_qin0,quantize,15.98,0.06299212598425197,0.0,32,nntool-sq8-ne16(unknown)
base,320,0,138,LOGISTIC_0_188,sigmoid,24.37,0.007874015748031496,0.0,32,nntool-sq8-ne16(unknown)
base,320,0,139,MUL_0_189_qin0,quantize,16.0,0.042872071266174316,0.0,32,nntool-sq8-ne16(unknown)
base,320,0,140,MUL_0_189,mul,15.52,0.042687706649303436,0.0,32,nntool-sq8-ne16(unknown)
base,320,0,141,DEQUANTIZE_0_74,constant,43.82,0.0010803702753037214,0.0,32,nntool-sq8-ne16(unknown)
base,320,0,142,DEQUANTIZE_0_20,constant,83.4,4.61185300082434e-05,0.0,32,nntool-sq8-ne16(unknown)
base,320,0,143,CONV_2D_0_190,conv2d,15.78,0.03873848915100098,-22.0,32,nntool-sq8-ne16(unknown)
base,320,0,144,CONV_2D_0_190_split,split,15.72,0.03873848915100098,-22.0,32,nntool-sq8-ne16(unknown)
base,320,0,145,LOGISTIC_0_191_qin0,quantize,15.66,0.06299212598425197,0.0,32,nntool-sq8-ne16(unknown)
base,320,0,146,LOGISTIC_0_191,sigmoid,24.55,0.007874015748031496,0.0,32,nntool-sq8-ne16(unknown)
base,320,0,147,MUL_0_192_qin0,quantize,15.69,0.04535955563187599,0.0,32,nntool-sq8-ne16(unknown)
base,320,0,148,MUL_0_192,mul,15.16,0.04521716386079788,0.0,32,nntool-sq8-ne16(unknown)
base,320,0,149,LOGISTIC_0_201_qin0,quantize,15.77,0.06299212598425197,0.0,32,nntool-sq8-ne16(unknown)
base,320,0,150,LOGISTIC_0_201,sigmoid,24.38,0.007874015748031496,0.0,32,nntool-sq8-ne16(unknown)
base,320,0,151,MUL_0_202_qin0,quantize,15.8,0.04535955563187599,0.0,32,nntool-sq8-ne16(unknown)
base,320,0,152,MUL_0_202,mul,15.53,0.05662024766206741,0.0,32,nntool-sq8-ne16(unknown)
base,320,0,153,DEQUANTIZE_0_75,constant,44.76,0.0031219241209328175,0.0,32,nntool-sq8-ne16(unknown)
base,320,0,154,DEQUANTIZE_0_21,constant,82.61,0.00014116454985924065,0.0,32,nntool-sq8-ne16(unknown)
base,320,0,155,CONV_2D_0_193,conv2d,15.28,0.041591957211494446,12.0,32,nntool-sq8-ne16(unknown)
base,320,0,156,LOGISTIC_0_194_qin0,quantize,15.22,0.06299212598425197,0.0,32,nntool-sq8-ne16(unknown)
base,320,0,157,LOGISTIC_0_194,sigmoid,23.92,0.007874015748031496,0.0,32,nntool-sq8-ne16(unknown)
base,320,0,158,MUL_0_195_qin0,quantize,15.25,0.045331694185733795,0.0,32,nntool-sq8-ne16(unknown)
base,320,0,159,MUL_0_195,mul,14.92,0.03751511499285698,0.0,32,nntool-sq8-ne16(unknown)
base,320,0,160,DEQUANTIZE_0_76,constant,42.0,0.00042436254443600774,0.0,32,nntool-sq8-ne16(unknown)
base,320,0,161,DEQUANTIZE_0_22,constant,99.22,1.5920009900582954e-05,0.0,32,nntool-sq8-ne16(unknown)
base,320,0,162,CONV_2D_0_196,conv2d,15.96,0.04022684320807457,-4.0,32,nntool-sq8-ne16(unknown)
base,320,0,163,LOGISTIC_0_197_qin0,quantize,15.91,0.06299212598425197,0.0,32,nntool-sq8-ne16(unknown)
base,320,0,164,LOGISTIC_0_197,sigmoid,23.87,0.007874015748031496,0.0,32,nntool-sq8-ne16(unknown)
base,320,0,165,MUL_0_198_qin0,quantize,15.94,0.04151184856891632,0.0,32,nntool-sq8-ne16(unknown)
base,320,0,166,MUL_0_198,mul,15.53,0.04129984602332115,0.0,32,nntool-sq8-ne16(unknown)
base,320,0,167,ADD_0_199,add,15.29,0.05662024766206741,0.0,32,nntool-sq8-ne16(unknown)
base,320,0,168,CONCATENATION_0_203,concat,15.37,0.05662024766206741,0.0,32,nntool-sq8-ne16(unknown)
base,320,0,169,DEQUANTIZE_0_78,constant,43.87,0.0014581154100596905,0.0,32,nntool-sq8-ne16(unknown)
base,320,0,170,DEQUANTIZE_0_24,constant,85.61,8.255885768448934e-05,0.0,32,nntool-sq8-ne16(unknown)
base,320,0,171,CONV_2D_0_204,conv2d,15.22,0.041013479232788086,-9.0,32,nntool-sq8-ne16(unknown)
base,320,0,172,LOGISTIC_0_205_qin0,quantize,15.16,0.06299212598425197,0.0,32,nntool-sq8-ne16(unknown)
base,320,0,173,LOGISTIC_0_205,sigmoid,23.54,0.007874015748031496,0.0,32,nntool-sq8-ne16(unknown)
base,320,0,174,MUL_0_206_qin0,quantize,15.19,0.04381396993994713,0.0,32,nntool-sq8-ne16(unknown)
base,320,0,175,MUL_0_206,mul,14.94,0.043646715581417084,0.0,32,nntool-sq8-ne16(unknown)
base,320,0,176,DEQUANTIZE_0_79,constant,43.89,0.0015763409901410341,0.0,32,nntool-sq8-ne16(unknown)
base,320,0,177,DEQUANTIZE_0_25,constant,88.75,6.880211003590375e-05,0.0,32,nntool-sq8-ne16(unknown)
base,320,0,178,CONV_2D_0_207,conv2d,15.08,0.0358283631503582,-13.0,32,nntool-sq8-ne16(unknown)
base,320,0,179,LOGISTIC_0_208_qin0,quantize,15.02,0.06299212598425197,0.0,32,nntool-sq8-ne16(unknown)
base,320,0,180,LOGISTIC_0_208,sigmoid,24.13,0.007874015748031496,0.0,32,nntool-sq8-ne16(unknown)
base,320,0,181,MUL_0_209_qin0,quantize,15.06,0.0396239347755909,0.0,32,nntool-sq8-ne16(unknown)
base,320,0,182,MUL_0_209,mul,15.71,0.03936709836125374,0.0,32,nntool-sq8-ne16(unknown)
base,320,0,183,MAX_POOL_2D_0_210,max_pool,17.87,0.03936709836125374,0.0,32,nntool-sq8-ne16(unknown)
base,320,0,184,MAX_POOL_2D_0_211,max_pool,18.74,0.03936709836125374,0.0,32,nntool-sq8-ne16(unknown)
base,320,0,185,MAX_POOL_2D_0_212,max_pool,19.18,0.03936709836125374,0.0,32,nntool-sq8-ne16(unknown)
base,320,0,186,CONCATENATION_0_213,concat,18.39,0.03936709836125374,0.0,32,nntool-sq8-ne16(unknown)
base,320,0,187,DEQUANTIZE_0_80,constant,41.08,0.0014552319189533591,0.0,32,nntool-sq8-ne16(unknown)
base,320,0,188,DEQUANTIZE_0_26,constant,98.71,5.728825635742396e-05,0.0,32,nntool-sq8-ne16(unknown)
base,320,0,189,CONV_2D_0_214,conv2d,15.77,0.034764256328344345,-2.0,32,nntool-sq8-ne16(unknown)
base,320,0,190,LOGISTIC_0_215_qin0,quantize,15.72,0.06299212598425197,0.0,32,nntool-sq8-ne16(unknown)
base,320,0,191,LOGISTIC_0_215,sigmoid,23.65,0.007874015748031496,0.0,32,nntool-sq8-ne16(unknown)
base,320,0,192,MUL_0_216_qin0,quantize,15.79,0.03528771921992302,0.0,32,nntool-sq8-ne16(unknown)
base,320,0,193,MUL_0_216,mul,15.48,0.03489287197589874,0.0,32,nntool-sq8-ne16(unknown)
base,320,0,194,DEQUANTIZE_0_81,constant,43.83,0.001562884426675737,0.0,32,nntool-sq8-ne16(unknown)
base,320,0,195,DEQUANTIZE_0_27,constant,85.61,5.453352787299082e-05,0.0,32,nntool-sq8-ne16(unknown)
base,320,0,196,CONV_2D_0_217,conv2d,16.03,0.03303361311554909,9.0,32,nntool-sq8-ne16(unknown)
base,320,0,197,LOGISTIC_0_218_qin0,quantize,15.96,0.06299212598425197,0.0,32,nntool-sq8-ne16(unknown)
base,320,0,198,LOGISTIC_0_218,sigmoid,24.22,0.007874015748031496,0.0,32,nntool-sq8-ne16(unknown)
base,320,0,199,MUL_0_219_qin0,quantize,16.0,0.03529170900583267,0.0,32,nntool-sq8-ne16(unknown)
base,320,0,200,MUL_0_219,mul,14.99,0.06642516702413559,0.0,32,nntool-sq8-ne16(unknown)
base,320,0,201,RESIZE_NEAREST_NEIGHBOR_0_220,nearest_neighbor,14.99,0.06642516702413559,0.0,32,nntool-sq8-ne16(unknown)
base,320,0,202,CONCATENATION_0_221_qin0,quantize,14.94,0.051006391644477844,0.0,32,nntool-sq8-ne16(unknown)
base,320,0,203,CONCATENATION_0_221,concat,14.3,0.051006391644477844,0.0,32,nntool-sq8-ne16(unknown)
base,320,0,204,DEQUANTIZE_0_82,constant,42.76,0.0025279128458350897,0.0,32,nntool-sq8-ne16(unknown)
base,320,0,205,DEQUANTIZE_0_28,constant,78.9,0.0001289397187065333,0.0,32,nntool-sq8-ne16(unknown)
base,320,0,206,CONV_2D_0_222,conv2d,14.0,0.050125423818826675,-22.0,32,nntool-sq8-ne16(unknown)
base,320,0,207,CONV_2D_0_222_split,split,13.69,0.050125423818826675,-22.0,32,nntool-sq8-ne16(unknown)
base,320,0,208,LOGISTIC_0_223_qin0,quantize,13.65,0.06299212598425197,0.0,32,nntool-sq8-ne16(unknown)
base,320,0,209,LOGISTIC_0_223,sigmoid,22.22,0.007874015748031496,0.0,32,nntool-sq8-ne16(unknown)
base,320,0,210,MUL_0_224_qin0,quantize,13.66,0.05899520218372345,0.0,32,nntool-sq8-ne16(unknown)
base,320,0,211,MUL_0_224,mul,12.54,0.05896234139800072,0.0,32,nntool-sq8-ne16(unknown)
base,320,0,212,LOGISTIC_0_232_qin0,quantize,14.27,0.06299212598425197,0.0,32,nntool-sq8-ne16(unknown)
base,320,0,213,LOGISTIC_0_232,sigmoid,23.18,0.007874015748031496,0.0,32,nntool-sq8-ne16(unknown)
base,320,0,214,MUL_0_233_qin0,quantize,14.26,0.05899520218372345,0.0,32,nntool-sq8-ne16(unknown)
base,320,0,215,MUL_0_233,mul,14.14,0.059296928346157074,0.0,32,nntool-sq8-ne16(unknown)
base,320,0,216,DEQUANTIZE_0_83,constant,45.96,0.005786324851214886,0.0,32,nntool-sq8-ne16(unknown)
base,320,0,217,DEQUANTIZE_0_29,constant,81.53,0.000341175269568339,0.0,32,nntool-sq8-ne16(unknown)
base,320,0,218,CONV_2D_0_225,conv2d,15.01,0.08174515515565872,14.0,32,nntool-sq8-ne16(unknown)
base,320,0,219,LOGISTIC_0_226_qin0,quantize,14.95,0.06299212598425197,0.0,32,nntool-sq8-ne16(unknown)
base,320,0,220,LOGISTIC_0_226,sigmoid,24.09,0.007874015748031496,0.0,32,nntool-sq8-ne16(unknown)
base,320,0,221,MUL_0_227_qin0,quantize,14.91,0.09038431197404861,0.0,32,nntool-sq8-ne16(unknown)
base,320,0,222,MUL_0_227,mul,15.43,0.07303113490343094,0.0,32,nntool-sq8-ne16(unknown)
base,320,0,223,DEQUANTIZE_0_84,constant,42.04,0.001954086124897003,0.0,32,nntool-sq8-ne16(unknown)
base,320,0,224,DEQUANTIZE_0_30,constant,92.78,0.0001427091337973252,0.0,32,nntool-sq8-ne16(unknown)
base,320,0,225,CONV_2D_0_228,conv2d,13.33,0.06437946856021881,10.0,32,nntool-sq8-ne16(unknown)
base,320,0,226,LOGISTIC_0_229_qin0,quantize,13.36,0.06299212598425197,0.0,32,nntool-sq8-ne16(unknown)
base,320,0,227,LOGISTIC_0_229,sigmoid,23.39,0.007874015748031496,0.0,32,nntool-sq8-ne16(unknown)
base,320,0,228,MUL_0_230_qin0,quantize,13.28,0.06939087808132172,0.0,32,nntool-sq8-ne16(unknown)
base,320,0,229,MUL_0_230,mul,13.95,0.059296928346157074,0.0,32,nntool-sq8-ne16(unknown)
base,320,0,230,CONCATENATION_0_234,concat,14.05,0.059296928346157074,0.0,32,nntool-sq8-ne16(unknown)
base,320,0,231,DEQUANTIZE_0_86,constant,44.26,0.004036970902234316,0.0,32,nntool-sq8-ne16(unknown)
base,320,0,232,DEQUANTIZE_0_32,constant,78.4,0.000239379980484955,0.0,32,nntool-sq8-ne16(unknown)
base,320,0,233,CONV_2D_0_235,conv2d,13.95,0.05827143043279648,19.0,32,nntool-sq8-ne16(unknown)
base,320,0,234,LOGISTIC_0_236_qin0,quantize,13.9,0.06299212598425197,0.0,32,nntool-sq8-ne16(unknown)
base,320,0,235,LOGISTIC_0_236,sigmoid,22.9,0.007874015748031496,0.0,32,nntool-sq8-ne16(unknown)
base,320,0,236,MUL_0_237_qin0,quantize,13.89,0.06708252429962158,0.0,32,nntool-sq8-ne16(unknown)
base,320,0,237,MUL_0_237,mul,13.66,0.04929792508482933,0.0,32,nntool-sq8-ne16(unknown)
base,320,0,238,DEQUANTIZE_0_87,constant,43.59,0.0035813699942082167,0.0,32,nntool-sq8-ne16(unknown)
base,320,0,239,DEQUANTIZE_0_33,constant,81.91,0.00017655410920269787,0.0,32,nntool-sq8-ne16(unknown)
base,320,0,240,CONV_2D_0_238,conv2d,13.73,0.04618125036358833,-6.0,32,nntool-sq8-ne16(unknown)
base,320,0,241,LOGISTIC_0_239_qin0,quantize,13.68,0.06299212598425197,0.0,32,nntool-sq8-ne16(unknown)
base,320,0,242,LOGISTIC_0_239,sigmoid,23.53,0.007874015748031496,0.0,32,nntool-sq8-ne16(unknown)
base,320,0,243,MUL_0_240_qin0,quantize,13.69,0.0482347197830677,0.0,32,nntool-sq8-ne16(unknown)
base,320,0,244,MUL_0_240,mul,14.16,0.08536351472139359,0.0,32,nntool-sq8-ne16(unknown)
base,320,0,245,RESIZE_NEAREST_NEIGHBOR_0_241,nearest_neighbor,14.16,0.08536351472139359,0.0,32,nntool-sq8-ne16(unknown)
base,320,0,246,CONCATENATION_0_242_qin0,quantize,14.08,0.05738493427634239,0.0,32,nntool-sq8-ne16(unknown)
base,320,0,247,CONCATENATION_0_242,concat,13.87,0.05738493427634239,0.0,32,nntool-sq8-ne16(unknown)
base,320,0,248,DEQUANTIZE_0_88,constant,43.08,0.0029143085703253746,0.0,32,nntool-sq8-ne16(unknown)
base,320,0,249,DEQUANTIZE_0_34,constant,81.29,0.0001672374055488035,0.0,32,nntool-sq8-ne16(unknown)
base,320,0,250,CONV_2D_0_243,conv2d,14.13,0.06249949708580971,-41.0,32,nntool-sq8-ne16(unknown)
base,320,0,251,CONV_2D_0_243_split,split,14.36,0.06249949708580971,-41.0,32,nntool-sq8-ne16(unknown)
base,320,0,252,LOGISTIC_0_244_qin0,quantize,14.34,0.06299212598425197,0.0,32,nntool-sq8-ne16(unknown)
base,320,0,253,LOGISTIC_0_244,sigmoid,24.08,0.007874015748031496,0.0,32,nntool-sq8-ne16(unknown)
base,320,0,254,MUL_0_245_qin0,quantize,14.24,0.08256707340478897,0.0,32,nntool-sq8-ne16(unknown)
base,320,0,255,MUL_0_245,mul,15.14,0.08256476372480392,0.0,32,nntool-sq8-ne16(unknown)
base,320,0,256,LOGISTIC_0_253_qin0,quantize,13.83,0.06299212598425197,0.0,32,nntool-sq8-ne16(unknown)
base,320,0,257,LOGISTIC_0_253,sigmoid,24.09,0.007874015748031496,0.0,32,nntool-sq8-ne16(unknown)
base,320,0,258,MUL_0_254_qin0,quantize,13.76,0.08256707340478897,0.0,32,nntool-sq8-ne16(unknown)
base,320,0,259,MUL_0_254,mul,14.03,0.09906094521284103,0.0,32,nntool-sq8-ne16(unknown)
base,320,0,260,DEQUANTIZE_0_89,constant,46.61,0.004702109843492508,0.0,32,nntool-sq8-ne16(unknown)
base,320,0,261,DEQUANTIZE_0_35,constant,78.1,0.00038822859642095864,0.0,32,nntool-sq8-ne16(unknown)
base,320,0,262,CONV_2D_0_246,conv2d,17.44,0.06299212598425197,0.0,32,nntool-sq8-ne16(unknown)
base,320,0,263,LOGISTIC_0_247,sigmoid,26.18,0.007874015748031496,0.0,32,nntool-sq8-ne16(unknown)
base,320,0,264,MUL_0_248,mul,17.88,0.06904438883066177,0.0,32,nntool-sq8-ne16(unknown)
base,320,0,265,DEQUANTIZE_0_90,constant,42.44,0.0028777834959328175,0.0,32,nntool-sq8-ne16(unknown)
base,320,0,266,DEQUANTIZE_0_36,constant,90.29,0.00019869480456691235,0.0,32,nntool-sq8-ne16(unknown)
base,320,0,267,CONV_2D_0_249,conv2d,16.26,0.11705673485994339,20.0,32,nntool-sq8-ne16(unknown)
base,320,0,268,LOGISTIC_0_250_qin0,quantize,16.13,0.06299212598425197,0.0,32,nntool-sq8-ne16(unknown)
base,320,0,269,LOGISTIC_0_250,sigmoid,25.53,0.007874015748031496,0.0,32,nntool-sq8-ne16(unknown)
base,320,0,270,MUL_0_251_qin0,quantize,16.02,0.13491159677505493,0.0,32,nntool-sq8-ne16(unknown)
base,320,0,271,MUL_0_251,mul,15.87,0.09906094521284103,0.0,32,nntool-sq8-ne16(unknown)
base,320,0,272,CONCATENATION_0_255,concat,15.22,0.09906094521284103,0.0,32,nntool-sq8-ne16(unknown)
base,320,0,273,DEQUANTIZE_0_92,constant,44.12,0.00654758233577013,0.0,32,nntool-sq8-ne16(unknown)
base,320,0,274,DEQUANTIZE_0_38,constant,76.53,0.0006486097117885947,0.0,32,nntool-sq8-ne16(unknown)
base,320,0,275,CONV_2D_0_256,conv2d,16.08,0.06299212598425197,0.0,32,nntool-sq8-ne16(unknown)
base,320,0,276,LOGISTIC_0_257,sigmoid,24.49,0.007874015748031496,0.0,32,nntool-sq8-ne16(unknown)
base,320,0,277,MUL_0_258,mul,16.32,0.10404010117053986,0.0,32,nntool-sq8-ne16(unknown)
base,320,0,278,DEQUANTIZE_0_93,constant,41.09,0.0006411094218492508,0.0,32,nntool-sq8-ne16(unknown)
base,320,0,279,DEQUANTIZE_0_39,constant,85.09,6.670108996331692e-05,0.0,32,nntool-sq8-ne16(unknown)
base,320,0,280,CONV_2D_0_260,conv2d,12.1,0.09063505381345749,7.0,32,nntool-sq8-ne16(unknown)
base,320,0,281,LOGISTIC_0_261_qin0,quantize,12.05,0.06299212598425197,0.0,32,nntool-sq8-ne16(unknown)
base,320,0,282,LOGISTIC_0_261,sigmoid,21.97,0.007874015748031496,0.0,32,nntool-sq8-ne16(unknown)
base,320,0,283,MUL_0_262_qin0,quantize,11.98,0.09586375206708908,0.0,32,nntool-sq8-ne16(unknown)
base,320,0,284,MUL_0_262,mul,12.32,0.08536351472139359,0.0,32,nntool-sq8-ne16(unknown)
base,320,0,285,CONCATENATION_0_263,concat,13.17,0.08536351472139359,0.0,32,nntool-sq8-ne16(unknown)
base,320,0,286,DEQUANTIZE_0_94,constant,43.53,0.004552165511995554,0.0,32,nntool-sq8-ne16(unknown)
base,320,0,287,DEQUANTIZE_0_40,constant,78.66,0.0003885888436343521,0.0,32,nntool-sq8-ne16(unknown)
base,320,0,288,CONV_2D_0_264,conv2d,13.55,0.06234576180577278,-5.0,32,nntool-sq8-ne16(unknown)
base,320,0,289,CONV_2D_0_264_split,split,13.06,0.06234576180577278,-5.0,32,nntool-sq8-ne16(unknown)
base,320,0,290,LOGISTIC_0_265_qin0,quantize,13.03,0.06299212598425197,0.0,32,nntool-sq8-ne16(unknown)
base,320,0,291,LOGISTIC_0_265,sigmoid,23.11,0.007874015748031496,0.0,32,nntool-sq8-ne16(unknown)
base,320,0,292,MUL_0_266_qin0,quantize,13.02,0.06458166241645813,0.0,32,nntool-sq8-ne16(unknown)
base,320,0,293,MUL_0_266,mul,13.45,0.06456395238637924,0.0,32,nntool-sq8-ne16(unknown)
base,320,0,294,LOGISTIC_0_274_qin0,quantize,13.99,0.06299212598425197,0.0,32,nntool-sq8-ne16(unknown)
base,320,0,295,LOGISTIC_0_274,sigmoid,23.89,0.007874015748031496,0.0,32,nntool-sq8-ne16(unknown)
base,320,0,296,MUL_0_275_qin0,quantize,14.01,0.06458166241645813,0.0,32,nntool-sq8-ne16(unknown)
base,320,0,297,MUL_0_275,mul,14.47,0.07504559308290482,0.0,32,nntool-sq8-ne16(unknown)
base,320,0,298,DEQUANTIZE_0_95,constant,45.87,0.003187284804880619,0.0,32,nntool-sq8-ne16(unknown)
base,320,0,299,DEQUANTIZE_0_41,constant,76.59,0.00020578369731083512,0.0,32,nntool-sq8-ne16(unknown)
base,320,0,300,CONV_2D_0_267,conv2d,14.28,0.07739920914173126,9.0,32,nntool-sq8-ne16(unknown)
base,320,0,301,LOGISTIC_0_268_qin0,quantize,14.22,0.06299212598425197,0.0,32,nntool-sq8-ne16(unknown)
base,320,0,302,LOGISTIC_0_268,sigmoid,24.15,0.007874015748031496,0.0,32,nntool-sq8-ne16(unknown)
base,320,0,303,MUL_0_269_qin0,quantize,14.18,0.08271005749702454,0.0,32,nntool-sq8-ne16(unknown)
base,320,0,304,MUL_0_269,mul,14.16,0.07203889638185501,0.0,32,nntool-sq8-ne16(unknown)
base,320,0,305,DEQUANTIZE_0_96,constant,40.55,0.0014946404844522476,0.0,32,nntool-sq8-ne16(unknown)
base,320,0,306,DEQUANTIZE_0_42,constant,82.99,0.00010767224739538506,0.0,32,nntool-sq8-ne16(unknown)
base,320,0,307,CONV_2D_0_270,conv2d,14.29,0.06953734159469604,-10.0,32,nntool-sq8-ne16(unknown)
base,320,0,308,LOGISTIC_0_271_qin0,quantize,14.23,0.06299212598425197,0.0,32,nntool-sq8-ne16(unknown)
base,320,0,309,LOGISTIC_0_271,sigmoid,24.7,0.007874015748031496,0.0,32,nntool-sq8-ne16(unknown)
base,320,0,310,MUL_0_272_qin0,quantize,14.21,0.07505103200674057,0.0,32,nntool-sq8-ne16(unknown)
base,320,0,311,MUL_0_272,mul,14.11,0.07504559308290482,0.0,32,nntool-sq8-ne16(unknown)
base,320,0,312,CONCATENATION_0_276,concat,14.28,0.07504559308290482,0.0,32,nntool-sq8-ne16(unknown)
base,320,0,313,DEQUANTIZE_0_98,constant,42.52,0.0020819236524403095,0.0,32,nntool-sq8-ne16(unknown)
base,320,0,314,DEQUANTIZE_0_44,constant,80.39,0.0001562391989864409,0.0,32,nntool-sq8-ne16(unknown)
base,320,0,315,CONV_2D_0_277,conv2d,14.87,0.06117063760757446,-19.0,32,nntool-sq8-ne16(unknown)
base,320,0,316,LOGISTIC_0_278_qin0,quantize,14.81,0.06299212598425197,0.0,32,nntool-sq8-ne16(unknown)
base,320,0,317,LOGISTIC_0_278,sigmoid,24.41,0.007874015748031496,0.0,32,nntool-sq8-ne16(unknown)
base,320,0,318,MUL_0_279_qin0,quantize,14.8,0.07025133073329926,0.0,32,nntool-sq8-ne16(unknown)
base,320,0,319,MUL_0_279,mul,14.7,0.07024195790290833,0.0,32,nntool-sq8-ne16(unknown)
base,320,0,320,DEQUANTIZE_0_99,constant,39.11,0.0013591136084869504,0.0,32,nntool-sq8-ne16(unknown)
base,320,0,321,DEQUANTIZE_0_45,constant,86.66,9.54667993937619e-05,0.0,32,nntool-sq8-ne16(unknown)
base,320,0,322,CONV_2D_0_281,conv2d,11.15,0.06373851746320724,-5.0,32,nntool-sq8-ne16(unknown)
base,320,0,323,LOGISTIC_0_282_qin0,quantize,11.16,0.06299212598425197,0.0,32,nntool-sq8-ne16(unknown)
base,320,0,324,LOGISTIC_0_282,sigmoid,21.57,0.007874015748031496,0.0,32,nntool-sq8-ne16(unknown)
base,320,0,325,MUL_0_283_qin0,quantize,11.11,0.06643954664468765,0.0,32,nntool-sq8-ne16(unknown)
base,320,0,326,MUL_0_283,mul,11.17,0.06642516702413559,0.0,32,nntool-sq8-ne16(unknown)
base,320,0,327,CONCATENATION_0_284,concat,12.56,0.06642516702413559,0.0,32,nntool-sq8-ne16(unknown)
base,320,0,328,DEQUANTIZE_0_100,constant,41.85,0.0021568958181887865,0.0,32,nntool-sq8-ne16(unknown)
base,320,0,329,DEQUANTIZE_0_46,constant,78.84,0.00014327216194942594,0.0,32,nntool-sq8-ne16(unknown)
base,320,0,330,CONV_2D_0_285,conv2d,11.74,0.048306193202733994,-12.0,32,nntool-sq8-ne16(unknown)
base,320,0,331,CONV_2D_0_285_split,split,11.5,0.048306193202733994,-12.0,32,nntool-sq8-ne16(unknown)
base,320,0,332,LOGISTIC_0_286_qin0,quantize,11.46,0.06299212598425197,0.0,32,nntool-sq8-ne16(unknown)
base,320,0,333,LOGISTIC_0_286,sigmoid,22.31,0.007874015748031496,0.0,32,nntool-sq8-ne16(unknown)
base,320,0,334,MUL_0_287_qin0,quantize,11.47,0.05274414271116257,0.0,32,nntool-sq8-ne16(unknown)
base,320,0,335,MUL_0_287,mul,11.22,0.05267920345067978,0.0,32,nntool-sq8-ne16(unknown)
base,320,0,336,LOGISTIC_0_295_qin0,quantize,11.96,0.06299212598425197,0.0,32,nntool-sq8-ne16(unknown)
base,320,0,337,LOGISTIC_0_295,sigmoid,23.07,0.007874015748031496,0.0,32,nntool-sq8-ne16(unknown)
base,320,0,338,MUL_0_296_qin0,quantize,11.97,0.05274414271116257,0.0,32,nntool-sq8-ne16(unknown)
base,320,0,339,MUL_0_296,mul,12.06,0.06730492413043976,0.0,32,nntool-sq8-ne16(unknown)
base,320,0,340,DEQUANTIZE_0_101,constant,44.87,0.0029508336447179317,0.0,32,nntool-sq8-ne16(unknown)
base,320,0,341,DEQUANTIZE_0_47,constant,80.39,0.0001554475602461025,0.0,32,nntool-sq8-ne16(unknown)
base,320,0,342,CONV_2D_0_288,conv2d,11.46,0.07155861705541611,-20.0,32,nntool-sq8-ne16(unknown)
base,320,0,343,LOGISTIC_0_289_qin0,quantize,11.42,0.06299212598425197,0.0,32,nntool-sq8-ne16(unknown)
base,320,0,344,LOGISTIC_0_289,sigmoid,22.56,0.007874015748031496,0.0,32,nntool-sq8-ne16(unknown)
base,320,0,345,MUL_0_290_qin0,quantize,11.39,0.08291156589984894,0.0,32,nntool-sq8-ne16(unknown)
base,320,0,346,MUL_0_290,mul,11.31,0.08290935307741165,0.0,32,nntool-sq8-ne16(unknown)
base,320,0,347,DEQUANTIZE_0_102,constant,38.9,0.0006560077890753746,0.0,32,nntool-sq8-ne16(unknown)
base,320,0,348,DEQUANTIZE_0_48,constant,83.14,5.438918014988303e-05,0.0,32,nntool-sq8-ne16(unknown)
base,320,0,349,CONV_2D_0_291,conv2d,10.95,0.05804235488176346,-20.0,32,nntool-sq8-ne16(unknown)
base,320,0,350,LOGISTIC_0_292_qin0,quantize,10.91,0.06299212598425197,0.0,32,nntool-sq8-ne16(unknown)
base,320,0,351,LOGISTIC_0_292,sigmoid,22.26,0.007874015748031496,0.0,32,nntool-sq8-ne16(unknown)
base,320,0,352,MUL_0_293_qin0,quantize,10.9,0.06731796264648438,0.0,32,nntool-sq8-ne16(unknown)
base,320,0,353,MUL_0_293,mul,10.94,0.06730492413043976,0.0,32,nntool-sq8-ne16(unknown)
base,320,0,354,CONCATENATION_0_297,concat,11.47,0.06730492413043976,0.0,32,nntool-sq8-ne16(unknown)
base,320,0,355,DEQUANTIZE_0_104,constant,41.63,0.000921775063034147,0.0,32,nntool-sq8-ne16(unknown)
base,320,0,356,DEQUANTIZE_0_50,constant,84.0,6.20400023763068e-05,0.0,32,nntool-sq8-ne16(unknown)
base,320,0,357,CONV_2D_0_298,conv2d,13.16,0.04141053557395935,16.0,32,nntool-sq8-ne16(unknown)
base,320,0,358,LOGISTIC_0_299_qin0,quantize,13.08,0.06299212598425197,0.0,32,nntool-sq8-ne16(unknown)
base,320,0,359,LOGISTIC_0_299,sigmoid,25.17,0.007874015748031496,0.0,32,nntool-sq8-ne16(unknown)
base,320,0,360,MUL_0_300_qin0,quantize,13.12,0.04658569395542145,0.0,32,nntool-sq8-ne16(unknown)
base,320,0,361,MUL_0_300,mul,13.79,0.03583325073122978,0.0,32,nntool-sq8-ne16(unknown)
base,320,0,362,DEQUANTIZE_0_105,constant,39.86,0.0034006673377007246,0.0,32,nntool-sq8-ne16(unknown)
base,320,0,363,DEQUANTIZE_0_51,constant,93.13,0.00012185696687083691,0.0,32,nntool-sq8-ne16(unknown)
base,320,0,364,CONV_2D_0_301,conv2d,16.87,0.06299212598425197,0.0,32,nntool-sq8-ne16(unknown)
base,320,0,365,CONV_2D_0_301_trans_out0,transpose,16.87,0.06299212598425197,0.0,32,nntool-sq8-ne16(unknown)
base,320,0,366,RESHAPE_0_302,reshape,16.87,0.06299212598425197,0.0,32,nntool-sq8-ne16(unknown)
base,320,0,367,STRIDED_SLICE_0_303_split,split,9.58,0.06299212598425197,0.0,32,nntool-sq8-ne16(unknown)
base,320,0,368,LOGISTIC_0_304,sigmoid,20.78,0.007874015748031496,0.0,32,nntool-sq8-ne16(unknown)
base,320,0,369,LOGISTIC_0_310,sigmoid,30.6,0.007874015748031496,0.0,32,nntool-sq8-ne16(unknown)
base,320,0,370,MUL_0_311,mul,24.52,0.0030600838363170624,0.0,32,nntool-sq8-ne16(unknown)
base,320,0,371,LOGISTIC_0_315,sigmoid,12.98,0.007874015748031496,0.0,32,nntool-sq8-ne16(unknown)
base,320,0,373,MUL_0_305,mul,5.95,0.015595831908285618,0.0,32,nntool-sq8-ne16(unknown)
base,320,0,374,DEQUANTIZE_0_109,constant,120.0,1.0,0.0,32,nntool-sq8-ne16(unknown)
base,320,0,375,ADD_0_306,add,15.7,0.07606977969408035,0.0,32,nntool-sq8-ne16(unknown)
base,320,0,377,MUL_0_307,mul,0.22,2.4342329502105713,0.0,32,nntool-sq8-ne16(unknown)
base,320,0,378,DEQUANTIZE_0_117,constant,0.0,0.007874015718698502,0.0,32,nntool-sq8-ne16(unknown)
base,320,0,379,MUL_0_308,mul,0.0,0.007874015748031496,0.0,32,nntool-sq8-ne16(unknown)
base,320,0,380,DEQUANTIZE_0_112,constant,0.01,0.007874015718698502,0.0,32,nntool-sq8-ne16(unknown)
base,320,0,381,MUL_0_312,mul,0.0,1.3552995920181274,0.0,32,nntool-sq8-ne16(unknown)
base,320,0,382,DEQUANTIZE_0_106,constant,41.38,0.0033487635664641857,0.0,32,nntool-sq8-ne16(unknown)
base,320,0,383,DEQUANTIZE_0_52,constant,87.87,0.00023522370611317456,0.0,32,nntool-sq8-ne16(unknown)
base,320,0,384,CONV_2D_0_318,conv2d,16.49,0.06299212598425197,0.0,32,nntool-sq8-ne16(unknown)
base,320,0,385,CONV_2D_0_318_trans_out0,transpose,16.49,0.06299212598425197,0.0,32,nntool-sq8-ne16(unknown)
base,320,0,386,RESHAPE_0_319,reshape,16.49,0.06299212598425197,0.0,32,nntool-sq8-ne16(unknown)
base,320,0,387,STRIDED_SLICE_0_320_split,split,11.61,0.06299212598425197,0.0,32,nntool-sq8-ne16(unknown)
base,320,0,388,LOGISTIC_0_321,sigmoid,23.15,0.007874015748031496,0.0,32,nntool-sq8-ne16(unknown)
base,320,0,389,LOGISTIC_0_327,sigmoid,28.03,0.007874015748031496,0.0,32,nntool-sq8-ne16(unknown)
base,320,0,390,MUL_0_328,mul,21.6,0.007449734024703503,0.0,32,nntool-sq8-ne16(unknown)
base,320,0,391,LOGISTIC_0_332,sigmoid,13.71,0.007874015748031496,0.0,32,nntool-sq8-ne16(unknown)
base,320,0,392,DEQUANTIZE_0_110,constant,120.0,1.0,0.0,32,nntool-sq8-ne16(unknown)
base,320,0,394,DEQUANTIZE_0_113,constant,0.03,0.007874015718698502,0.0,32,nntool-sq8-ne16(unknown)
base,320,0,395,MUL_0_329,mul,0.01,1.127737283706665,0.0,32,nntool-sq8-ne16(unknown)
base,320,0,396,DEQUANTIZE_0_107,constant,44.07,0.003085399279370904,0.0,32,nntool-sq8-ne16(unknown)
base,320,0,397,DEQUANTIZE_0_53,constant,86.38,0.0003210052673239261,0.0,32,nntool-sq8-ne16(unknown)
base,320,0,398,CONV_2D_0_335,conv2d,12.86,0.06299212598425197,0.0,32,nntool-sq8-ne16(unknown)
base,320,0,399,CONV_2D_0_335_trans_out0,transpose,12.86,0.06299212598425197,0.0,32,nntool-sq8-ne16(unknown)
base,320,0,400,RESHAPE_0_336,reshape,12.86,0.06299212598425197,0.0,32,nntool-sq8-ne16(unknown)
base,320,0,401,STRIDED_SLICE_0_337_split,split,10.49,0.06299212598425197,0.0,32,nntool-sq8-ne16(unknown)
base,320,0,402,LOGISTIC_0_338,sigmoid,24.61,0.007874015748031496,0.0,32,nntool-sq8-ne16(unknown)
base,320,0,403,LOGISTIC_0_344,sigmoid,31.78,0.007874015748031496,0.0,32,nntool-sq8-ne16(unknown)
base,320,0,404,MUL_0_345,mul,26.39,0.007857327349483967,0.0,32,nntool-sq8-ne16(unknown)
base,320,0,405,LOGISTIC_0_349,sigmoid,15.5,0.007874015748031496,0.0,32,nntool-sq8-ne16(unknown)
base,320,0,406,DEQUANTIZE_0_108,constant,120.0,1.0,0.0,32,nntool-sq8-ne16(unknown)
base,320,0,408,DEQUANTIZE_0_111,constant,0.09,0.007874015718698502,0.0,32,nntool-sq8-ne16(unknown)
base,320,0,409,MUL_0_346,mul,0.11,0.8681212067604065,0.0,32,nntool-sq8-ne16(unknown)
base,320,0,411,MUL_0_322,mul,23.14,0.015546289272606373,0.0,32,nntool-sq8-ne16(unknown)
base,320,0,412,ADD_0_323,add,27.65,0.15520523488521576,0.0,32,nntool-sq8-ne16(unknown)
base,320,0,413,MUL_0_324,mul,0.54,2.483283758163452,0.0,32,nntool-sq8-ne16(unknown)
base,320,0,415,MUL_0_339,mul,24.58,0.014798778109252453,0.0,32,nntool-sq8-ne16(unknown)
base,320,0,416,ADD_0_340,add,33.67,0.31162187457084656,0.0,32,nntool-sq8-ne16(unknown)
base,320,0,417,MUL_0_341,mul,1.13,2.4929749965667725,0.0,32,nntool-sq8-ne16(unknown)
base,320,0,418,DEQUANTIZE_0_117_1,constant,120.0,2.4600291815329725e-05,0.0,32,nntool-sq8-ne16(unknown)
base,320,0,419,MUL_0_313,mul,0.0,0.007874015748031496,0.0,32,nntool-sq8-ne16(unknown)
base,320,0,420,CONCATENATION_0_316,concat,1.16,0.007874015748031496,0.0,32,nntool-sq8-ne16(unknown)
base,320,0,421,RESHAPE_0_317,reshape,1.16,0.007874015748031496,0.0,32,nntool-sq8-ne16(unknown)
base,320,0,422,DEQUANTIZE_0_117_2,constant,120.0,2.4600291815329725e-05,0.0,32,nntool-sq8-ne16(unknown)
base,320,0,423,MUL_0_325,mul,0.55,0.007874015748031496,0.0,32,nntool-sq8-ne16(unknown)
base,320,0,424,DEQUANTIZE_0_117_3,constant,120.0,2.4600291815329725e-05,0.0,32,nntool-sq8-ne16(unknown)
base,320,0,425,MUL_0_330,mul,0.0,0.007874015748031496,0.0,32,nntool-sq8-ne16(unknown)
base,320,0,426,CONCATENATION_0_333,concat,1.78,0.007874015748031496,0.0,32,nntool-sq8-ne16(unknown)
base,320,0,427,RESHAPE_0_334,reshape,1.78,0.007874015748031496,0.0,32,nntool-sq8-ne16(unknown)
base,320,0,428,DEQUANTIZE_0_117_4,constant,120.0,2.4600291815329725e-05,0.0,32,nntool-sq8-ne16(unknown)
base,320,0,429,MUL_0_342,mul,1.14,0.007874015748031496,0.0,32,nntool-sq8-ne16(unknown)
base,320,0,430,DEQUANTIZE_0_117_5,constant,120.0,2.4600291815329725e-05,0.0,32,nntool-sq8-ne16(unknown)
base,320,0,431,MUL_0_347,mul,0.0,0.007874015748031496,0.0,32,nntool-sq8-ne16(unknown)
base,320,0,432,CONCATENATION_0_350,concat,2.58,0.007874015748031496,0.0,32,nntool-sq8-ne16(unknown)
base,320,0,433,RESHAPE_0_351,reshape,2.58,0.007874015748031496,0.0,32,nntool-sq8-ne16(unknown)
base,320,0,434,CONCATENATION_0_352,concat,2.33,0.007874015748031496,0.0,32,nntool-sq8-ne16(unknown)
base,320,0,435,CONCATENATION_0_352_copy,copy,2.33,0.007874015748031496,0.0,32,nntool-sq8-ne16(unknown)
base,320,0,436,output_1,output,2.33,0.007874015748031496,0.0,32,nntool-sq8-ne16(unknown)
base,320,0,0,input_1,input,46.26,0.007874015718698502,0.0,32,nntool-sq8-ne16(unknown)
base,320,0,1,_model_0_conv_Conv_weights,constant,41.87,0.04600485786795616,0.0,32,nntool-sq8-ne16(unknown)
base,320,0,2,constant_model_0_conv_bias,constant,91.45,0.00036224297946318984,0.0,32,nntool-sq8-ne16(unknown)
base,320,0,3,_model_0_conv_Conv,conv2d,27.22,0.23691557347774506,-8.0,32,nntool-sq8-ne16(unknown)
base,320,0,4,_model_0_act_Sigmoid_qin0,quantize,26.39,0.06299212598425197,0.0,32,nntool-sq8-ne16(unknown)
base,320,0,5,_model_0_act_Sigmoid,sigmoid,34.68,0.007874015748031496,0.0,32,nntool-sq8-ne16(unknown)
base,320,0,6,_model_0_act_Mul_qin0,quantize,23.92,0.25138917565345764,0.0,32,nntool-sq8-ne16(unknown)
base,320,0,7,_model_0_act_Mul,mul,21.53,0.25138917565345764,0.0,32,nntool-sq8-ne16(unknown)
base,320,0,8,_model_1_conv_Conv_weights,constant,42.74,0.0014823480742052197,0.0,32,nntool-sq8-ne16(unknown)
base,320,0,9,constant_model_1_conv_bias,constant,76.21,0.00037264626007527113,0.0,32,nntool-sq8-ne16(unknown)
base,320,0,10,_model_1_conv_Conv,conv2d,19.57,0.10810869187116623,13.0,32,nntool-sq8-ne16(unknown)
base,320,0,11,_model_1_act_Sigmoid_qin0,quantize,19.48,0.06299212598425197,0.0,32,nntool-sq8-ne16(unknown)
base,320,0,12,_model_1_act_Sigmoid,sigmoid,28.3,0.007874015748031496,0.0,32,nntool-sq8-ne16(unknown)
base,320,0,13,_model_1_act_Mul_qin0,quantize,19.3,0.11881042271852493,0.0,32,nntool-sq8-ne16(unknown)
base,320,0,14,_model_1_act_Mul,mul,19.05,0.09732227772474289,0.0,32,nntool-sq8-ne16(unknown)
base,320,0,15,_model_2_cv1_conv_Conv_weights,constant,46.51,0.0029206734616309404,0.0,32,nntool-sq8-ne16(unknown)
base,320,0,16,constant_model_2_cv1_conv_bias,constant,80.42,0.0002842466055881232,0.0,32,nntool-sq8-ne16(unknown)
base,320,0,17,_model_2_cv1_conv_Conv,conv2d,17.53,0.07151278853416443,25.0,32,nntool-sq8-ne16(unknown)
base,320,0,18,_model_2_cv1_conv_Conv_split,split,18.03,0.07151278853416443,25.0,32,nntool-sq8-ne16(unknown)
base,320,0,19,_model_2_cv1_act_Sigmoid_qin0,quantize,17.94,0.06299212598425197,0.0,32,nntool-sq8-ne16(unknown)
base,320,0,20,_model_2_cv1_act_Sigmoid,sigmoid,28.15,0.007874015748031496,0.0,32,nntool-sq8-ne16(unknown)
base,320,0,21,_model_2_cv1_act_Mul_qin0,quantize,17.85,0.08536653220653534,0.0,32,nntool-sq8-ne16(unknown)
base,320,0,22,_model_2_cv1_act_Mul,mul,17.49,0.046632323414087296,0.0,32,nntool-sq8-ne16(unknown)
base,320,0,23,_model_2_cv2_act_Sigmoid_qin0,quantize,17.29,0.06299212598425197,0.0,32,nntool-sq8-ne16(unknown)
base,320,0,24,_model_2_cv2_act_Sigmoid,sigmoid,23.89,0.007874015748031496,0.0,32,nntool-sq8-ne16(unknown)
base,320,0,25,_model_2_cv2_act_Mul_qin0,quantize,17.25,0.08536653220653534,0.0,32,nntool-sq8-ne16(unknown)
base,320,0,26,_model_2_cv2_act_Mul,mul,16.72,0.09095007181167603,0.0,32,nntool-sq8-ne16(unknown)
base,320,0,27,_model_2_m_m_0_cv1_conv_Conv_weights,constant,48.27,0.010213576257228851,0.0,32,nntool-sq8-ne16(unknown)
base,320,0,28,constant_model_2_m_0_cv1_conv_bias,constant,82.69,0.00047628278844058514,0.0,32,nntool-sq8-ne16(unknown)
base,320,0,29,_model_2_m_m_0_cv1_conv_Conv,conv2d,16.99,0.047202181071043015,-4.0,32,nntool-sq8-ne16(unknown)
base,320,0,30,_model_2_m_m_0_cv1_act_Sigmoid_qin0,quantize,16.94,0.06299212598425197,0.0,32,nntool-sq8-ne16(unknown)
base,320,0,31,_model_2_m_m_0_cv1_act_Sigmoid,sigmoid,25.86,0.007874015748031496,0.0,32,nntool-sq8-ne16(unknown)
base,320,0,32,_model_2_m_m_0_cv1_act_Mul_qin0,quantize,16.94,0.04873678460717201,0.0,32,nntool-sq8-ne16(unknown)
base,320,0,33,_model_2_m_m_0_cv1_act_Mul,mul,17.33,0.048637039959430695,0.0,32,nntool-sq8-ne16(unknown)
base,320,0,34,_model_2_m_m_0_cv2_conv_Conv_weights,constant,42.26,0.005775198340415955,0.0,32,nntool-sq8-ne16(unknown)
base,320,0,35,constant_model_2_m_0_cv2_conv_bias,constant,91.69,0.00028088854742236435,0.0,32,nntool-sq8-ne16(unknown)
base,320,0,36,_model_2_m_m_0_cv2_conv_Conv,conv2d,14.72,0.06915392726659775,-1.0,32,nntool-sq8-ne16(unknown)
base,320,0,37,_model_2_m_m_0_cv2_act_Sigmoid_qin0,quantize,14.69,0.06299212598425197,0.0,32,nntool-sq8-ne16(unknown)
base,320,0,38,_model_2_m_m_0_cv2_act_Sigmoid,sigmoid,23.18,0.007874015748031496,0.0,32,nntool-sq8-ne16(unknown)
base,320,0,39,_model_2_m_m_0_cv2_act_Mul_qin0,quantize,14.69,0.06962843984365463,0.0,32,nntool-sq8-ne16(unknown)
base,320,0,40,_model_2_m_m_0_cv2_act_Mul,mul,14.61,0.06961838155984879,0.0,32,nntool-sq8-ne16(unknown)
base,320,0,41,_model_2_m_m_0_Add,add,16.26,0.09095007181167603,0.0,32,nntool-sq8-ne16(unknown)
base,320,0,42,_model_2_Concat,concat,16.41,0.09095007181167603,0.0,32,nntool-sq8-ne16(unknown)
base,320,0,43,_model_2_cv3_conv_Conv_weights,constant,46.08,0.006707928143441677,0.0,32,nntool-sq8-ne16(unknown)
base,320,0,44,constant_model_2_cv3_conv_bias,constant,74.79,0.000610086543019861,0.0,32,nntool-sq8-ne16(unknown)
base,320,0,45,_model_2_cv3_conv_Conv,conv2d,13.15,0.08208265155553818,6.0,32,nntool-sq8-ne16(unknown)
base,320,0,46,_model_2_cv3_act_Sigmoid_qin0,quantize,13.13,0.06299212598425197,0.0,32,nntool-sq8-ne16(unknown)
base,320,0,47,_model_2_cv3_act_Sigmoid,sigmoid,19.43,0.007874015748031496,0.0,32,nntool-sq8-ne16(unknown)
base,320,0,48,_model_2_cv3_act_Mul_qin0,quantize,13.12,0.08607184886932373,0.0,32,nntool-sq8-ne16(unknown)
base,320,0,49,_model_2_cv3_act_Mul,mul,13.04,0.07805817574262619,0.0,32,nntool-sq8-ne16(unknown)
base,320,0,50,_model_3_conv_Conv_weights,constant,41.79,0.0018120505847036839,0.0,32,nntool-sq8-ne16(unknown)
base,320,0,51,constant_model_3_conv_bias,constant,84.72,0.00014144535816740245,0.0,32,nntool-sq8-ne16(unknown)
base,320,0,52,_model_3_conv_Conv,conv2d,13.15,0.10694161057472229,17.0,32,nntool-sq8-ne16(unknown)
base,320,0,53,_model_3_act_Sigmoid_qin0,quantize,13.13,0.06299212598425197,0.0,32,nntool-sq8-ne16(unknown)
base,320,0,54,_model_3_act_Sigmoid,sigmoid,20.98,0.007874015748031496,0.0,32,nntool-sq8-ne16(unknown)
base,320,0,55,_model_3_act_Mul_qin0,quantize,13.06,0.12140268087387085,0.0,32,nntool-sq8-ne16(unknown)
base,320,0,56,_model_3_act_Mul,mul,13.6,0.09236594289541245,0.0,32,nntool-sq8-ne16(unknown)
base,320,0,57,_model_4_cv1_conv_Conv_weights,constant,45.13,0.0034217291977256536,0.0,32,nntool-sq8-ne16(unknown)
base,320,0,58,constant_model_4_cv1_conv_bias,constant,73.65,0.00031605124240741134,0.0,32,nntool-sq8-ne16(unknown)
base,320,0,59,_model_4_cv1_conv_Conv,conv2d,14.94,0.07316140830516815,-4.0,32,nntool-sq8-ne16(unknown)
base,320,0,60,_model_4_cv1_conv_Conv_split,split,14.79,0.07316140830516815,-4.0,32,nntool-sq8-ne16(unknown)
base,320,0,61,_model_4_cv1_act_Sigmoid_qin0,quantize,14.72,0.06299212598425197,0.0,32,nntool-sq8-ne16(unknown)
base,320,0,62,_model_4_cv1_act_Sigmoid,sigmoid,25.45,0.007874015748031496,0.0,32,nntool-sq8-ne16(unknown)
base,320,0,63,_model_4_cv1_act_Mul_qin0,quantize,14.65,0.07548297941684723,0.0,32,nntool-sq8-ne16(unknown)
base,320,0,64,_model_4_cv1_act_Mul,mul,14.38,0.05031893402338028,0.0,32,nntool-sq8-ne16(unknown)
base,320,0,65,_model_4_cv2_act_Sigmoid_qin0,quantize,14.97,0.06299212598425197,0.0,32,nntool-sq8-ne16(unknown)
base,320,0,66,_model_4_cv2_act_Sigmoid,sigmoid,22.75,0.007874015748031496,0.0,32,nntool-sq8-ne16(unknown)
base,320,0,67,_model_4_cv2_act_Mul_qin0,quantize,14.96,0.07548297941684723,0.0,32,nntool-sq8-ne16(unknown)
base,320,0,68,_model_4_cv2_act_Mul,mul,14.72,0.07582729309797287,0.0,32,nntool-sq8-ne16(unknown)
base,320,0,69,_model_4_m_m_0_cv1_conv_Conv_weights,constant,46.5,0.0073852380737662315,0.0,32,nntool-sq8-ne16(unknown)
base,320,0,70,constant_model_4_m_0_cv1_conv_bias,constant,78.43,0.0003716172941494733,0.0,32,nntool-sq8-ne16(unknown)
base,320,0,71,_model_4_m_m_0_cv1_conv_Conv,conv2d,14.49,0.05571652948856354,4.0,32,nntool-sq8-ne16(unknown)
base,320,0,72,_model_4_m_m_0_cv1_act_Sigmoid_qin0,quantize,14.45,0.06299212598425197,0.0,32,nntool-sq8-ne16(unknown)
base,320,0,73,_model_4_m_m_0_cv1_act_Sigmoid,sigmoid,23.97,0.007874015748031496,0.0,32,nntool-sq8-ne16(unknown)
base,320,0,74,_model_4_m_m_0_cv1_act_Mul_qin0,quantize,14.46,0.05755190923810005,0.0,32,nntool-sq8-ne16(unknown)
base,320,0,75,_model_4_m_m_0_cv1_act_Mul,mul,14.67,0.05380917713046074,0.0,32,nntool-sq8-ne16(unknown)
base,320,0,76,_model_4_m_m_0_cv2_conv_Conv_weights,constant,42.03,0.0029328702948987484,0.0,32,nntool-sq8-ne16(unknown)
base,320,0,77,constant_model_4_m_0_cv2_conv_bias,constant,84.12,0.00015781533147674054,0.0,32,nntool-sq8-ne16(unknown)
base,320,0,78,_model_4_m_m_0_cv2_conv_Conv,conv2d,12.79,0.06500827521085739,6.0,32,nntool-sq8-ne16(unknown)
base,320,0,79,_model_4_m_m_0_cv2_act_Sigmoid_qin0,quantize,12.78,0.06299212598425197,0.0,32,nntool-sq8-ne16(unknown)
base,320,0,80,_model_4_m_m_0_cv2_act_Sigmoid,sigmoid,21.1,0.007874015748031496,0.0,32,nntool-sq8-ne16(unknown)
base,320,0,81,_model_4_m_m_0_cv2_act_Mul_qin0,quantize,12.76,0.06790808588266373,0.0,32,nntool-sq8-ne16(unknown)
base,320,0,82,_model_4_m_m_0_cv2_act_Mul,mul,12.8,0.06206227093935013,0.0,32,nntool-sq8-ne16(unknown)
base,320,0,83,_model_4_m_m_0_Add,add,14.01,0.07582729309797287,0.0,32,nntool-sq8-ne16(unknown)
base,320,0,84,_model_4_Concat,concat,14.33,0.07582729309797287,0.0,32,nntool-sq8-ne16(unknown)
base,320,0,85,_model_4_cv3_conv_Conv_weights,constant,45.53,0.002471343846991658,0.0,32,nntool-sq8-ne16(unknown)
base,320,0,86,constant_model_4_cv3_conv_bias,constant,77.09,0.00018739531515166163,0.0,32,nntool-sq8-ne16(unknown)
base,320,0,87,_model_4_cv3_conv_Conv,conv2d,13.92,0.05636323243379593,-2.0,32,nntool-sq8-ne16(unknown)
base,320,0,88,_model_4_cv3_act_Sigmoid_qin0,quantize,13.89,0.06299212598425197,0.0,32,nntool-sq8-ne16(unknown)
base,320,0,89,_model_4_cv3_act_Sigmoid,sigmoid,22.58,0.007874015748031496,0.0,32,nntool-sq8-ne16(unknown)
base,320,0,90,_model_4_cv3_act_Mul_qin0,quantize,13.88,0.05741911008954048,0.0,32,nntool-sq8-ne16(unknown)
base,320,0,91,_model_4_cv3_act_Mul,mul,13.61,0.05738004669547081,0.0,32,nntool-sq8-ne16(unknown)
base,320,0,92,_model_5_conv_Conv_weights,constant,42.19,0.001301596057601273,0.0,32,nntool-sq8-ne16(unknown)
base,320,0,93,constant_model_5_conv_bias,constant,84.63,7.468564581358805e-05,0.0,32,nntool-sq8-ne16(unknown)
base,320,0,94,_model_5_conv_Conv,conv2d,14.56,0.058259814977645874,11.0,32,nntool-sq8-ne16(unknown)
base,320,0,95,_model_5_act_Sigmoid_qin0,quantize,14.51,0.06299212598425197,0.0,32,nntool-sq8-ne16(unknown)
base,320,0,96,_model_5_act_Sigmoid,sigmoid,23.37,0.007874015748031496,0.0,32,nntool-sq8-ne16(unknown)
base,320,0,97,_model_5_act_Mul_qin0,quantize,14.51,0.06344560533761978,0.0,32,nntool-sq8-ne16(unknown)
base,320,0,98,_model_5_act_Mul,mul,14.07,0.05297024920582771,0.0,32,nntool-sq8-ne16(unknown)
base,320,0,99,_model_6_cv1_conv_Conv_weights,constant,44.49,0.003346506506204605,0.0,32,nntool-sq8-ne16(unknown)
base,320,0,100,constant_model_6_cv1_conv_bias,constant,77.93,0.00017726529040373862,0.0,32,nntool-sq8-ne16(unknown)
base,320,0,101,_model_6_cv1_conv_Conv,conv2d,14.54,0.05800144746899605,-17.0,32,nntool-sq8-ne16(unknown)
base,320,0,102,_model_6_cv1_conv_Conv_split,split,14.27,0.05800144746899605,-17.0,32,nntool-sq8-ne16(unknown)
base,320,0,103,_model_6_cv1_act_Sigmoid_qin0,quantize,14.2,0.06299212598425197,0.0,32,nntool-sq8-ne16(unknown)
base,320,0,104,_model_6_cv1_act_Sigmoid,sigmoid,25.03,0.007874015748031496,0.0,32,nntool-sq8-ne16(unknown)
base,320,0,105,_model_6_cv1_act_Mul_qin0,quantize,14.18,0.06584043055772781,0.0,32,nntool-sq8-ne16(unknown)
base,320,0,106,_model_6_cv1_act_Mul,mul,14.08,0.03846672922372818,0.0,32,nntool-sq8-ne16(unknown)
base,320,0,107,_model_6_cv2_act_Sigmoid_qin0,quantize,14.65,0.06299212598425197,0.0,32,nntool-sq8-ne16(unknown)
base,320,0,108,_model_6_cv2_act_Sigmoid,sigmoid,23.28,0.007874015748031496,0.0,32,nntool-sq8-ne16(unknown)
base,320,0,109,_model_6_cv2_act_Mul_qin0,quantize,14.64,0.06584043055772781,0.0,32,nntool-sq8-ne16(unknown)
base,320,0,110,_model_6_cv2_act_Mul,mul,14.96,0.06582505255937576,0.0,32,nntool-sq8-ne16(unknown)
base,320,0,111,_model_6_m_m_0_cv1_conv_Conv_weights,constant,45.1,0.008148892782628536,0.0,32,nntool-sq8-ne16(unknown)
base,320,0,112,constant_model_6_m_0_cv1_conv_bias,constant,78.46,0.00031346126343123615,0.0,32,nntool-sq8-ne16(unknown)
base,320,0,113,_model_6_m_m_0_cv1_conv_Conv,conv2d,13.01,0.06342050433158875,8.0,32,nntool-sq8-ne16(unknown)
base,320,0,114,_model_6_m_m_0_cv1_act_Sigmoid_qin0,quantize,13.03,0.06299212598425197,0.0,32,nntool-sq8-ne16(unknown)
base,320,0,115,_model_6_m_m_0_cv1_act_Sigmoid,sigmoid,22.18,0.007874015748031496,0.0,32,nntool-sq8-ne16(unknown)
base,320,0,116,_model_6_m_m_0_cv1_act_Mul_qin0,quantize,12.98,0.06725800782442093,0.0,32,nntool-sq8-ne16(unknown)
base,320,0,117,_model_6_m_m_0_cv1_act_Mul,mul,13.01,0.0595218800008297,0.0,32,nntool-sq8-ne16(unknown)
base,320,0,118,_model_6_m_m_0_cv2_conv_Conv_weights,constant,42.32,0.001208132365718484,0.0,32,nntool-sq8-ne16(unknown)
base,320,0,119,constant_model_6_m_0_cv2_conv_bias,constant,86.51,7.191031181719154e-05,0.0,32,nntool-sq8-ne16(unknown)
base,320,0,120,_model_6_m_m_0_cv2_conv_Conv,conv2d,13.17,0.06588711589574814,14.0,32,nntool-sq8-ne16(unknown)
base,320,0,121,_model_6_m_m_0_cv2_act_Sigmoid_qin0,quantize,13.13,0.06299212598425197,0.0,32,nntool-sq8-ne16(unknown)
base,320,0,122,_model_6_m_m_0_cv2_act_Sigmoid,sigmoid,22.38,0.007874015748031496,0.0,32,nntool-sq8-ne16(unknown)
base,320,0,123,_model_6_m_m_0_cv2_act_Mul_qin0,quantize,13.11,0.07318462431430817,0.0,32,nntool-sq8-ne16(unknown)
base,320,0,124,_model_6_m_m_0_cv2_act_Mul,mul,12.87,0.05849756672978401,0.0,32,nntool-sq8-ne16(unknown)
base,320,0,125,_model_6_m_m_0_Add,add,13.58,0.06582505255937576,0.0,32,nntool-sq8-ne16(unknown)
base,320,0,126,_model_6_Concat,concat,14.22,0.06582505255937576,0.0,32,nntool-sq8-ne16(unknown)
base,320,0,127,_model_6_cv3_conv_Conv_weights,constant,44.72,0.0028533164877444506,0.0,32,nntool-sq8-ne16(unknown)
base,320,0,128,constant_model_6_cv3_conv_bias,constant,81.12,0.00018781970720738173,0.0,32,nntool-sq8-ne16(unknown)
base,320,0,129,_model_6_cv3_conv_Conv,conv2d,13.74,0.05681683123111725,13.0,32,nntool-sq8-ne16(unknown)
base,320,0,130,_model_6_cv3_act_Sigmoid_qin0,quantize,13.69,0.06299212598425197,0.0,32,nntool-sq8-ne16(unknown)
base,320,0,131,_model_6_cv3_act_Sigmoid,sigmoid,22.98,0.007874015748031496,0.0,32,nntool-sq8-ne16(unknown)
base,320,0,132,_model_6_cv3_act_Mul_qin0,quantize,13.7,0.06248871609568596,0.0,32,nntool-sq8-ne16(unknown)
base,320,0,133,_model_6_cv3_act_Mul,mul,13.87,0.051022786647081375,0.0,32,nntool-sq8-ne16(unknown)
base,320,0,134,_model_7_conv_Conv_weights,constant,41.75,0.0007051634602248669,0.0,32,nntool-sq8-ne16(unknown)
base,320,0,135,constant_model_7_conv_bias,constant,91.44,3.597940303734504e-05,0.0,32,nntool-sq8-ne16(unknown)
base,320,0,136,_model_7_conv_Conv,conv2d,16.06,0.04212352633476257,-2.0,32,nntool-sq8-ne16(unknown)
base,320,0,137,_model_7_act_Sigmoid_qin0,quantize,16.01,0.06299212598425197,0.0,32,nntool-sq8-ne16(unknown)
base,320,0,138,_model_7_act_Sigmoid,sigmoid,24.41,0.007874015748031496,0.0,32,nntool-sq8-ne16(unknown)
base,320,0,139,_model_7_act_Mul_qin0,quantize,16.03,0.042868707329034805,0.0,32,nntool-sq8-ne16(unknown)
base,320,0,140,_model_7_act_Mul,mul,15.54,0.04268427938222885,0.0,32,nntool-sq8-ne16(unknown)
base,320,0,141,_model_8_cv1_conv_Conv_weights,constant,43.82,0.0010799998417496681,0.0,32,nntool-sq8-ne16(unknown)
base,320,0,142,constant_model_8_cv1_conv_bias,constant,82.62,4.609901588992216e-05,0.0,32,nntool-sq8-ne16(unknown)
base,320,0,143,_model_8_cv1_conv_Conv,conv2d,15.85,0.03873885050415993,-22.0,32,nntool-sq8-ne16(unknown)
base,320,0,144,_model_8_cv1_conv_Conv_split,split,15.82,0.03873885050415993,-22.0,32,nntool-sq8-ne16(unknown)
base,320,0,145,_model_8_cv1_act_Sigmoid_qin0,quantize,15.74,0.06299212598425197,0.0,32,nntool-sq8-ne16(unknown)
base,320,0,146,_model_8_cv1_act_Sigmoid,sigmoid,24.65,0.007874015748031496,0.0,32,nntool-sq8-ne16(unknown)
base,320,0,147,_model_8_cv1_act_Mul_qin0,quantize,15.79,0.04535885900259018,0.0,32,nntool-sq8-ne16(unknown)
base,320,0,148,_model_8_cv1_act_Mul,mul,15.28,0.04521646350622177,0.0,32,nntool-sq8-ne16(unknown)
base,320,0,149,_model_8_cv2_act_Sigmoid_qin0,quantize,15.81,0.06299212598425197,0.0,32,nntool-sq8-ne16(unknown)
base,320,0,150,_model_8_cv2_act_Sigmoid,sigmoid,24.43,0.007874015748031496,0.0,32,nntool-sq8-ne16(unknown)
base,320,0,151,_model_8_cv2_act_Mul_qin0,quantize,15.84,0.04535885900259018,0.0,32,nntool-sq8-ne16(unknown)
base,320,0,152,_model_8_cv2_act_Mul,mul,15.58,0.056657176464796066,0.0,32,nntool-sq8-ne16(unknown)
base,320,0,153,_model_8_m_m_0_cv1_conv_Conv_weights,constant,44.76,0.0031209986191242933,0.0,32,nntool-sq8-ne16(unknown)
base,320,0,154,constant_model_8_m_0_cv1_conv_bias,constant,81.65,0.0001411205157637596,0.0,32,nntool-sq8-ne16(unknown)
base,320,0,155,_model_8_m_m_0_cv1_conv_Conv,conv2d,15.39,0.04159936681389809,12.0,32,nntool-sq8-ne16(unknown)
base,320,0,156,_model_8_m_m_0_cv1_act_Sigmoid_qin0,quantize,15.34,0.06299212598425197,0.0,32,nntool-sq8-ne16(unknown)
base,320,0,157,_model_8_m_m_0_cv1_act_Sigmoid,sigmoid,24.04,0.007874015748031496,0.0,32,nntool-sq8-ne16(unknown)
base,320,0,158,_model_8_m_m_0_cv1_act_Mul_qin0,quantize,15.36,0.04535658657550812,0.0,32,nntool-sq8-ne16(unknown)
base,320,0,159,_model_8_m_m_0_cv1_act_Mul,mul,15.04,0.037504587322473526,0.0,32,nntool-sq8-ne16(unknown)
base,320,0,160,_model_8_m_m_0_cv2_conv_Conv_weights,constant,42.0,0.0004243426665198058,0.0,32,nntool-sq8-ne16(unknown)
base,320,0,161,constant_model_8_m_0_cv2_conv_bias,constant,97.0,1.5914796676952392e-05,0.0,32,nntool-sq8-ne16(unknown)
base,320,0,162,_model_8_m_m_0_cv2_conv_Conv,conv2d,16.17,0.04020692780613899,-4.0,32,nntool-sq8-ne16(unknown)
base,320,0,163,_model_8_m_m_0_cv2_act_Sigmoid_qin0,quantize,16.11,0.06299212598425197,0.0,32,nntool-sq8-ne16(unknown)
base,320,0,164,_model_8_m_m_0_cv2_act_Sigmoid,sigmoid,24.06,0.007874015748031496,0.0,32,nntool-sq8-ne16(unknown)
base,320,0,165,_model_8_m_m_0_cv2_act_Mul_qin0,quantize,16.14,0.041480984538793564,0.0,32,nntool-sq8-ne16(unknown)
base,320,0,166,_model_8_m_m_0_cv2_act_Mul,mul,15.66,0.04126831144094467,0.0,32,nntool-sq8-ne16(unknown)
base,320,0,167,_model_8_m_m_0_Add,add,15.45,0.056657176464796066,0.0,32,nntool-sq8-ne16(unknown)
base,320,0,168,_model_8_Concat,concat,15.49,0.056657176464796066,0.0,32,nntool-sq8-ne16(unknown)
base,320,0,169,_model_8_cv3_conv_Conv_weights,constant,43.88,0.0014579033013433218,0.0,32,nntool-sq8-ne16(unknown)
base,320,0,170,constant_model_8_cv3_conv_bias,constant,85.62,8.260068716481328e-05,0.0,32,nntool-sq8-ne16(unknown)
base,320,0,171,_model_8_cv3_conv_Conv,conv2d,15.37,0.04101492837071419,-9.0,32,nntool-sq8-ne16(unknown)
base,320,0,172,_model_8_cv3_act_Sigmoid_qin0,quantize,15.31,0.06299212598425197,0.0,32,nntool-sq8-ne16(unknown)
base,320,0,173,_model_8_cv3_act_Sigmoid,sigmoid,23.7,0.007874015748031496,0.0,32,nntool-sq8-ne16(unknown)
base,320,0,174,_model_8_cv3_act_Mul_qin0,quantize,15.35,0.043812092393636703,0.0,32,nntool-sq8-ne16(unknown)
base,320,0,175,_model_8_cv3_act_Mul,mul,15.07,0.04364480450749397,0.0,32,nntool-sq8-ne16(unknown)
base,320,0,176,_model_9_cv1_conv_Conv_weights,constant,43.89,0.0015760061796754599,0.0,32,nntool-sq8-ne16(unknown)
base,320,0,177,constant_model_9_cv1_conv_bias,constant,90.99,6.878448039060459e-05,0.0,32,nntool-sq8-ne16(unknown)
base,320,0,178,_model_9_cv1_conv_Conv,conv2d,15.21,0.035847391933202744,-13.0,32,nntool-sq8-ne16(unknown)
base,320,0,179,_model_9_cv1_act_Sigmoid_qin0,quantize,15.15,0.06299212598425197,0.0,32,nntool-sq8-ne16(unknown)
base,320,0,180,_model_9_cv1_act_Sigmoid,sigmoid,24.28,0.007874015748031496,0.0,32,nntool-sq8-ne16(unknown)
base,320,0,181,_model_9_cv1_act_Mul_qin0,quantize,15.19,0.03962771221995354,0.0,32,nntool-sq8-ne16(unknown)
base,320,0,182,_model_9_cv1_act_Mul,mul,15.85,0.03937097266316414,0.0,32,nntool-sq8-ne16(unknown)
base,320,0,183,_model_9_m_MaxPool,max_pool,18.02,0.03937097266316414,0.0,32,nntool-sq8-ne16(unknown)
base,320,0,184,_model_9_m_1_MaxPool,max_pool,18.9,0.03937097266316414,0.0,32,nntool-sq8-ne16(unknown)
base,320,0,185,_model_9_m_2_MaxPool,max_pool,19.34,0.03937097266316414,0.0,32,nntool-sq8-ne16(unknown)
base,320,0,186,_model_9_Concat,concat,18.54,0.03937097266316414,0.0,32,nntool-sq8-ne16(unknown)
base,320,0,187,_model_9_cv2_conv_Conv_weights,constant,41.08,0.0014551026979461312,0.0,32,nntool-sq8-ne16(unknown)
base,320,0,188,constant_model_9_cv2_conv_bias,constant,99.45,5.728880933020264e-05,0.0,32,nntool-sq8-ne16(unknown)
base,320,0,189,_model_9_cv2_conv_Conv,conv2d,15.94,0.034756138920784,-2.0,32,nntool-sq8-ne16(unknown)
base,320,0,190,_model_9_cv2_act_Sigmoid_qin0,quantize,15.89,0.06299212598425197,0.0,32,nntool-sq8-ne16(unknown)
base,320,0,191,_model_9_cv2_act_Sigmoid,sigmoid,23.82,0.007874015748031496,0.0,32,nntool-sq8-ne16(unknown)
base,320,0,192,_model_9_cv2_act_Mul_qin0,quantize,15.97,0.03527459502220154,0.0,32,nntool-sq8-ne16(unknown)
base,320,0,193,_model_9_cv2_act_Mul,mul,15.68,0.03487924113869667,0.0,32,nntool-sq8-ne16(unknown)
base,320,0,194,_model_10_conv_Conv_weights,constant,43.82,0.0015625589294359088,0.0,32,nntool-sq8-ne16(unknown)
base,320,0,195,constant_model_10_conv_bias,constant,84.48,5.4500869737239555e-05,0.0,32,nntool-sq8-ne16(unknown)
base,320,0,196,_model_10_conv_Conv,conv2d,16.28,0.03303338587284088,9.0,32,nntool-sq8-ne16(unknown)
base,320,0,197,_model_10_act_Sigmoid_qin0,quantize,16.21,0.06299212598425197,0.0,32,nntool-sq8-ne16(unknown)
base,320,0,198,_model_10_act_Sigmoid,sigmoid,24.48,0.007874015748031496,0.0,32,nntool-sq8-ne16(unknown)
base,320,0,199,_model_10_act_Mul_qin0,quantize,16.25,0.03528725355863571,0.0,32,nntool-sq8-ne16(unknown)
base,320,0,200,_model_10_act_Mul,mul,15.17,0.06642277538776398,0.0,32,nntool-sq8-ne16(unknown)
base,320,0,201,_model_11_Resize,nearest_neighbor,15.17,0.06642277538776398,0.0,32,nntool-sq8-ne16(unknown)
base,320,0,202,_model_12_Concat_qin0,quantize,15.13,0.051022786647081375,0.0,32,nntool-sq8-ne16(unknown)
base,320,0,203,_model_12_Concat,concat,14.36,0.051022786647081375,0.0,32,nntool-sq8-ne16(unknown)
base,320,0,204,_model_13_cv1_conv_Conv_weights,constant,42.76,0.0025272988714277744,0.0,32,nntool-sq8-ne16(unknown)
base,320,0,205,constant_model_13_cv1_conv_bias,constant,78.81,0.00012894983228761703,0.0,32,nntool-sq8-ne16(unknown)
base,320,0,206,_model_13_cv1_conv_Conv,conv2d,14.15,0.05015480890870094,-22.0,32,nntool-sq8-ne16(unknown)
base,320,0,207,_model_13_cv1_conv_Conv_split,split,13.79,0.05015480890870094,-22.0,32,nntool-sq8-ne16(unknown)
base,320,0,208,_model_13_cv1_act_Sigmoid_qin0,quantize,13.75,0.06299212598425197,0.0,32,nntool-sq8-ne16(unknown)
base,320,0,209,_model_13_cv1_act_Sigmoid,sigmoid,22.33,0.007874015748031496,0.0,32,nntool-sq8-ne16(unknown)
base,320,0,210,_model_13_cv1_act_Mul_qin0,quantize,13.75,0.05901699885725975,0.0,32,nntool-sq8-ne16(unknown)
base,320,0,211,_model_13_cv1_act_Mul,mul,12.62,0.058984216302633286,0.0,32,nntool-sq8-ne16(unknown)
base,320,0,212,_model_13_cv2_act_Sigmoid_qin0,quantize,14.48,0.06299212598425197,0.0,32,nntool-sq8-ne16(unknown)
base,320,0,213,_model_13_cv2_act_Sigmoid,sigmoid,23.43,0.007874015748031496,0.0,32,nntool-sq8-ne16(unknown)
base,320,0,214,_model_13_cv2_act_Mul_qin0,quantize,14.47,0.05901699885725975,0.0,32,nntool-sq8-ne16(unknown)
base,320,0,215,_model_13_cv2_act_Mul,mul,14.34,0.05932798609137535,0.0,32,nntool-sq8-ne16(unknown)
base,320,0,216,_model_13_m_m_0_cv1_conv_Conv_weights,constant,45.97,0.005784641485661268,0.0,32,nntool-sq8-ne16(unknown)
base,320,0,217,constant_model_13_m_0_cv1_conv_bias,constant,79.15,0.00034120253985747695,0.0,32,nntool-sq8-ne16(unknown)
base,320,0,218,_model_13_m_m_0_cv1_conv_Conv,conv2d,15.1,0.08177462965250015,14.0,32,nntool-sq8-ne16(unknown)
base,320,0,219,_model_13_m_m_0_cv1_act_Sigmoid_qin0,quantize,15.04,0.06299212598425197,0.0,32,nntool-sq8-ne16(unknown)
base,320,0,220,_model_13_m_m_0_cv1_act_Sigmoid,sigmoid,24.21,0.007874015748031496,0.0,32,nntool-sq8-ne16(unknown)
base,320,0,221,_model_13_m_m_0_cv1_act_Mul_qin0,quantize,15.0,0.09041149914264679,0.0,32,nntool-sq8-ne16(unknown)
base,320,0,222,_model_13_m_m_0_cv1_act_Mul,mul,15.53,0.0730629488825798,0.0,32,nntool-sq8-ne16(unknown)
base,320,0,223,_model_13_m_m_0_cv2_conv_Conv_weights,constant,42.03,0.0019541915971785784,0.0,32,nntool-sq8-ne16(unknown)
base,320,0,224,constant_model_13_m_0_cv2_conv_bias,constant,91.45,0.00014277899754233658,0.0,32,nntool-sq8-ne16(unknown)
base,320,0,225,_model_13_m_m_0_cv2_conv_Conv,conv2d,13.47,0.06441176682710648,10.0,32,nntool-sq8-ne16(unknown)
base,320,0,226,_model_13_m_m_0_cv2_act_Sigmoid_qin0,quantize,13.5,0.06299212598425197,0.0,32,nntool-sq8-ne16(unknown)
base,320,0,227,_model_13_m_m_0_cv2_act_Sigmoid,sigmoid,23.53,0.007874015748031496,0.0,32,nntool-sq8-ne16(unknown)
base,320,0,228,_model_13_m_m_0_cv2_act_Mul_qin0,quantize,13.42,0.06942451745271683,0.0,32,nntool-sq8-ne16(unknown)
base,320,0,229,_model_13_m_m_0_cv2_act_Mul,mul,14.13,0.05932798609137535,0.0,32,nntool-sq8-ne16(unknown)
base,320,0,230,_model_13_Concat,concat,14.24,0.05932798609137535,0.0,32,nntool-sq8-ne16(unknown)
base,320,0,231,_model_13_cv3_conv_Conv_weights,constant,44.26,0.004036481026560068,0.0,32,nntool-sq8-ne16(unknown)
base,320,0,232,constant_model_13_cv3_conv_bias,constant,78.74,0.00023947628505993634,0.0,32,nntool-sq8-ne16(unknown)
base,320,0,233,_model_13_cv3_conv_Conv,conv2d,14.18,0.05829440429806709,19.0,32,nntool-sq8-ne16(unknown)
base,320,0,234,_model_13_cv3_act_Sigmoid_qin0,quantize,14.13,0.06299212598425197,0.0,32,nntool-sq8-ne16(unknown)
base,320,0,235,_model_13_cv3_act_Sigmoid,sigmoid,23.15,0.007874015748031496,0.0,32,nntool-sq8-ne16(unknown)
base,320,0,236,_model_13_cv3_act_Mul_qin0,quantize,14.12,0.06710877269506454,0.0,32,nntool-sq8-ne16(unknown)
base,320,0,237,_model_13_cv3_act_Mul,mul,13.88,0.04931778833270073,0.0,32,nntool-sq8-ne16(unknown)
base,320,0,238,_model_14_conv_Conv_weights,constant,43.6,0.0035814372822642326,0.0,32,nntool-sq8-ne16(unknown)
base,320,0,239,constant_model_14_conv_bias,constant,81.7,0.00017662857135292143,0.0,32,nntool-sq8-ne16(unknown)
base,320,0,240,_model_14_conv_Conv,conv2d,14.01,0.04619039222598076,-6.0,32,nntool-sq8-ne16(unknown)
base,320,0,241,_model_14_act_Sigmoid_qin0,quantize,13.96,0.06299212598425197,0.0,32,nntool-sq8-ne16(unknown)
base,320,0,242,_model_14_act_Sigmoid,sigmoid,23.84,0.007874015748031496,0.0,32,nntool-sq8-ne16(unknown)
base,320,0,243,_model_14_act_Mul_qin0,quantize,13.97,0.048247918486595154,0.0,32,nntool-sq8-ne16(unknown)
base,320,0,244,_model_14_act_Mul,mul,14.47,0.08534552901983261,0.0,32,nntool-sq8-ne16(unknown)
base,320,0,245,_model_15_Resize,nearest_neighbor,14.47,0.08534552901983261,0.0,32,nntool-sq8-ne16(unknown)
base,320,0,246,_model_16_Concat_qin0,quantize,14.38,0.05738004669547081,0.0,32,nntool-sq8-ne16(unknown)
base,320,0,247,_model_16_Concat,concat,14.02,0.05738004669547081,0.0,32,nntool-sq8-ne16(unknown)
base,320,0,248,_model_17_cv1_conv_Conv_weights,constant,43.08,0.00291463197208941,0.0,32,nntool-sq8-ne16(unknown)
base,320,0,249,constant_model_17_cv1_conv_bias,constant,82.06,0.0001672417129157111,0.0,32,nntool-sq8-ne16(unknown)
base,320,0,250,_model_17_cv1_conv_Conv,conv2d,14.43,0.062490373849868774,-41.0,32,nntool-sq8-ne16(unknown)
base,320,0,251,_model_17_cv1_conv_Conv_split,split,14.6,0.062490373849868774,-41.0,32,nntool-sq8-ne16(unknown)
base,320,0,252,_model_17_cv1_act_Sigmoid_qin0,quantize,14.58,0.06299212598425197,0.0,32,nntool-sq8-ne16(unknown)
base,320,0,253,_model_17_cv1_act_Sigmoid,sigmoid,24.33,0.007874015748031496,0.0,32,nntool-sq8-ne16(unknown)
base,320,0,254,_model_17_cv1_act_Mul_qin0,quantize,14.48,0.08253978937864304,0.0,32,nntool-sq8-ne16(unknown)
base,320,0,255,_model_17_cv1_act_Mul,mul,15.38,0.08253747969865799,0.0,32,nntool-sq8-ne16(unknown)
base,320,0,256,_model_17_cv2_act_Sigmoid_qin0,quantize,14.21,0.06299212598425197,0.0,32,nntool-sq8-ne16(unknown)
base,320,0,257,_model_17_cv2_act_Sigmoid,sigmoid,24.48,0.007874015748031496,0.0,32,nntool-sq8-ne16(unknown)
base,320,0,258,_model_17_cv2_act_Mul_qin0,quantize,14.13,0.08253978937864304,0.0,32,nntool-sq8-ne16(unknown)
base,320,0,259,_model_17_cv2_act_Mul,mul,14.38,0.09902749210596085,0.0,32,nntool-sq8-ne16(unknown)
base,320,0,260,_model_17_m_m_0_cv1_conv_Conv_weights,constant,46.64,0.004703376442193985,0.0,32,nntool-sq8-ne16(unknown)
base,320,0,261,constant_model_17_m_0_cv1_conv_bias,constant,79.04,0.00038820484769530594,0.0,32,nntool-sq8-ne16(unknown)
base,320,0,262,_model_17_m_m_0_cv1_conv_Conv,conv2d,17.66,0.06299212598425197,0.0,32,nntool-sq8-ne16(unknown)
base,320,0,263,_model_17_m_m_0_cv1_act_Sigmoid,sigmoid,26.37,0.007874015748031496,0.0,32,nntool-sq8-ne16(unknown)
base,320,0,264,_model_17_m_m_0_cv1_act_Mul,mul,18.08,0.06900519877672195,0.0,32,nntool-sq8-ne16(unknown)
base,320,0,265,_model_17_m_m_0_cv2_conv_Conv_weights,constant,42.44,0.002878223080188036,0.0,32,nntool-sq8-ne16(unknown)
base,320,0,266,constant_model_17_m_0_cv2_conv_bias,constant,90.69,0.00019861235341522843,0.0,32,nntool-sq8-ne16(unknown)
base,320,0,267,_model_17_m_m_0_cv2_conv_Conv,conv2d,16.47,0.11703015863895416,20.0,32,nntool-sq8-ne16(unknown)
base,320,0,268,_model_17_m_m_0_cv2_act_Sigmoid_qin0,quantize,16.34,0.06299212598425197,0.0,32,nntool-sq8-ne16(unknown)
base,320,0,269,_model_17_m_m_0_cv2_act_Sigmoid,sigmoid,25.75,0.007874015748031496,0.0,32,nntool-sq8-ne16(unknown)
base,320,0,270,_model_17_m_m_0_cv2_act_Mul_qin0,quantize,16.22,0.1348918229341507,0.0,32,nntool-sq8-ne16(unknown)
base,320,0,271,_model_17_m_m_0_cv2_act_Mul,mul,16.02,0.09902749210596085,0.0,32,nntool-sq8-ne16(unknown)
base,320,0,272,_model_17_Concat,concat,15.45,0.09902749210596085,0.0,32,nntool-sq8-ne16(unknown)
base,320,0,273,_model_17_cv3_conv_Conv_weights,constant,44.1,0.006546579301357269,0.0,32,nntool-sq8-ne16(unknown)
base,320,0,274,constant_model_17_cv3_conv_bias,constant,77.4,0.0006482913158833981,0.0,32,nntool-sq8-ne16(unknown)
base,320,0,275,_model_17_cv3_conv_Conv,conv2d,16.24,0.06299212598425197,0.0,32,nntool-sq8-ne16(unknown)
base,320,0,276,_model_17_cv3_act_Sigmoid,sigmoid,24.69,0.007874015748031496,0.0,32,nntool-sq8-ne16(unknown)
base,320,0,277,_model_17_cv3_act_Mul,mul,16.46,0.10399739444255829,0.0,32,nntool-sq8-ne16(unknown)
base,320,0,278,_model_18_conv_Conv_weights,constant,41.09,0.0006411582580767572,0.0,32,nntool-sq8-ne16(unknown)
base,320,0,279,constant_model_18_conv_bias,constant,86.34,6.667878915322945e-05,0.0,32,nntool-sq8-ne16(unknown)
base,320,0,280,_model_18_conv_Conv,conv2d,12.15,0.09063147753477097,7.0,32,nntool-sq8-ne16(unknown)
base,320,0,281,_model_18_act_Sigmoid_qin0,quantize,12.1,0.06299212598425197,0.0,32,nntool-sq8-ne16(unknown)
base,320,0,282,_model_18_act_Sigmoid,sigmoid,22.04,0.007874015748031496,0.0,32,nntool-sq8-ne16(unknown)
base,320,0,283,_model_18_act_Mul_qin0,quantize,12.03,0.09587446600198746,0.0,32,nntool-sq8-ne16(unknown)
base,320,0,284,_model_18_act_Mul,mul,12.39,0.08534552901983261,0.0,32,nntool-sq8-ne16(unknown)
base,320,0,285,_model_19_Concat,concat,13.33,0.08534552901983261,0.0,32,nntool-sq8-ne16(unknown)
base,320,0,286,_model_20_cv1_conv_Conv_weights,constant,43.53,0.004550701007246971,0.0,32,nntool-sq8-ne16(unknown)
base,320,0,287,constant_model_20_cv1_conv_bias,constant,79.19,0.0003883819736074656,0.0,32,nntool-sq8-ne16(unknown)
base,320,0,288,_model_20_cv1_conv_Conv,conv2d,13.81,0.06232476606965065,-5.0,32,nntool-sq8-ne16(unknown)
base,320,0,289,_model_20_cv1_conv_Conv_split,split,13.3,0.06232476606965065,-5.0,32,nntool-sq8-ne16(unknown)
base,320,0,290,_model_20_cv1_act_Sigmoid_qin0,quantize,13.27,0.06299212598425197,0.0,32,nntool-sq8-ne16(unknown)
base,320,0,291,_model_20_cv1_act_Sigmoid,sigmoid,23.38,0.007874015748031496,0.0,32,nntool-sq8-ne16(unknown)
base,320,0,292,_model_20_cv1_act_Mul_qin0,quantize,13.25,0.0645517110824585,0.0,32,nntool-sq8-ne16(unknown)
base,320,0,293,_model_20_cv1_act_Mul,mul,13.65,0.06453395634889603,0.0,32,nntool-sq8-ne16(unknown)
base,320,0,294,_model_20_cv2_act_Sigmoid_qin0,quantize,14.26,0.06299212598425197,0.0,32,nntool-sq8-ne16(unknown)
base,320,0,295,_model_20_cv2_act_Sigmoid,sigmoid,24.18,0.007874015748031496,0.0,32,nntool-sq8-ne16(unknown)
base,320,0,296,_model_20_cv2_act_Mul_qin0,quantize,14.27,0.0645517110824585,0.0,32,nntool-sq8-ne16(unknown)
base,320,0,297,_model_20_cv2_act_Mul,mul,14.7,0.07503082603216171,0.0,32,nntool-sq8-ne16(unknown)
base,320,0,298,_model_20_m_m_0_cv1_conv_Conv_weights,constant,45.9,0.0031868633814156055,0.0,32,nntool-sq8-ne16(unknown)
base,320,0,299,constant_model_20_m_0_cv1_conv_bias,constant,76.26,0.00020566090825013816,0.0,32,nntool-sq8-ne16(unknown)
base,320,0,300,_model_20_m_m_0_cv1_conv_Conv,conv2d,14.45,0.07739634811878204,9.0,32,nntool-sq8-ne16(unknown)
base,320,0,301,_model_20_m_m_0_cv1_act_Sigmoid_qin0,quantize,14.39,0.06299212598425197,0.0,32,nntool-sq8-ne16(unknown)
base,320,0,302,_model_20_m_m_0_cv1_act_Sigmoid,sigmoid,24.34,0.007874015748031496,0.0,32,nntool-sq8-ne16(unknown)
base,320,0,303,_model_20_m_m_0_cv1_act_Mul_qin0,quantize,14.35,0.08272310346364975,0.0,32,nntool-sq8-ne16(unknown)
base,320,0,304,_model_20_m_m_0_cv1_act_Mul,mul,14.3,0.07201998680830002,0.0,32,nntool-sq8-ne16(unknown)
base,320,0,305,_model_20_m_m_0_cv2_conv_Conv_weights,constant,40.55,0.0014943055575713515,0.0,32,nntool-sq8-ne16(unknown)
base,320,0,306,constant_model_20_m_0_cv2_conv_bias,constant,82.42,0.00010761986777652055,0.0,32,nntool-sq8-ne16(unknown)
base,320,0,307,_model_20_m_m_0_cv2_conv_Conv,conv2d,14.35,0.06950826942920685,-10.0,32,nntool-sq8-ne16(unknown)
base,320,0,308,_model_20_m_m_0_cv2_act_Sigmoid_qin0,quantize,14.29,0.06299212598425197,0.0,32,nntool-sq8-ne16(unknown)
base,320,0,309,_model_20_m_m_0_cv2_act_Sigmoid,sigmoid,24.8,0.007874015748031496,0.0,32,nntool-sq8-ne16(unknown)
base,320,0,310,_model_20_m_m_0_cv2_act_Mul_qin0,quantize,14.27,0.07503627985715866,0.0,32,nntool-sq8-ne16(unknown)
base,320,0,311,_model_20_m_m_0_cv2_act_Mul,mul,14.16,0.07503082603216171,0.0,32,nntool-sq8-ne16(unknown)
base,320,0,312,_model_20_Concat,concat,14.42,0.07503082603216171,0.0,32,nntool-sq8-ne16(unknown)
base,320,0,313,_model_20_cv3_conv_Conv_weights,constant,42.53,0.0020815180614590645,0.0,32,nntool-sq8-ne16(unknown)
base,320,0,314,constant_model_20_cv3_conv_bias,constant,82.24,0.00015617802273482084,0.0,32,nntool-sq8-ne16(unknown)
base,320,0,315,_model_20_cv3_conv_Conv,conv2d,14.96,0.06115920469164848,-19.0,32,nntool-sq8-ne16(unknown)
base,320,0,316,_model_20_cv3_act_Sigmoid_qin0,quantize,14.9,0.06299212598425197,0.0,32,nntool-sq8-ne16(unknown)
base,320,0,317,_model_20_cv3_act_Sigmoid,sigmoid,24.52,0.007874015748031496,0.0,32,nntool-sq8-ne16(unknown)
base,320,0,318,_model_20_cv3_act_Mul_qin0,quantize,14.89,0.07023794203996658,0.0,32,nntool-sq8-ne16(unknown)
base,320,0,319,_model_20_cv3_act_Mul,mul,14.77,0.07022855430841446,0.0,32,nntool-sq8-ne16(unknown)
base,320,0,320,_model_21_conv_Conv_weights,constant,39.11,0.0013591524912044406,0.0,32,nntool-sq8-ne16(unknown)
base,320,0,321,constant_model_21_conv_bias,constant,87.09,9.545131615595892e-05,0.0,32,nntool-sq8-ne16(unknown)
base,320,0,322,_model_21_conv_Conv,conv2d,11.18,0.0637335404753685,-5.0,32,nntool-sq8-ne16(unknown)
base,320,0,323,_model_21_act_Sigmoid_qin0,quantize,11.2,0.06299212598425197,0.0,32,nntool-sq8-ne16(unknown)
base,320,0,324,_model_21_act_Sigmoid,sigmoid,21.64,0.007874015748031496,0.0,32,nntool-sq8-ne16(unknown)
base,320,0,325,_model_21_act_Mul_qin0,quantize,11.13,0.06643716245889664,0.0,32,nntool-sq8-ne16(unknown)
base,320,0,326,_model_21_act_Mul,mul,11.19,0.06642277538776398,0.0,32,nntool-sq8-ne16(unknown)
base,320,0,327,_model_22_Concat,concat,12.62,0.06642277538776398,0.0,32,nntool-sq8-ne16(unknown)
base,320,0,328,_model_23_cv1_conv_Conv_weights,constant,41.85,0.002156321657821536,0.0,32,nntool-sq8-ne16(unknown)
base,320,0,329,constant_model_23_cv1_conv_bias,constant,78.86,0.00014322887000162154,0.0,32,nntool-sq8-ne16(unknown)
base,320,0,330,_model_23_cv1_conv_Conv,conv2d,11.82,0.048306528478860855,-12.0,32,nntool-sq8-ne16(unknown)
base,320,0,331,_model_23_cv1_conv_Conv_split,split,11.6,0.048306528478860855,-12.0,32,nntool-sq8-ne16(unknown)
base,320,0,332,_model_23_cv1_act_Sigmoid_qin0,quantize,11.56,0.06299212598425197,0.0,32,nntool-sq8-ne16(unknown)
base,320,0,333,_model_23_cv1_act_Sigmoid,sigmoid,22.44,0.007874015748031496,0.0,32,nntool-sq8-ne16(unknown)
base,320,0,334,_model_23_cv1_act_Mul_qin0,quantize,11.56,0.05273779109120369,0.0,32,nntool-sq8-ne16(unknown)
base,320,0,335,_model_23_cv1_act_Mul,mul,11.28,0.05267281085252762,0.0,32,nntool-sq8-ne16(unknown)
base,320,0,336,_model_23_cv2_act_Sigmoid_qin0,quantize,12.02,0.06299212598425197,0.0,32,nntool-sq8-ne16(unknown)
base,320,0,337,_model_23_cv2_act_Sigmoid,sigmoid,23.18,0.007874015748031496,0.0,32,nntool-sq8-ne16(unknown)
base,320,0,338,_model_23_cv2_act_Mul_qin0,quantize,12.04,0.05273779109120369,0.0,32,nntool-sq8-ne16(unknown)
base,320,0,339,_model_23_cv2_act_Mul,mul,12.09,0.06731622666120529,0.0,32,nntool-sq8-ne16(unknown)
base,320,0,340,_model_23_m_m_0_cv1_conv_Conv_weights,constant,44.86,0.002950777066871524,0.0,32,nntool-sq8-ne16(unknown)
base,320,0,341,constant_model_23_m_0_cv1_conv_bias,constant,80.04,0.00015542571782134473,0.0,32,nntool-sq8-ne16(unknown)
base,320,0,342,_model_23_m_m_0_cv1_conv_Conv,conv2d,11.46,0.07155609130859375,-20.0,32,nntool-sq8-ne16(unknown)
base,320,0,343,_model_23_m_m_0_cv1_act_Sigmoid_qin0,quantize,11.42,0.06299212598425197,0.0,32,nntool-sq8-ne16(unknown)
base,320,0,344,_model_23_m_m_0_cv1_act_Sigmoid,sigmoid,22.61,0.007874015748031496,0.0,32,nntool-sq8-ne16(unknown)
base,320,0,345,_model_23_m_m_0_cv1_act_Mul_qin0,quantize,11.4,0.08291737735271454,0.0,32,nntool-sq8-ne16(unknown)
base,320,0,346,_model_23_m_m_0_cv1_act_Mul,mul,11.31,0.08291516453027725,0.0,32,nntool-sq8-ne16(unknown)
base,320,0,347,_model_23_m_m_0_cv2_conv_Conv_weights,constant,38.9,0.000656072807032615,0.0,32,nntool-sq8-ne16(unknown)
base,320,0,348,constant_model_23_m_0_cv2_conv_bias,constant,83.18,5.4398384236264974e-05,0.0,32,nntool-sq8-ne16(unknown)
base,320,0,349,_model_23_m_m_0_cv2_conv_Conv,conv2d,10.9,0.058090437203645706,-20.0,32,nntool-sq8-ne16(unknown)
base,320,0,350,_model_23_m_m_0_cv2_act_Sigmoid_qin0,quantize,10.86,0.06299212598425197,0.0,32,nntool-sq8-ne16(unknown)
base,320,0,351,_model_23_m_m_0_cv2_act_Sigmoid,sigmoid,22.25,0.007874015748031496,0.0,32,nntool-sq8-ne16(unknown)
base,320,0,352,_model_23_m_m_0_cv2_act_Mul_qin0,quantize,10.86,0.06732924282550812,0.0,32,nntool-sq8-ne16(unknown)
base,320,0,353,_model_23_m_m_0_cv2_act_Mul,mul,10.92,0.06731622666120529,0.0,32,nntool-sq8-ne16(unknown)
base,320,0,354,_model_23_Concat,concat,11.47,0.06731622666120529,0.0,32,nntool-sq8-ne16(unknown)
base,320,0,355,_model_23_cv3_conv_Conv_weights,constant,41.62,0.0009217553306370974,0.0,32,nntool-sq8-ne16(unknown)
base,320,0,356,constant_model_23_cv3_conv_bias,constant,83.51,6.204909004736692e-05,0.0,32,nntool-sq8-ne16(unknown)
base,320,0,357,_model_23_cv3_conv_Conv,conv2d,13.18,0.0414009615778923,16.0,32,nntool-sq8-ne16(unknown)
base,320,0,358,_model_23_cv3_act_Sigmoid_qin0,quantize,13.1,0.06299212598425197,0.0,32,nntool-sq8-ne16(unknown)
base,320,0,359,_model_23_cv3_act_Sigmoid,sigmoid,25.2,0.007874015748031496,0.0,32,nntool-sq8-ne16(unknown)
base,320,0,360,_model_23_cv3_act_Mul_qin0,quantize,13.14,0.04658634960651398,0.0,32,nntool-sq8-ne16(unknown)
base,320,0,361,_model_23_cv3_act_Mul,mul,13.77,0.03581266850233078,0.0,32,nntool-sq8-ne16(unknown)
base,320,0,362,_model_24_m_0_Conv_weights,constant,44.07,0.003085399279370904,0.0,32,nntool-sq8-ne16(unknown)
base,320,0,363,constant_model_24_m_0_bias,constant,86.21,0.000320873485179618,0.0,32,nntool-sq8-ne16(unknown)
base,320,0,364,_model_24_m_0_Conv,conv2d,24.52,0.13023242354393005,0.0,32,nntool-sq8-ne16(unknown)
base,320,0,365,output_1,output,24.52,0.13023242354393005,0.0,32,nntool-sq8-ne16(unknown)
base,320,0,366,_model_24_m_1_Conv_weights,constant,41.38,0.0033487635664641857,0.0,32,nntool-sq8-ne16(unknown)
base,320,0,367,constant_model_24_m_1_bias,constant,85.75,0.00023517882800661027,0.0,32,nntool-sq8-ne16(unknown)
base,320,0,368,_model_24_m_1_Conv,conv2d,22.21,0.09751036763191223,0.0,32,nntool-sq8-ne16(unknown)
base,320,0,369,output_2,output,22.21,0.09751036763191223,0.0,32,nntool-sq8-ne16(unknown)
base,320,0,370,_model_24_m_2_Conv_weights,constant,39.86,0.0034006673377007246,0.0,32,nntool-sq8-ne16(unknown)
base,320,0,371,constant_model_24_m_2_bias,constant,95.63,0.00012178697215858847,0.0,32,nntool-sq8-ne16(unknown)
base,320,0,372,_model_24_m_2_Conv,conv2d,21.65,0.09794075042009354,0.0,32,nntool-sq8-ne16(unknown)
base,320,0,373,output_3,output,21.65,0.09794075042009354,0.0,32,nntool-sq8-ne16(unknown)
base,320,0,0,input_1,input,47.63,0.007874015718698502,0.0,32,nntool-sq8-ne16(unknown)
base,320,0,1,_model_0_conv_Conv_weights,constant,41.87,0.04600485786795616,0.0,32,nntool-sq8-ne16(unknown)
base,320,0,2,constant_model_0_conv_bias,constant,91.45,0.00036224297946318984,0.0,32,nntool-sq8-ne16(unknown)
base,320,0,3,_model_0_conv_Conv,conv2d,26.69,0.2569344937801361,-8.0,32,nntool-sq8-ne16(unknown)
base,320,0,4,_model_0_act_Sigmoid_qin0,quantize,24.52,0.06299212598425197,0.0,32,nntool-sq8-ne16(unknown)
base,320,0,5,_model_0_act_Sigmoid,sigmoid,33.73,0.007874015748031496,0.0,32,nntool-sq8-ne16(unknown)
base,320,0,6,_model_0_act_Mul_qin0,quantize,23.67,0.27212145924568176,0.0,32,nntool-sq8-ne16(unknown)
base,320,0,7,_model_0_act_Mul,mul,21.39,0.27212145924568176,0.0,32,nntool-sq8-ne16(unknown)
base,320,0,8,_model_1_conv_Conv_weights,constant,42.74,0.0014823480742052197,0.0,32,nntool-sq8-ne16(unknown)
base,320,0,9,constant_model_1_conv_bias,constant,75.87,0.0004033787117805332,0.0,32,nntool-sq8-ne16(unknown)
base,320,0,10,_model_1_conv_Conv,conv2d,19.87,0.12876363098621368,25.0,32,nntool-sq8-ne16(unknown)
base,320,0,11,_model_1_act_Sigmoid_qin0,quantize,19.51,0.06299212598425197,0.0,32,nntool-sq8-ne16(unknown)
base,320,0,12,_model_1_act_Sigmoid,sigmoid,27.95,0.007874015748031496,0.0,32,nntool-sq8-ne16(unknown)
base,320,0,13,_model_1_act_Mul_qin0,quantize,19.39,0.15429013967514038,0.0,32,nntool-sq8-ne16(unknown)
base,320,0,14,_model_1_act_Mul,mul,19.21,0.10303588956594467,0.0,32,nntool-sq8-ne16(unknown)
base,320,0,15,_model_2_cv1_conv_Conv_weights,constant,46.51,0.0029206734616309404,0.0,32,nntool-sq8-ne16(unknown)
base,320,0,16,constant_model_2_cv1_conv_bias,constant,80.34,0.00030093418899923563,0.0,32,nntool-sq8-ne16(unknown)
base,320,0,17,_model_2_cv1_conv_Conv,conv2d,18.27,0.07048158347606659,16.0,32,nntool-sq8-ne16(unknown)
base,320,0,18,_model_2_cv1_conv_Conv_split,split,18.06,0.07048158347606659,16.0,32,nntool-sq8-ne16(unknown)
base,320,0,19,_model_2_cv1_act_Sigmoid_qin0,quantize,17.97,0.06299212598425197,0.0,32,nntool-sq8-ne16(unknown)
base,320,0,20,_model_2_cv1_act_Sigmoid,sigmoid,27.49,0.007874015748031496,0.0,32,nntool-sq8-ne16(unknown)
base,320,0,21,_model_2_cv1_act_Mul_qin0,quantize,17.91,0.07939150184392929,0.0,32,nntool-sq8-ne16(unknown)
base,320,0,22,_model_2_cv1_act_Mul,mul,17.76,0.061476584523916245,0.0,32,nntool-sq8-ne16(unknown)
base,320,0,23,_model_2_cv2_act_Sigmoid_qin0,quantize,18.32,0.06299212598425197,0.0,32,nntool-sq8-ne16(unknown)
base,320,0,24,_model_2_cv2_act_Sigmoid,sigmoid,24.29,0.007874015748031496,0.0,32,nntool-sq8-ne16(unknown)
base,320,0,25,_model_2_cv2_act_Mul_qin0,quantize,18.3,0.07939150184392929,0.0,32,nntool-sq8-ne16(unknown)
base,320,0,26,_model_2_cv2_act_Mul,mul,16.36,0.11139362305402756,0.0,32,nntool-sq8-ne16(unknown)
base,320,0,27,_model_2_m_m_0_cv1_conv_Conv_weights,constant,48.27,0.010213576257228851,0.0,32,nntool-sq8-ne16(unknown)
base,320,0,28,constant_model_2_m_0_cv1_conv_bias,constant,78.67,0.0006278957589529455,0.0,32,nntool-sq8-ne16(unknown)
base,320,0,29,_model_2_m_m_0_cv1_conv_Conv,conv2d,17.54,0.06305821985006332,-1.0,32,nntool-sq8-ne16(unknown)
base,320,0,30,_model_2_m_m_0_cv1_act_Sigmoid_qin0,quantize,17.55,0.06299212598425197,0.0,32,nntool-sq8-ne16(unknown)
base,320,0,31,_model_2_m_m_0_cv1_act_Sigmoid,sigmoid,25.98,0.007874015748031496,0.0,32,nntool-sq8-ne16(unknown)
base,320,0,32,_model_2_m_m_0_cv1_act_Mul_qin0,quantize,17.52,0.06340552866458893,0.0,32,nntool-sq8-ne16(unknown)
base,320,0,33,_model_2_m_m_0_cv1_act_Mul,mul,18.06,0.06338534504175186,0.0,32,nntool-sq8-ne16(unknown)
base,320,0,34,_model_2_m_m_0_cv2_conv_Conv_weights,constant,42.26,0.005775198340415955,0.0,32,nntool-sq8-ne16(unknown)
base,320,0,35,constant_model_2_m_0_cv2_conv_bias,constant,90.18,0.0003660629445221275,0.0,32,nntool-sq8-ne16(unknown)
base,320,0,36,_model_2_m_m_0_cv2_conv_Conv,conv2d,14.87,0.07837377488613129,5.0,32,nntool-sq8-ne16(unknown)
base,320,0,37,_model_2_m_m_0_cv2_act_Sigmoid_qin0,quantize,14.84,0.06299212598425197,0.0,32,nntool-sq8-ne16(unknown)
base,320,0,38,_model_2_m_m_0_cv2_act_Sigmoid,sigmoid,22.93,0.007874015748031496,0.0,32,nntool-sq8-ne16(unknown)
base,320,0,39,_model_2_m_m_0_cv2_act_Mul_qin0,quantize,14.81,0.08136982470750809,0.0,32,nntool-sq8-ne16(unknown)
base,320,0,40,_model_2_m_m_0_cv2_act_Mul,mul,14.78,0.0753488838672638,0.0,32,nntool-sq8-ne16(unknown)
base,320,0,41,_model_2_m_m_0_Add,add,16.16,0.11139362305402756,0.0,32,nntool-sq8-ne16(unknown)
base,320,0,42,_model_2_Concat,concat,16.22,0.11139362305402756,0.0,32,nntool-sq8-ne16(unknown)
base,320,0,43,_model_2_cv3_conv_Conv_weights,constant,46.08,0.006707928143441677,0.0,32,nntool-sq8-ne16(unknown)
base,320,0,44,constant_model_2_cv3_conv_bias,constant,76.96,0.0007472204160876572,0.0,32,nntool-sq8-ne16(unknown)
base,320,0,45,_model_2_cv3_conv_Conv,conv2d,13.29,0.11240129917860031,17.0,32,nntool-sq8-ne16(unknown)
base,320,0,46,_model_2_cv3_act_Sigmoid_qin0,quantize,13.28,0.06299212598425197,0.0,32,nntool-sq8-ne16(unknown)
base,320,0,47,_model_2_cv3_act_Sigmoid,sigmoid,19.95,0.007874015748031496,0.0,32,nntool-sq8-ne16(unknown)
base,320,0,48,_model_2_cv3_act_Mul_qin0,quantize,13.23,0.12708421051502228,0.0,32,nntool-sq8-ne16(unknown)
base,320,0,49,_model_2_cv3_act_Mul,mul,13.22,0.09760235995054245,0.0,32,nntool-sq8-ne16(unknown)
base,320,0,50,_model_3_conv_Conv_weights,constant,41.79,0.0018120505847036839,0.0,32,nntool-sq8-ne16(unknown)
base,320,0,51,constant_model_3_conv_bias,constant,81.34,0.00017686041246633977,0.0,32,nntool-sq8-ne16(unknown)
base,320,0,52,_model_3_conv_Conv,conv2d,13.47,0.11352631449699402,22.0,32,nntool-sq8-ne16(unknown)
base,320,0,53,_model_3_act_Sigmoid_qin0,quantize,13.45,0.06299212598425197,0.0,32,nntool-sq8-ne16(unknown)
base,320,0,54,_model_3_act_Sigmoid,sigmoid,20.88,0.007874015748031496,0.0,32,nntool-sq8-ne16(unknown)
base,320,0,55,_model_3_act_Mul_qin0,quantize,13.37,0.13295774161815643,0.0,32,nntool-sq8-ne16(unknown)
base,320,0,56,_model_3_act_Mul,mul,13.58,0.09394128620624542,0.0,32,nntool-sq8-ne16(unknown)
base,320,0,57,_model_4_cv1_conv_Conv_weights,constant,45.13,0.0034217291977256536,0.0,32,nntool-sq8-ne16(unknown)
base,320,0,58,constant_model_4_cv1_conv_bias,constant,72.98,0.00032144165015779436,0.0,32,nntool-sq8-ne16(unknown)
base,320,0,59,_model_4_cv1_conv_Conv,conv2d,15.08,0.07215476036071777,-17.0,32,nntool-sq8-ne16(unknown)
base,320,0,60,_model_4_cv1_conv_Conv_split,split,15.55,0.07215476036071777,-17.0,32,nntool-sq8-ne16(unknown)
base,320,0,61,_model_4_cv1_act_Sigmoid_qin0,quantize,15.48,0.06299212598425197,0.0,32,nntool-sq8-ne16(unknown)
base,320,0,62,_model_4_cv1_act_Sigmoid,sigmoid,26.2,0.007874015748031496,0.0,32,nntool-sq8-ne16(unknown)
base,320,0,63,_model_4_cv1_act_Mul_qin0,quantize,15.41,0.08188143372535706,0.0,32,nntool-sq8-ne16(unknown)
base,320,0,64,_model_4_cv1_act_Mul,mul,15.62,0.06214160472154617,0.0,32,nntool-sq8-ne16(unknown)
base,320,0,65,_model_4_cv2_act_Sigmoid_qin0,quantize,14.85,0.06299212598425197,0.0,32,nntool-sq8-ne16(unknown)
base,320,0,66,_model_4_cv2_act_Sigmoid,sigmoid,22.77,0.007874015748031496,0.0,32,nntool-sq8-ne16(unknown)
base,320,0,67,_model_4_cv2_act_Mul_qin0,quantize,14.81,0.08188143372535706,0.0,32,nntool-sq8-ne16(unknown)
base,320,0,68,_model_4_cv2_act_Mul,mul,14.55,0.10813837498426437,0.0,32,nntool-sq8-ne16(unknown)
base,320,0,69,_model_4_m_m_0_cv1_conv_Conv_weights,constant,46.5,0.0073852380737662315,0.0,32,nntool-sq8-ne16(unknown)
base,320,0,70,constant_model_4_m_0_cv1_conv_bias,constant,77.4,0.0004589305317495018,0.0,32,nntool-sq8-ne16(unknown)
base,320,0,71,_model_4_m_m_0_cv1_conv_Conv,conv2d,15.53,0.0789540484547615,14.0,32,nntool-sq8-ne16(unknown)
base,320,0,72,_model_4_m_m_0_cv1_act_Sigmoid_qin0,quantize,15.44,0.06299212598425197,0.0,32,nntool-sq8-ne16(unknown)
base,320,0,73,_model_4_m_m_0_cv1_act_Sigmoid,sigmoid,24.92,0.007874015748031496,0.0,32,nntool-sq8-ne16(unknown)
base,320,0,74,_model_4_m_m_0_cv1_act_Mul_qin0,quantize,15.43,0.08738889545202255,0.0,32,nntool-sq8-ne16(unknown)
base,320,0,75,_model_4_m_m_0_cv1_act_Mul,mul,15.56,0.07044361531734467,0.0,32,nntool-sq8-ne16(unknown)
base,320,0,76,_model_4_m_m_0_cv2_conv_Conv_weights,constant,42.03,0.0029328702948987484,0.0,32,nntool-sq8-ne16(unknown)
base,320,0,77,constant_model_4_m_0_cv2_conv_bias,constant,80.22,0.00020660198060795665,0.0,32,nntool-sq8-ne16(unknown)
base,320,0,78,_model_4_m_m_0_cv2_conv_Conv,conv2d,14.09,0.08883368968963623,-4.0,32,nntool-sq8-ne16(unknown)
base,320,0,79,_model_4_m_m_0_cv2_act_Sigmoid_qin0,quantize,14.06,0.06299212598425197,0.0,32,nntool-sq8-ne16(unknown)
base,320,0,80,_model_4_m_m_0_cv2_act_Sigmoid,sigmoid,21.49,0.007874015748031496,0.0,32,nntool-sq8-ne16(unknown)
base,320,0,81,_model_4_m_m_0_cv2_act_Mul_qin0,quantize,13.98,0.09146065264940262,0.0,32,nntool-sq8-ne16(unknown)
base,320,0,82,_model_4_m_m_0_cv2_act_Mul,mul,13.8,0.09145983308553696,0.0,32,nntool-sq8-ne16(unknown)
base,320,0,83,_model_4_m_m_0_Add,add,14.81,0.10813837498426437,0.0,32,nntool-sq8-ne16(unknown)
base,320,0,84,_model_4_Concat,concat,14.7,0.10813837498426437,0.0,32,nntool-sq8-ne16(unknown)
base,320,0,85,_model_4_cv3_conv_Conv_weights,constant,45.53,0.002471343846991658,0.0,32,nntool-sq8-ne16(unknown)
base,320,0,86,constant_model_4_cv3_conv_bias,constant,75.21,0.00026724711642600596,0.0,32,nntool-sq8-ne16(unknown)
base,320,0,87,_model_4_cv3_conv_Conv,conv2d,14.53,0.07389913499355316,9.0,32,nntool-sq8-ne16(unknown)
base,320,0,88,_model_4_cv3_act_Sigmoid_qin0,quantize,14.48,0.06299212598425197,0.0,32,nntool-sq8-ne16(unknown)
base,320,0,89,_model_4_cv3_act_Sigmoid,sigmoid,23.38,0.007874015748031496,0.0,32,nntool-sq8-ne16(unknown)
base,320,0,90,_model_4_cv3_act_Mul_qin0,quantize,14.44,0.07880957424640656,0.0,32,nntool-sq8-ne16(unknown)
base,320,0,91,_model_4_cv3_act_Mul,mul,13.87,0.1002306193113327,0.0,32,nntool-sq8-ne16(unknown)
base,320,0,92,_model_5_conv_Conv_weights,constant,42.19,0.001301596057601273,0.0,32,nntool-sq8-ne16(unknown)
base,320,0,93,constant_model_5_conv_bias,constant,78.79,0.00013045978266745806,0.0,32,nntool-sq8-ne16(unknown)
base,320,0,94,_model_5_conv_Conv,conv2d,14.46,0.0701889619231224,1.0,32,nntool-sq8-ne16(unknown)
base,320,0,95,_model_5_act_Sigmoid_qin0,quantize,14.42,0.06299212598425197,0.0,32,nntool-sq8-ne16(unknown)
base,320,0,96,_model_5_act_Sigmoid,sigmoid,23.51,0.007874015748031496,0.0,32,nntool-sq8-ne16(unknown)
base,320,0,97,_model_5_act_Mul_qin0,quantize,14.38,0.07089931517839432,0.0,32,nntool-sq8-ne16(unknown)
base,320,0,98,_model_5_act_Mul,mul,14.14,0.06946278363466263,0.0,32,nntool-sq8-ne16(unknown)
base,320,0,99,_model_6_cv1_conv_Conv_weights,constant,44.49,0.003346506506204605,0.0,32,nntool-sq8-ne16(unknown)
base,320,0,100,constant_model_6_cv1_conv_bias,constant,76.34,0.00023245766351465136,0.0,32,nntool-sq8-ne16(unknown)
base,320,0,101,_model_6_cv1_conv_Conv,conv2d,14.22,0.06939835101366043,-1.0,32,nntool-sq8-ne16(unknown)
base,320,0,102,_model_6_cv1_conv_Conv_split,split,14.14,0.06939835101366043,-1.0,32,nntool-sq8-ne16(unknown)
base,320,0,103,_model_6_cv1_act_Sigmoid_qin0,quantize,14.05,0.06299212598425197,0.0,32,nntool-sq8-ne16(unknown)
base,320,0,104,_model_6_cv1_act_Sigmoid,sigmoid,24.86,0.007874015748031496,0.0,32,nntool-sq8-ne16(unknown)
base,320,0,105,_model_6_cv1_act_Mul_qin0,quantize,14.03,0.07019608467817307,0.0,32,nntool-sq8-ne16(unknown)
base,320,0,106,_model_6_cv1_act_Mul,mul,13.85,0.05753764882683754,0.0,32,nntool-sq8-ne16(unknown)
base,320,0,107,_model_6_cv2_act_Sigmoid_qin0,quantize,14.21,0.06299212598425197,0.0,32,nntool-sq8-ne16(unknown)
base,320,0,108,_model_6_cv2_act_Sigmoid,sigmoid,23.27,0.007874015748031496,0.0,32,nntool-sq8-ne16(unknown)
base,320,0,109,_model_6_cv2_act_Mul_qin0,quantize,14.17,0.07019608467817307,0.0,32,nntool-sq8-ne16(unknown)
base,320,0,110,_model_6_cv2_act_Mul,mul,14.14,0.10318469256162643,0.0,32,nntool-sq8-ne16(unknown)
base,320,0,111,_model_6_m_m_0_cv1_conv_Conv_weights,constant,45.1,0.008148892782628536,0.0,32,nntool-sq8-ne16(unknown)
base,320,0,112,constant_model_6_m_0_cv1_conv_bias,constant,73.99,0.0004688681219704449,0.0,32,nntool-sq8-ne16(unknown)
base,320,0,113,_model_6_m_m_0_cv1_conv_Conv,conv2d,13.24,0.07600720226764679,2.0,32,nntool-sq8-ne16(unknown)
base,320,0,114,_model_6_m_m_0_cv1_act_Sigmoid_qin0,quantize,13.2,0.06299212598425197,0.0,32,nntool-sq8-ne16(unknown)
base,320,0,115,_model_6_m_m_0_cv1_act_Sigmoid,sigmoid,22.43,0.007874015748031496,0.0,32,nntool-sq8-ne16(unknown)
base,320,0,116,_model_6_m_m_0_cv1_act_Mul_qin0,quantize,13.12,0.07690276950597763,0.0,32,nntool-sq8-ne16(unknown)
base,320,0,117,_model_6_m_m_0_cv1_act_Mul,mul,13.28,0.0750991627573967,0.0,32,nntool-sq8-ne16(unknown)
base,320,0,118,_model_6_m_m_0_cv2_conv_Conv_weights,constant,42.32,0.001208132365718484,0.0,32,nntool-sq8-ne16(unknown)
base,320,0,119,constant_model_6_m_0_cv2_conv_bias,constant,84.58,9.072972898138687e-05,0.0,32,nntool-sq8-ne16(unknown)
base,320,0,120,_model_6_m_m_0_cv2_conv_Conv,conv2d,13.28,0.09113923460245132,3.0,32,nntool-sq8-ne16(unknown)
base,320,0,121,_model_6_m_m_0_cv2_act_Sigmoid_qin0,quantize,13.21,0.06299212598425197,0.0,32,nntool-sq8-ne16(unknown)
base,320,0,122,_model_6_m_m_0_cv2_act_Sigmoid,sigmoid,21.97,0.007874015748031496,0.0,32,nntool-sq8-ne16(unknown)
base,320,0,123,_model_6_m_m_0_cv2_act_Mul_qin0,quantize,13.06,0.09315790235996246,0.0,32,nntool-sq8-ne16(unknown)
base,320,0,124,_model_6_m_m_0_cv2_act_Mul,mul,12.97,0.0891035869717598,0.0,32,nntool-sq8-ne16(unknown)
base,320,0,125,_model_6_m_m_0_Add,add,13.52,0.10318469256162643,0.0,32,nntool-sq8-ne16(unknown)
base,320,0,126,_model_6_Concat,concat,13.78,0.10318469256162643,0.0,32,nntool-sq8-ne16(unknown)
base,320,0,127,_model_6_cv3_conv_Conv_weights,constant,44.72,0.0028533164877444506,0.0,32,nntool-sq8-ne16(unknown)
base,320,0,128,constant_model_6_cv3_conv_bias,constant,77.52,0.00029441859805956483,0.0,32,nntool-sq8-ne16(unknown)
base,320,0,129,_model_6_cv3_conv_Conv,conv2d,13.52,0.0745406523346901,9.0,32,nntool-sq8-ne16(unknown)
base,320,0,130,_model_6_cv3_act_Sigmoid_qin0,quantize,13.5,0.06299212598425197,0.0,32,nntool-sq8-ne16(unknown)
base,320,0,131,_model_6_cv3_act_Sigmoid,sigmoid,22.77,0.007874015748031496,0.0,32,nntool-sq8-ne16(unknown)
base,320,0,132,_model_6_cv3_act_Mul_qin0,quantize,13.46,0.07972883433103561,0.0,32,nntool-sq8-ne16(unknown)
base,320,0,133,_model_6_cv3_act_Mul,mul,13.07,0.08333418518304825,0.0,32,nntool-sq8-ne16(unknown)
base,320,0,134,_model_7_conv_Conv_weights,constant,41.75,0.0007051634602248669,0.0,32,nntool-sq8-ne16(unknown)
base,320,0,135,constant_model_7_conv_bias,constant,86.85,5.876422073924914e-05,0.0,32,nntool-sq8-ne16(unknown)
base,320,0,136,_model_7_conv_Conv,conv2d,14.79,0.07268939912319183,-3.0,32,nntool-sq8-ne16(unknown)
base,320,0,137,_model_7_act_Sigmoid_qin0,quantize,14.74,0.06299212598425197,0.0,32,nntool-sq8-ne16(unknown)
base,320,0,138,_model_7_act_Sigmoid,sigmoid,23.88,0.007874015748031496,0.0,32,nntool-sq8-ne16(unknown)
base,320,0,139,_model_7_act_Mul_qin0,quantize,14.65,0.0742102712392807,0.0,32,nntool-sq8-ne16(unknown)
base,320,0,140,_model_7_act_Mul,mul,14.19,0.07420428097248077,0.0,32,nntool-sq8-ne16(unknown)
base,320,0,141,_model_8_cv1_conv_Conv_weights,constant,43.82,0.0010799998417496681,0.0,32,nntool-sq8-ne16(unknown)
base,320,0,142,constant_model_8_cv1_conv_bias,constant,78.78,8.014061313588172e-05,0.0,32,nntool-sq8-ne16(unknown)
base,320,0,143,_model_8_cv1_conv_Conv,conv2d,14.62,0.05638117343187332,-18.0,32,nntool-sq8-ne16(unknown)
base,320,0,144,_model_8_cv1_conv_Conv_split,split,14.46,0.05638117343187332,-18.0,32,nntool-sq8-ne16(unknown)
base,320,0,145,_model_8_cv1_act_Sigmoid_qin0,quantize,14.4,0.06299212598425197,0.0,32,nntool-sq8-ne16(unknown)
base,320,0,146,_model_8_cv1_act_Sigmoid,sigmoid,23.56,0.007874015748031496,0.0,32,nntool-sq8-ne16(unknown)
base,320,0,147,_model_8_cv1_act_Mul_qin0,quantize,14.41,0.06448545306921005,0.0,32,nntool-sq8-ne16(unknown)
base,320,0,148,_model_8_cv1_act_Mul,mul,14.15,0.0639011487364769,0.0,32,nntool-sq8-ne16(unknown)
base,320,0,149,_model_8_cv2_act_Sigmoid_qin0,quantize,14.74,0.06299212598425197,0.0,32,nntool-sq8-ne16(unknown)
base,320,0,150,_model_8_cv2_act_Sigmoid,sigmoid,23.98,0.007874015748031496,0.0,32,nntool-sq8-ne16(unknown)
base,320,0,151,_model_8_cv2_act_Mul_qin0,quantize,14.76,0.06448545306921005,0.0,32,nntool-sq8-ne16(unknown)
base,320,0,152,_model_8_cv2_act_Mul,mul,14.26,0.09314096719026566,0.0,32,nntool-sq8-ne16(unknown)
base,320,0,153,_model_8_m_m_0_cv1_conv_Conv_weights,constant,44.76,0.0031209986191242933,0.0,32,nntool-sq8-ne16(unknown)
base,320,0,154,constant_model_8_m_0_cv1_conv_bias,constant,79.65,0.00019943539518862963,0.0,32,nntool-sq8-ne16(unknown)
base,320,0,155,_model_8_m_m_0_cv1_conv_Conv,conv2d,13.48,0.061072610318660736,-4.0,32,nntool-sq8-ne16(unknown)
base,320,0,156,_model_8_m_m_0_cv1_act_Sigmoid_qin0,quantize,13.44,0.06299212598425197,0.0,32,nntool-sq8-ne16(unknown)
base,320,0,157,_model_8_m_m_0_cv1_act_Sigmoid,sigmoid,22.48,0.007874015748031496,0.0,32,nntool-sq8-ne16(unknown)
base,320,0,158,_model_8_m_m_0_cv1_act_Mul_qin0,quantize,13.44,0.06296270340681076,0.0,32,nntool-sq8-ne16(unknown)
base,320,0,159,_model_8_m_m_0_cv1_act_Mul,mul,13.62,0.06294150650501251,0.0,32,nntool-sq8-ne16(unknown)
base,320,0,160,_model_8_m_m_0_cv2_conv_Conv_weights,constant,42.0,0.0004243426665198058,0.0,32,nntool-sq8-ne16(unknown)
base,320,0,161,constant_model_8_m_0_cv2_conv_bias,constant,92.95,2.6708767109084874e-05,0.0,32,nntool-sq8-ne16(unknown)
base,320,0,162,_model_8_m_m_0_cv2_conv_Conv,conv2d,14.35,0.06143593415617943,-20.0,32,nntool-sq8-ne16(unknown)
base,320,0,163,_model_8_m_m_0_cv2_act_Sigmoid_qin0,quantize,14.31,0.06299212598425197,0.0,32,nntool-sq8-ne16(unknown)
base,320,0,164,_model_8_m_m_0_cv2_act_Sigmoid,sigmoid,23.21,0.007874015748031496,0.0,32,nntool-sq8-ne16(unknown)
base,320,0,165,_model_8_m_m_0_cv2_act_Mul_qin0,quantize,14.28,0.07128164172172546,0.0,32,nntool-sq8-ne16(unknown)
base,320,0,166,_model_8_m_m_0_cv2_act_Mul,mul,14.3,0.07127329707145691,0.0,32,nntool-sq8-ne16(unknown)
base,320,0,167,_model_8_m_m_0_Add,add,14.39,0.09314096719026566,0.0,32,nntool-sq8-ne16(unknown)
base,320,0,168,_model_8_Concat,concat,14.35,0.09314096719026566,0.0,32,nntool-sq8-ne16(unknown)
base,320,0,169,_model_8_cv3_conv_Conv_weights,constant,43.88,0.0014579033013433218,0.0,32,nntool-sq8-ne16(unknown)
base,320,0,170,constant_model_8_cv3_conv_bias,constant,81.68,0.00013579052756540477,0.0,32,nntool-sq8-ne16(unknown)
base,320,0,171,_model_8_cv3_conv_Conv,conv2d,14.7,0.06814070791006088,6.0,32,nntool-sq8-ne16(unknown)
base,320,0,172,_model_8_cv3_act_Sigmoid_qin0,quantize,14.65,0.06299212598425197,0.0,32,nntool-sq8-ne16(unknown)
base,320,0,173,_model_8_cv3_act_Sigmoid,sigmoid,23.66,0.007874015748031496,0.0,32,nntool-sq8-ne16(unknown)
base,320,0,174,_model_8_cv3_act_Mul_qin0,quantize,14.63,0.07133079320192337,0.0,32,nntool-sq8-ne16(unknown)
base,320,0,175,_model_8_cv3_act_Mul,mul,14.49,0.0649084746837616,0.0,32,nntool-sq8-ne16(unknown)
base,320,0,176,_model_9_cv1_conv_Conv_weights,constant,43.89,0.0015760061796754599,0.0,32,nntool-sq8-ne16(unknown)
base,320,0,177,constant_model_9_cv1_conv_bias,constant,85.91,0.00010229615872958675,0.0,32,nntool-sq8-ne16(unknown)
base,320,0,178,_model_9_cv1_conv_Conv,conv2d,15.73,0.06536568701267242,9.0,32,nntool-sq8-ne16(unknown)
base,320,0,179,_model_9_cv1_act_Sigmoid_qin0,quantize,15.67,0.06299212598425197,0.0,32,nntool-sq8-ne16(unknown)
base,320,0,180,_model_9_cv1_act_Sigmoid,sigmoid,25.23,0.007874015748031496,0.0,32,nntool-sq8-ne16(unknown)
base,320,0,181,_model_9_cv1_act_Mul_qin0,quantize,15.66,0.06999939680099487,0.0,32,nntool-sq8-ne16(unknown)
base,320,0,182,_model_9_cv1_act_Mul,mul,15.5,0.060668252408504486,0.0,32,nntool-sq8-ne16(unknown)
base,320,0,183,_model_9_m_MaxPool,max_pool,18.43,0.060668252408504486,0.0,32,nntool-sq8-ne16(unknown)
base,320,0,184,_model_9_m_1_MaxPool,max_pool,19.51,0.060668252408504486,0.0,32,nntool-sq8-ne16(unknown)
base,320,0,185,_model_9_m_2_MaxPool,max_pool,20.16,0.060668252408504486,0.0,32,nntool-sq8-ne16(unknown)
base,320,0,186,_model_9_Concat,concat,19.14,0.060668252408504486,0.0,32,nntool-sq8-ne16(unknown)
base,320,0,187,_model_9_cv2_conv_Conv_weights,constant,41.08,0.0014551026979461312,0.0,32,nntool-sq8-ne16(unknown)
base,320,0,188,constant_model_9_cv2_conv_bias,constant,95.22,8.827853889670223e-05,0.0,32,nntool-sq8-ne16(unknown)
base,320,0,189,_model_9_cv2_conv_Conv,conv2d,14.56,0.043398573994636536,-18.0,32,nntool-sq8-ne16(unknown)
base,320,0,190,_model_9_cv2_act_Sigmoid_qin0,quantize,14.51,0.06299212598425197,0.0,32,nntool-sq8-ne16(unknown)
base,320,0,191,_model_9_cv2_act_Sigmoid,sigmoid,23.15,0.007874015748031496,0.0,32,nntool-sq8-ne16(unknown)
base,320,0,192,_model_9_cv2_act_Mul_qin0,quantize,14.53,0.04942108318209648,0.0,32,nntool-sq8-ne16(unknown)
base,320,0,193,_model_9_cv2_act_Mul,mul,14.42,0.04932834208011627,0.0,32,nntool-sq8-ne16(unknown)
base,320,0,194,_model_10_conv_Conv_weights,constant,43.82,0.0015625589294359088,0.0,32,nntool-sq8-ne16(unknown)
base,320,0,195,constant_model_10_conv_bias,constant,83.42,7.707843906246126e-05,0.0,32,nntool-sq8-ne16(unknown)
base,320,0,196,_model_10_conv_Conv,conv2d,14.78,0.05867753177881241,-29.0,32,nntool-sq8-ne16(unknown)
base,320,0,197,_model_10_act_Sigmoid_qin0,quantize,14.72,0.06299212598425197,0.0,32,nntool-sq8-ne16(unknown)
base,320,0,198,_model_10_act_Sigmoid,sigmoid,24.1,0.007874015748031496,0.0,32,nntool-sq8-ne16(unknown)
base,320,0,199,_model_10_act_Mul_qin0,quantize,14.7,0.07187344133853912,0.0,32,nntool-sq8-ne16(unknown)
base,320,0,200,_model_10_act_Mul,mul,14.77,0.08333418518304825,0.0,32,nntool-sq8-ne16(unknown)
base,320,0,201,_model_11_Resize,nearest_neighbor,14.77,0.08333418518304825,0.0,32,nntool-sq8-ne16(unknown)
base,320,0,202,_model_12_Concat,concat,13.7,0.08333418518304825,0.0,32,nntool-sq8-ne16(unknown)
base,320,0,203,_model_13_cv1_conv_Conv_weights,constant,42.76,0.0025272988714277744,0.0,32,nntool-sq8-ne16(unknown)
base,320,0,204,constant_model_13_cv1_conv_bias,constant,74.8,0.00021061039296910167,0.0,32,nntool-sq8-ne16(unknown)
base,320,0,205,_model_13_cv1_conv_Conv,conv2d,13.9,0.0710766538977623,-11.0,32,nntool-sq8-ne16(unknown)
base,320,0,206,_model_13_cv1_conv_Conv_split,split,13.68,0.0710766538977623,-11.0,32,nntool-sq8-ne16(unknown)
base,320,0,207,_model_13_cv1_act_Sigmoid_qin0,quantize,13.64,0.06299212598425197,0.0,32,nntool-sq8-ne16(unknown)
base,320,0,208,_model_13_cv1_act_Sigmoid,sigmoid,22.05,0.007874015748031496,0.0,32,nntool-sq8-ne16(unknown)
base,320,0,209,_model_13_cv1_act_Mul_qin0,quantize,13.6,0.0775061547756195,0.0,32,nntool-sq8-ne16(unknown)
base,320,0,210,_model_13_cv1_act_Mul,mul,12.96,0.07750204205513,0.0,32,nntool-sq8-ne16(unknown)
base,320,0,211,_model_13_cv2_act_Sigmoid_qin0,quantize,14.11,0.06299212598425197,0.0,32,nntool-sq8-ne16(unknown)
base,320,0,212,_model_13_cv2_act_Sigmoid,sigmoid,23.21,0.007874015748031496,0.0,32,nntool-sq8-ne16(unknown)
base,320,0,213,_model_13_cv2_act_Mul_qin0,quantize,14.07,0.0775061547756195,0.0,32,nntool-sq8-ne16(unknown)
base,320,0,214,_model_13_cv2_act_Mul,mul,13.12,0.1660548746585846,0.0,32,nntool-sq8-ne16(unknown)
base,320,0,215,_model_13_m_m_0_cv1_conv_Conv_weights,constant,45.97,0.005784641485661268,0.0,32,nntool-sq8-ne16(unknown)
base,320,0,216,constant_model_13_m_0_cv1_conv_bias,constant,78.23,0.0004483215161599219,0.0,32,nntool-sq8-ne16(unknown)
base,320,0,217,_model_13_m_m_0_cv1_conv_Conv,conv2d,14.66,0.0949152335524559,10.0,32,nntool-sq8-ne16(unknown)
base,320,0,218,_model_13_m_m_0_cv1_act_Sigmoid_qin0,quantize,14.57,0.06299212598425197,0.0,32,nntool-sq8-ne16(unknown)
base,320,0,219,_model_13_m_m_0_cv1_act_Sigmoid,sigmoid,23.44,0.007874015748031496,0.0,32,nntool-sq8-ne16(unknown)
base,320,0,220,_model_13_m_m_0_cv1_act_Mul_qin0,quantize,14.57,0.10248662531375885,0.0,32,nntool-sq8-ne16(unknown)
base,320,0,221,_model_13_m_m_0_cv1_act_Mul,mul,15.19,0.08728288859128952,0.0,32,nntool-sq8-ne16(unknown)
base,320,0,222,_model_13_m_m_0_cv2_conv_Conv_weights,constant,42.03,0.0019541915971785784,0.0,32,nntool-sq8-ne16(unknown)
base,320,0,223,constant_model_13_m_0_cv2_conv_bias,constant,90.25,0.0001705674803815782,0.0,32,nntool-sq8-ne16(unknown)
base,320,0,224,_model_13_m_m_0_cv2_conv_Conv,conv2d,13.97,0.11885808408260345,-50.0,32,nntool-sq8-ne16(unknown)
base,320,0,225,_model_13_m_m_0_cv2_act_Sigmoid_qin0,quantize,13.91,0.06299212598425197,0.0,32,nntool-sq8-ne16(unknown)
base,320,0,226,_model_13_m_m_0_cv2_act_Sigmoid,sigmoid,22.76,0.007874015748031496,0.0,32,nntool-sq8-ne16(unknown)
base,320,0,227,_model_13_m_m_0_cv2_act_Mul_qin0,quantize,13.74,0.1660548746585846,0.0,32,nntool-sq8-ne16(unknown)
base,320,0,228,_model_13_m_m_0_cv2_act_Mul,mul,13.98,0.1660548746585846,0.0,32,nntool-sq8-ne16(unknown)
base,320,0,229,_model_13_Concat,concat,13.62,0.1660548746585846,0.0,32,nntool-sq8-ne16(unknown)
base,320,0,230,_model_13_cv3_conv_Conv_weights,constant,44.26,0.004036481026560068,0.0,32,nntool-sq8-ne16(unknown)
base,320,0,231,constant_model_13_cv3_conv_bias,constant,69.6,0.0006702773389406502,0.0,32,nntool-sq8-ne16(unknown)
base,320,0,232,_model_13_cv3_conv_Conv,conv2d,13.7,0.13161538541316986,22.0,32,nntool-sq8-ne16(unknown)
base,320,0,233,_model_13_cv3_act_Sigmoid_qin0,quantize,13.63,0.06299212598425197,0.0,32,nntool-sq8-ne16(unknown)
base,320,0,234,_model_13_cv3_act_Sigmoid,sigmoid,22.37,0.007874015748031496,0.0,32,nntool-sq8-ne16(unknown)
base,320,0,235,_model_13_cv3_act_Mul_qin0,quantize,13.48,0.15472404658794403,0.0,32,nntool-sq8-ne16(unknown)
base,320,0,236,_model_13_cv3_act_Mul,mul,13.31,0.10832466930150986,0.0,32,nntool-sq8-ne16(unknown)
base,320,0,237,_model_14_conv_Conv_weights,constant,43.6,0.0035814372822642326,0.0,32,nntool-sq8-ne16(unknown)
base,320,0,238,constant_model_14_conv_bias,constant,74.29,0.0003879580181092024,0.0,32,nntool-sq8-ne16(unknown)
base,320,0,239,_model_14_conv_Conv,conv2d,13.9,0.07640798389911652,-3.0,32,nntool-sq8-ne16(unknown)
base,320,0,240,_model_14_act_Sigmoid_qin0,quantize,13.87,0.06299212598425197,0.0,32,nntool-sq8-ne16(unknown)
base,320,0,241,_model_14_act_Sigmoid,sigmoid,23.08,0.007874015748031496,0.0,32,nntool-sq8-ne16(unknown)
base,320,0,242,_model_14_act_Mul_qin0,quantize,13.79,0.07794207334518433,0.0,32,nntool-sq8-ne16(unknown)
base,320,0,243,_model_14_act_Mul,mul,14.47,0.1002306193113327,0.0,32,nntool-sq8-ne16(unknown)
base,320,0,244,_model_15_Resize,nearest_neighbor,14.47,0.1002306193113327,0.0,32,nntool-sq8-ne16(unknown)
base,320,0,245,_model_16_Concat,concat,14.22,0.1002306193113327,0.0,32,nntool-sq8-ne16(unknown)
base,320,0,246,_model_17_cv1_conv_Conv_weights,constant,43.08,0.00291463197208941,0.0,32,nntool-sq8-ne16(unknown)
base,320,0,247,constant_model_17_cv1_conv_bias,constant,77.17,0.0002921353734564036,0.0,32,nntool-sq8-ne16(unknown)
base,320,0,248,_model_17_cv1_conv_Conv,conv2d,14.48,0.07043742388486862,-21.0,32,nntool-sq8-ne16(unknown)
base,320,0,249,_model_17_cv1_conv_Conv_split,split,14.37,0.07043742388486862,-21.0,32,nntool-sq8-ne16(unknown)
base,320,0,250,_model_17_cv1_act_Sigmoid_qin0,quantize,14.33,0.06299212598425197,0.0,32,nntool-sq8-ne16(unknown)
base,320,0,251,_model_17_cv1_act_Sigmoid,sigmoid,23.18,0.007874015748031496,0.0,32,nntool-sq8-ne16(unknown)
base,320,0,252,_model_17_cv1_act_Mul_qin0,quantize,14.29,0.08231575042009354,0.0,32,nntool-sq8-ne16(unknown)
base,320,0,253,_model_17_cv1_act_Mul,mul,14.75,0.07575584948062897,0.0,32,nntool-sq8-ne16(unknown)
base,320,0,254,_model_17_cv2_act_Sigmoid_qin0,quantize,14.55,0.06299212598425197,0.0,32,nntool-sq8-ne16(unknown)
base,320,0,255,_model_17_cv2_act_Sigmoid,sigmoid,24.09,0.007874015748031496,0.0,32,nntool-sq8-ne16(unknown)
base,320,0,256,_model_17_cv2_act_Mul_qin0,quantize,14.5,0.08231575042009354,0.0,32,nntool-sq8-ne16(unknown)
base,320,0,257,_model_17_cv2_act_Mul,mul,14.81,0.11255265772342682,0.0,32,nntool-sq8-ne16(unknown)
base,320,0,258,_model_17_m_m_0_cv1_conv_Conv_weights,constant,46.64,0.004703376442193985,0.0,32,nntool-sq8-ne16(unknown)
base,320,0,259,constant_model_17_m_0_cv1_conv_bias,constant,77.45,0.000356308271875605,0.0,32,nntool-sq8-ne16(unknown)
base,320,0,260,_model_17_m_m_0_cv1_conv_Conv,conv2d,17.04,0.06005164608359337,7.0,32,nntool-sq8-ne16(unknown)
base,320,0,261,_model_17_m_m_0_cv1_act_Sigmoid_qin0,quantize,16.95,0.06299212598425197,0.0,32,nntool-sq8-ne16(unknown)
base,320,0,262,_model_17_m_m_0_cv1_act_Sigmoid,sigmoid,25.48,0.007874015748031496,0.0,32,nntool-sq8-ne16(unknown)
base,320,0,263,_model_17_m_m_0_cv1_act_Mul_qin0,quantize,16.97,0.06322309374809265,0.0,32,nntool-sq8-ne16(unknown)
base,320,0,264,_model_17_m_m_0_cv1_act_Mul,mul,17.41,0.05681367591023445,0.0,32,nntool-sq8-ne16(unknown)
base,320,0,265,_model_17_m_m_0_cv2_conv_Conv_weights,constant,42.44,0.002878223080188036,0.0,32,nntool-sq8-ne16(unknown)
base,320,0,266,constant_model_17_m_0_cv2_conv_bias,constant,92.38,0.0001635224325582385,0.0,32,nntool-sq8-ne16(unknown)
base,320,0,267,_model_17_m_m_0_cv2_conv_Conv,conv2d,15.61,0.11302176862955093,1.0,32,nntool-sq8-ne16(unknown)
base,320,0,268,_model_17_m_m_0_cv2_act_Sigmoid_qin0,quantize,15.52,0.06299212598425197,0.0,32,nntool-sq8-ne16(unknown)
base,320,0,269,_model_17_m_m_0_cv2_act_Sigmoid,sigmoid,24.63,0.007874015748031496,0.0,32,nntool-sq8-ne16(unknown)
base,320,0,270,_model_17_m_m_0_cv2_act_Mul_qin0,quantize,15.58,0.11348714679479599,0.0,32,nntool-sq8-ne16(unknown)
base,320,0,271,_model_17_m_m_0_cv2_act_Mul,mul,15.51,0.11255265772342682,0.0,32,nntool-sq8-ne16(unknown)
base,320,0,272,_model_17_Concat,concat,15.26,0.11255265772342682,0.0,32,nntool-sq8-ne16(unknown)
base,320,0,273,_model_17_cv3_conv_Conv_weights,constant,44.1,0.006546579301357269,0.0,32,nntool-sq8-ne16(unknown)
base,320,0,274,constant_model_17_cv3_conv_bias,constant,75.66,0.0007368348888121545,0.0,32,nntool-sq8-ne16(unknown)
base,320,0,275,_model_17_cv3_conv_Conv,conv2d,16.21,0.09787753224372864,-1.0,32,nntool-sq8-ne16(unknown)
base,320,0,276,_model_17_cv3_act_Sigmoid_qin0,quantize,16.16,0.06299212598425197,0.0,32,nntool-sq8-ne16(unknown)
base,320,0,277,_model_17_cv3_act_Sigmoid,sigmoid,24.34,0.007874015748031496,0.0,32,nntool-sq8-ne16(unknown)
base,320,0,278,_model_17_cv3_act_Mul_qin0,quantize,16.18,0.09840261191129684,0.0,32,nntool-sq8-ne16(unknown)
base,320,0,279,_model_17_cv3_act_Mul,mul,16.59,0.0984022468328476,0.0,32,nntool-sq8-ne16(unknown)
base,320,0,280,_model_18_conv_Conv_weights,constant,41.09,0.0006411582580767572,0.0,32,nntool-sq8-ne16(unknown)
base,320,0,281,constant_model_18_conv_bias,constant,86.24,6.309141463134438e-05,0.0,32,nntool-sq8-ne16(unknown)
base,320,0,282,_model_18_conv_Conv,conv2d,12.67,0.1023072749376297,3.0,32,nntool-sq8-ne16(unknown)
base,320,0,283,_model_18_act_Sigmoid_qin0,quantize,12.66,0.06299212598425197,0.0,32,nntool-sq8-ne16(unknown)
base,320,0,284,_model_18_act_Sigmoid,sigmoid,21.4,0.007874015748031496,0.0,32,nntool-sq8-ne16(unknown)
base,320,0,285,_model_18_act_Mul_qin0,quantize,12.55,0.10436741262674332,0.0,32,nntool-sq8-ne16(unknown)
base,320,0,286,_model_18_act_Mul,mul,12.53,0.1002306193113327,0.0,32,nntool-sq8-ne16(unknown)
base,320,0,287,_model_19_Concat,concat,13.43,0.1002306193113327,0.0,32,nntool-sq8-ne16(unknown)
base,320,0,288,_model_20_cv1_conv_Conv_weights,constant,43.53,0.004550701007246971,0.0,32,nntool-sq8-ne16(unknown)
base,320,0,289,constant_model_20_cv1_conv_bias,constant,76.74,0.00045611956738866866,0.0,32,nntool-sq8-ne16(unknown)
base,320,0,290,_model_20_cv1_conv_Conv,conv2d,13.78,0.07929203659296036,8.0,32,nntool-sq8-ne16(unknown)
base,320,0,291,_model_20_cv1_conv_Conv_split,split,13.52,0.07929203659296036,8.0,32,nntool-sq8-ne16(unknown)
base,320,0,292,_model_20_cv1_act_Sigmoid_qin0,quantize,13.46,0.06299212598425197,0.0,32,nntool-sq8-ne16(unknown)
base,320,0,293,_model_20_cv1_act_Sigmoid,sigmoid,22.7,0.007874015748031496,0.0,32,nntool-sq8-ne16(unknown)
base,320,0,294,_model_20_cv1_act_Mul_qin0,quantize,13.44,0.08402717858552933,0.0,32,nntool-sq8-ne16(unknown)
base,320,0,295,_model_20_cv1_act_Mul,mul,13.74,0.07451382279396057,0.0,32,nntool-sq8-ne16(unknown)
base,320,0,296,_model_20_cv2_act_Sigmoid_qin0,quantize,13.99,0.06299212598425197,0.0,32,nntool-sq8-ne16(unknown)
base,320,0,297,_model_20_cv2_act_Sigmoid,sigmoid,23.24,0.007874015748031496,0.0,32,nntool-sq8-ne16(unknown)
base,320,0,298,_model_20_cv2_act_Mul_qin0,quantize,13.97,0.08402717858552933,0.0,32,nntool-sq8-ne16(unknown)
base,320,0,299,_model_20_cv2_act_Mul,mul,14.23,0.09265723824501038,0.0,32,nntool-sq8-ne16(unknown)
base,320,0,300,_model_20_m_m_0_cv1_conv_Conv_weights,constant,45.9,0.0031868633814156055,0.0,32,nntool-sq8-ne16(unknown)
base,320,0,301,constant_model_20_m_0_cv1_conv_bias,constant,73.84,0.00023746537044644356,0.0,32,nntool-sq8-ne16(unknown)
base,320,0,302,_model_20_m_m_0_cv1_conv_Conv,conv2d,14.45,0.07923609763383865,-2.0,32,nntool-sq8-ne16(unknown)
base,320,0,303,_model_20_m_m_0_cv1_act_Sigmoid_qin0,quantize,14.39,0.06299212598425197,0.0,32,nntool-sq8-ne16(unknown)
base,320,0,304,_model_20_m_m_0_cv1_act_Sigmoid,sigmoid,23.78,0.007874015748031496,0.0,32,nntool-sq8-ne16(unknown)
base,320,0,305,_model_20_m_m_0_cv1_act_Mul_qin0,quantize,14.36,0.08019567281007767,0.0,32,nntool-sq8-ne16(unknown)
base,320,0,306,_model_20_m_m_0_cv1_act_Mul,mul,14.52,0.08019264042377472,0.0,32,nntool-sq8-ne16(unknown)
base,320,0,307,_model_20_m_m_0_cv2_conv_Conv_weights,constant,40.55,0.0014943055575713515,0.0,32,nntool-sq8-ne16(unknown)
base,320,0,308,constant_model_20_m_0_cv2_conv_bias,constant,83.36,0.00011983230797341093,0.0,32,nntool-sq8-ne16(unknown)
base,320,0,309,_model_20_m_m_0_cv2_conv_Conv,conv2d,14.9,0.08506935089826584,-11.0,32,nntool-sq8-ne16(unknown)
base,320,0,310,_model_20_m_m_0_cv2_act_Sigmoid_qin0,quantize,14.84,0.06299212598425197,0.0,32,nntool-sq8-ne16(unknown)
base,320,0,311,_model_20_m_m_0_cv2_act_Sigmoid,sigmoid,24.17,0.007874015748031496,0.0,32,nntool-sq8-ne16(unknown)
base,320,0,312,_model_20_m_m_0_cv2_act_Mul_qin0,quantize,14.8,0.09265796095132828,0.0,32,nntool-sq8-ne16(unknown)
base,320,0,313,_model_20_m_m_0_cv2_act_Mul,mul,14.96,0.09265723824501038,0.0,32,nntool-sq8-ne16(unknown)
base,320,0,314,_model_20_Concat,concat,14.65,0.09265723824501038,0.0,32,nntool-sq8-ne16(unknown)
base,320,0,315,_model_20_cv3_conv_Conv_weights,constant,42.53,0.0020815180614590645,0.0,32,nntool-sq8-ne16(unknown)
base,320,0,316,constant_model_20_cv3_conv_bias,constant,79.23,0.00019286770839244127,0.0,32,nntool-sq8-ne16(unknown)
base,320,0,317,_model_20_cv3_conv_Conv,conv2d,15.03,0.07931888103485107,-11.0,32,nntool-sq8-ne16(unknown)
base,320,0,318,_model_20_cv3_act_Sigmoid_qin0,quantize,14.96,0.06299212598425197,0.0,32,nntool-sq8-ne16(unknown)
base,320,0,319,_model_20_cv3_act_Sigmoid,sigmoid,23.68,0.007874015748031496,0.0,32,nntool-sq8-ne16(unknown)
base,320,0,320,_model_20_cv3_act_Mul_qin0,quantize,14.95,0.08628232777118683,0.0,32,nntool-sq8-ne16(unknown)
base,320,0,321,_model_20_cv3_act_Mul,mul,14.83,0.08628082275390625,0.0,32,nntool-sq8-ne16(unknown)
base,320,0,322,_model_21_conv_Conv_weights,constant,39.11,0.0013591524912044406,0.0,32,nntool-sq8-ne16(unknown)
base,320,0,323,constant_model_21_conv_bias,constant,85.05,0.00011726879165507853,0.0,32,nntool-sq8-ne16(unknown)
base,320,0,324,_model_21_conv_Conv,conv2d,12.65,0.07773686200380325,-9.0,32,nntool-sq8-ne16(unknown)
base,320,0,325,_model_21_act_Sigmoid_qin0,quantize,12.62,0.06299212598425197,0.0,32,nntool-sq8-ne16(unknown)
base,320,0,326,_model_21_act_Sigmoid,sigmoid,20.82,0.007874015748031496,0.0,32,nntool-sq8-ne16(unknown)
base,320,0,327,_model_21_act_Mul_qin0,quantize,12.59,0.08333628624677658,0.0,32,nntool-sq8-ne16(unknown)
base,320,0,328,_model_21_act_Mul,mul,12.21,0.08333418518304825,0.0,32,nntool-sq8-ne16(unknown)
base,320,0,329,_model_22_Concat,concat,12.94,0.08333418518304825,0.0,32,nntool-sq8-ne16(unknown)
base,320,0,330,_model_23_cv1_conv_Conv_weights,constant,41.85,0.002156321657821536,0.0,32,nntool-sq8-ne16(unknown)
base,320,0,331,constant_model_23_cv1_conv_bias,constant,77.02,0.0001796953147277236,0.0,32,nntool-sq8-ne16(unknown)
base,320,0,332,_model_23_cv1_conv_Conv,conv2d,13.08,0.07331747561693192,-25.0,32,nntool-sq8-ne16(unknown)
base,320,0,333,_model_23_cv1_conv_Conv_split,split,12.77,0.07331747561693192,-25.0,32,nntool-sq8-ne16(unknown)
base,320,0,334,_model_23_cv1_act_Sigmoid_qin0,quantize,12.75,0.06299212598425197,0.0,32,nntool-sq8-ne16(unknown)
base,320,0,335,_model_23_cv1_act_Sigmoid,sigmoid,21.89,0.007874015748031496,0.0,32,nntool-sq8-ne16(unknown)
base,320,0,336,_model_23_cv1_act_Mul_qin0,quantize,12.68,0.08762963861227036,0.0,32,nntool-sq8-ne16(unknown)
base,320,0,337,_model_23_cv1_act_Mul,mul,12.42,0.08762835711240768,0.0,32,nntool-sq8-ne16(unknown)
base,320,0,338,_model_23_cv2_act_Sigmoid_qin0,quantize,13.41,0.06299212598425197,0.0,32,nntool-sq8-ne16(unknown)
base,320,0,339,_model_23_cv2_act_Sigmoid,sigmoid,22.78,0.007874015748031496,0.0,32,nntool-sq8-ne16(unknown)
base,320,0,340,_model_23_cv2_act_Mul_qin0,quantize,13.32,0.08762963861227036,0.0,32,nntool-sq8-ne16(unknown)
base,320,0,341,_model_23_cv2_act_Mul,mul,13.13,0.07589472830295563,0.0,32,nntool-sq8-ne16(unknown)
base,320,0,342,_model_23_m_m_0_cv1_conv_Conv_weights,constant,44.86,0.002950777066871524,0.0,32,nntool-sq8-ne16(unknown)
base,320,0,343,constant_model_23_m_0_cv1_conv_bias,constant,75.9,0.0002585717593319714,0.0,32,nntool-sq8-ne16(unknown)
base,320,0,344,_model_23_m_m_0_cv1_conv_Conv,conv2d,12.67,0.08416114002466202,-16.0,32,nntool-sq8-ne16(unknown)
base,320,0,345,_model_23_m_m_0_cv1_act_Sigmoid_qin0,quantize,12.65,0.06299212598425197,0.0,32,nntool-sq8-ne16(unknown)
base,320,0,346,_model_23_m_m_0_cv1_act_Sigmoid,sigmoid,22.14,0.007874015748031496,0.0,32,nntool-sq8-ne16(unknown)
base,320,0,347,_model_23_m_m_0_cv1_act_Mul_qin0,quantize,12.6,0.09464182704687119,0.0,32,nntool-sq8-ne16(unknown)
base,320,0,348,_model_23_m_m_0_cv1_act_Mul,mul,12.16,0.09464125335216522,0.0,32,nntool-sq8-ne16(unknown)
base,320,0,349,_model_23_m_m_0_cv2_conv_Conv_weights,constant,38.9,0.000656072807032615,0.0,32,nntool-sq8-ne16(unknown)
base,320,0,350,constant_model_23_m_0_cv2_conv_bias,constant,80.99,6.209155253600329e-05,0.0,32,nntool-sq8-ne16(unknown)
base,320,0,351,_model_23_m_m_0_cv2_conv_Conv,conv2d,13.25,0.07285846024751663,-5.0,32,nntool-sq8-ne16(unknown)
base,320,0,352,_model_23_m_m_0_cv2_act_Sigmoid_qin0,quantize,13.21,0.06299212598425197,0.0,32,nntool-sq8-ne16(unknown)
base,320,0,353,_model_23_m_m_0_cv2_act_Sigmoid,sigmoid,22.58,0.007874015748031496,0.0,32,nntool-sq8-ne16(unknown)
base,320,0,354,_model_23_m_m_0_cv2_act_Mul_qin0,quantize,13.14,0.07589967548847198,0.0,32,nntool-sq8-ne16(unknown)
base,320,0,355,_model_23_m_m_0_cv2_act_Mul,mul,13.43,0.07589472830295563,0.0,32,nntool-sq8-ne16(unknown)
base,320,0,356,_model_23_Concat,concat,13.3,0.07589472830295563,0.0,32,nntool-sq8-ne16(unknown)
base,320,0,357,_model_23_cv3_conv_Conv_weights,constant,41.62,0.0009217553306370974,0.0,32,nntool-sq8-ne16(unknown)
base,320,0,358,constant_model_23_cv3_conv_bias,constant,83.25,6.995636795181781e-05,0.0,32,nntool-sq8-ne16(unknown)
base,320,0,359,_model_23_cv3_conv_Conv,conv2d,14.66,0.06284025311470032,5.0,32,nntool-sq8-ne16(unknown)
base,320,0,360,_model_23_cv3_act_Sigmoid_qin0,quantize,14.66,0.06299212598425197,0.0,32,nntool-sq8-ne16(unknown)
base,320,0,361,_model_23_cv3_act_Sigmoid,sigmoid,25.33,0.007874015748031496,0.0,32,nntool-sq8-ne16(unknown)
base,320,0,362,_model_23_cv3_act_Mul_qin0,quantize,14.58,0.0652964636683464,0.0,32,nntool-sq8-ne16(unknown)
base,320,0,363,_model_23_cv3_act_Mul,mul,14.68,0.06033644452691078,0.0,32,nntool-sq8-ne16(unknown)
base,320,0,364,_model_24_m_0_Conv_weights,constant,44.07,0.003085399279370904,0.0,32,nntool-sq8-ne16(unknown)
base,320,0,365,constant_model_24_m_0_bias,constant,86.13,0.0003036102280020714,0.0,32,nntool-sq8-ne16(unknown)
base,320,0,366,_model_24_m_0_Conv,conv2d,24.03,0.14569389820098877,0.0,32,nntool-sq8-ne16(unknown)
base,320,0,367,output_1,output,24.03,0.14569389820098877,0.0,32,nntool-sq8-ne16(unknown)
base,320,0,368,_model_24_m_1_Conv_weights,constant,41.38,0.0033487635664641857,0.0,32,nntool-sq8-ne16(unknown)
base,320,0,369,constant_model_24_m_1_bias,constant,85.97,0.00028893406852148473,0.0,32,nntool-sq8-ne16(unknown)
base,320,0,370,_model_24_m_1_Conv,conv2d,21.29,0.10623525083065033,0.0,32,nntool-sq8-ne16(unknown)
base,320,0,371,output_2,output,21.29,0.10623525083065033,0.0,32,nntool-sq8-ne16(unknown)
base,320,0,372,_model_24_m_2_Conv_weights,constant,39.86,0.0034006673377007246,0.0,32,nntool-sq8-ne16(unknown)
base,320,0,373,constant_model_24_m_2_bias,constant,90.62,0.00020518417295534164,0.0,32,nntool-sq8-ne16(unknown)
base,320,0,374,_model_24_m_2_Conv,conv2d,21.75,0.10133271664381027,0.0,32,nntool-sq8-ne16(unknown)
base,320,0,375,output_3,output,21.75,0.10133271664381027,0.0,32,nntool-sq8-ne16(unknown)
base,320,0,0,input_1,input,47.63,0.007874015718698502,0.0,32,nntool-sq8-ne16(unknown)
base,320,0,1,_model_0_conv_Conv_weights,constant,41.74,0.01953461579978466,0.0,32,nntool-sq8-ne16(unknown)
base,320,0,2,constant_model_0_conv_bias,constant,92.07,0.00015381586854346097,0.0,32,nntool-sq8-ne16(unknown)
base,320,0,3,_model_0_conv_Conv_fusion,conv_fusion_conv_active,37.22,0.04724409431219101,0.0,32,nntool-sq8-ne16(unknown)
base,320,0,4,_model_1_conv_Conv_weights,constant,43.83,0.0023937453515827656,0.0,32,nntool-sq8-ne16(unknown)
base,320,0,5,constant_model_1_conv_bias,constant,89.39,0.00011309033288853243,0.0,32,nntool-sq8-ne16(unknown)
base,320,0,6,_model_1_conv_Conv_fusion,conv_fusion_conv_active,36.63,0.023529411764705882,-128.0,32,nntool-sq8-ne16(unknown)
base,320,0,7,_model_2_cv1_conv_Conv_weights,constant,45.67,0.00588898453861475,0.0,32,nntool-sq8-ne16(unknown)
base,320,0,8,constant_model_2_cv1_conv_bias,constant,100.45,0.00013856434208505295,0.0,32,nntool-sq8-ne16(unknown)
base,320,0,9,_model_2_cv1_conv_Conv_fusion,conv_fusion_conv_active,32.85,0.047244094488188976,0.0,32,nntool-sq8-ne16(unknown)
base,320,0,10,_model_2_m_m_0_cv1_conv_Conv_weights,constant,48.6,0.006553241517394781,0.0,32,nntool-sq8-ne16(unknown)
base,320,0,11,constant_model_2_m_0_cv1_conv_bias,constant,82.76,0.00030960196145172195,0.0,32,nntool-sq8-ne16(unknown)
base,320,0,12,_model_2_m_m_0_cv1_conv_Conv_fusion,conv_fusion_conv_active,29.51,0.04724409431219101,0.0,32,nntool-sq8-ne16(unknown)
base,320,0,13,_model_2_m_m_0_cv2_conv_Conv_weights,constant,41.31,0.006371540483087301,0.0,32,nntool-sq8-ne16(unknown)
base,320,0,14,constant_model_2_m_0_cv2_conv_bias,constant,78.38,0.00030101765878498554,0.0,32,nntool-sq8-ne16(unknown)
base,320,0,15,_model_2_m_m_0_cv2_conv_Conv_fusion,conv_fusion_conv_active,26.43,0.047244094488188976,0.0,32,nntool-sq8-ne16(unknown)
base,320,0,16,_model_2_m_m_0_Add,add,29.2,0.08179742842912674,0.0,32,nntool-sq8-ne16(unknown)
base,320,0,17,_model_2_cv2_conv_Conv_weights,constant,47.07,0.008304640650749207,0.0,32,nntool-sq8-ne16(unknown)
base,320,0,18,constant_model_2_cv2_conv_bias,constant,94.48,0.0001954033094293931,0.0,32,nntool-sq8-ne16(unknown)
base,320,0,19,_model_2_cv2_conv_Conv_fusion,conv_fusion_conv_active,27.87,0.08179742842912674,0.0,32,nntool-sq8-ne16(unknown)
base,320,0,20,_model_2_Concat,concat,28.79,0.08179742842912674,0.0,32,nntool-sq8-ne16(unknown)
base,320,0,21,_model_2_cv3_conv_Conv_weights,constant,46.08,0.004408601671457291,0.0,32,nntool-sq8-ne16(unknown)
base,320,0,22,constant_model_2_cv3_conv_bias,constant,81.12,0.00036061229184269905,0.0,32,nntool-sq8-ne16(unknown)
base,320,0,23,_model_2_cv3_conv_Conv_fusion,conv_fusion_conv_active,25.74,0.04724409431219101,0.0,32,nntool-sq8-ne16(unknown)
base,320,0,24,_model_3_conv_Conv_weights,constant,42.2,0.0017131419153884053,0.0,32,nntool-sq8-ne16(unknown)
base,320,0,25,constant_model_3_conv_bias,constant,90.14,8.09358389233239e-05,0.0,32,nntool-sq8-ne16(unknown)
base,320,0,26,_model_3_conv_Conv_fusion,conv_fusion_conv_active,27.62,0.023529411764705882,-128.0,32,nntool-sq8-ne16(unknown)
base,320,0,27,_model_4_cv1_conv_Conv_weights,constant,44.77,0.003400618676096201,0.0,32,nntool-sq8-ne16(unknown)
base,320,0,28,constant_model_4_cv1_conv_bias,constant,90.76,8.00145570846165e-05,0.0,32,nntool-sq8-ne16(unknown)
base,320,0,29,_model_4_cv1_conv_Conv_fusion,conv_fusion_conv_active,28.26,0.047244094488188976,0.0,32,nntool-sq8-ne16(unknown)
base,320,0,30,_model_4_m_m_0_cv1_conv_Conv_weights,constant,45.81,0.006633741315454245,0.0,32,nntool-sq8-ne16(unknown)
base,320,0,31,constant_model_4_m_0_cv1_conv_bias,constant,81.99,0.0003134051015175234,0.0,32,nntool-sq8-ne16(unknown)
base,320,0,32,_model_4_m_m_0_cv1_conv_Conv_fusion,conv_fusion_conv_active,26.57,0.04724409431219101,0.0,32,nntool-sq8-ne16(unknown)
base,320,0,33,_model_4_m_m_0_cv2_conv_Conv_weights,constant,42.36,0.003951816353946924,0.0,32,nntool-sq8-ne16(unknown)
base,320,0,34,constant_model_4_m_0_cv2_conv_bias,constant,89.64,0.00018669998098630458,0.0,32,nntool-sq8-ne16(unknown)
base,320,0,35,_model_4_m_m_0_cv2_conv_Conv_fusion,conv_fusion_conv_active,25.7,0.047244094488188976,0.0,32,nntool-sq8-ne16(unknown)
base,320,0,36,_model_4_m_m_0_Add,add,27.51,0.07310550659894943,0.0,32,nntool-sq8-ne16(unknown)
base,320,0,37,_model_4_cv2_conv_Conv_weights,constant,44.34,0.004465081728994846,0.0,32,nntool-sq8-ne16(unknown)
base,320,0,38,constant_model_4_cv2_conv_bias,constant,87.4,0.00010506074656458462,0.0,32,nntool-sq8-ne16(unknown)
base,320,0,39,_model_4_cv2_conv_Conv_fusion,conv_fusion_conv_active,26.4,0.07310550659894943,0.0,32,nntool-sq8-ne16(unknown)
base,320,0,40,_model_4_Concat,concat,27.12,0.07310550659894943,0.0,32,nntool-sq8-ne16(unknown)
base,320,0,41,_model_4_cv3_conv_Conv_weights,constant,45.5,0.002749810926616192,0.0,32,nntool-sq8-ne16(unknown)
base,320,0,42,constant_model_4_cv3_conv_bias,constant,84.03,0.00020102632697671652,0.0,32,nntool-sq8-ne16(unknown)
base,320,0,43,_model_4_cv3_conv_Conv_fusion,conv_fusion_conv_active,24.97,0.04724409431219101,0.0,32,nntool-sq8-ne16(unknown)
base,320,0,44,_model_5_conv_Conv_weights,constant,41.49,0.001626195153221488,0.0,32,nntool-sq8-ne16(unknown)
base,320,0,45,constant_model_5_conv_bias,constant,90.34,7.682811701670289e-05,0.0,32,nntool-sq8-ne16(unknown)
base,320,0,46,_model_5_conv_Conv_fusion,conv_fusion_conv_active,26.07,0.023529411764705882,-128.0,32,nntool-sq8-ne16(unknown)
base,320,0,47,_model_6_cv1_conv_Conv_weights,constant,43.94,0.002313899574801326,0.0,32,nntool-sq8-ne16(unknown)
base,320,0,48,constant_model_6_cv1_conv_bias,constant,90.63,5.444469587767825e-05,0.0,32,nntool-sq8-ne16(unknown)
base,320,0,49,_model_6_cv1_conv_Conv_fusion,conv_fusion_conv_active,26.58,0.047244094488188976,0.0,32,nntool-sq8-ne16(unknown)
base,320,0,50,_model_6_m_m_0_cv1_conv_Conv_weights,constant,45.2,0.005393684841692448,0.0,32,nntool-sq8-ne16(unknown)
base,320,0,51,constant_model_6_m_0_cv1_conv_bias,constant,82.58,0.0002548197563004306,0.0,32,nntool-sq8-ne16(unknown)
base,320,0,52,_model_6_m_m_0_cv1_conv_Conv_fusion,conv_fusion_conv_active,25.48,0.04724409431219101,0.0,32,nntool-sq8-ne16(unknown)
base,320,0,53,_model_6_m_m_0_cv2_conv_Conv_weights,constant,42.37,0.003093823092058301,0.0,32,nntool-sq8-ne16(unknown)
base,320,0,54,constant_model_6_m_0_cv2_conv_bias,constant,95.4,0.00014616486441809684,0.0,32,nntool-sq8-ne16(unknown)
base,320,0,55,_model_6_m_m_0_cv2_conv_Conv_fusion,conv_fusion_conv_active,25.57,0.047244094488188976,0.0,32,nntool-sq8-ne16(unknown)
base,320,0,56,_model_6_m_m_0_Add,add,26.37,0.07891935110092163,0.0,32,nntool-sq8-ne16(unknown)
base,320,0,57,_model_6_cv2_conv_Conv_weights,constant,43.83,0.0025723797734826803,0.0,32,nntool-sq8-ne16(unknown)
base,320,0,58,constant_model_6_cv2_conv_bias,constant,90.97,6.052658290547483e-05,0.0,32,nntool-sq8-ne16(unknown)
base,320,0,59,_model_6_cv2_conv_Conv_fusion,conv_fusion_conv_active,25.02,0.07891935110092163,0.0,32,nntool-sq8-ne16(unknown)
base,320,0,60,_model_6_Concat,concat,25.9,0.07891935110092163,0.0,32,nntool-sq8-ne16(unknown)
base,320,0,61,_model_6_cv3_conv_Conv_weights,constant,44.25,0.003971060737967491,0.0,32,nntool-sq8-ne16(unknown)
base,320,0,62,constant_model_6_cv3_conv_bias,constant,83.17,0.00031339353881776333,0.0,32,nntool-sq8-ne16(unknown)
base,320,0,63,_model_6_cv3_conv_Conv_fusion,conv_fusion_conv_active,24.21,0.04724409431219101,0.0,32,nntool-sq8-ne16(unknown)
base,320,0,64,_model_7_conv_Conv_weights,constant,40.85,0.0004711831861641258,0.0,32,nntool-sq8-ne16(unknown)
base,320,0,65,constant_model_7_conv_bias,constant,92.56,2.2260623154579662e-05,0.0,32,nntool-sq8-ne16(unknown)
base,320,0,66,_model_7_conv_Conv_fusion,conv_fusion_conv_active,25.91,0.023529411764705882,-128.0,32,nntool-sq8-ne16(unknown)
base,320,0,67,_model_8_cv1_conv_Conv_weights,constant,43.81,0.0015726637793704867,0.0,32,nntool-sq8-ne16(unknown)
base,320,0,68,constant_model_8_cv1_conv_bias,constant,92.27,3.700385363224675e-05,0.0,32,nntool-sq8-ne16(unknown)
base,320,0,69,_model_8_cv1_conv_Conv_fusion,conv_fusion_conv_active,26.07,0.047244094488188976,0.0,32,nntool-sq8-ne16(unknown)
base,320,0,70,_model_8_m_m_0_cv1_conv_Conv_weights,constant,44.78,0.002295826328918338,0.0,32,nntool-sq8-ne16(unknown)
base,320,0,71,constant_model_8_m_0_cv1_conv_bias,constant,85.09,0.00010846423601188997,0.0,32,nntool-sq8-ne16(unknown)
base,320,0,72,_model_8_m_m_0_cv1_conv_Conv_fusion,conv_fusion_conv_active,25.07,0.04724409431219101,0.0,32,nntool-sq8-ne16(unknown)
base,320,0,73,_model_8_m_m_0_cv2_conv_Conv_weights,constant,41.56,0.0009250325965695083,0.0,32,nntool-sq8-ne16(unknown)
base,320,0,74,constant_model_8_m_0_cv2_conv_bias,constant,98.43,4.370232636574656e-05,0.0,32,nntool-sq8-ne16(unknown)
base,320,0,75,_model_8_m_m_0_cv2_conv_Conv_fusion,conv_fusion_conv_active,25.63,0.047244094488188976,0.0,32,nntool-sq8-ne16(unknown)
base,320,0,76,_model_8_m_m_0_Add,add,26.19,0.07966536283493042,0.0,32,nntool-sq8-ne16(unknown)
base,320,0,77,_model_8_cv2_conv_Conv_weights,constant,43.55,0.0026470981538295746,0.0,32,nntool-sq8-ne16(unknown)
base,320,0,78,constant_model_8_cv2_conv_bias,constant,91.73,6.228466244304881e-05,0.0,32,nntool-sq8-ne16(unknown)
base,320,0,79,_model_8_cv2_conv_Conv_fusion,conv_fusion_conv_active,22.02,0.07966536283493042,0.0,32,nntool-sq8-ne16(unknown)
base,320,0,80,_model_8_Concat,concat,24.51,0.07966536283493042,0.0,32,nntool-sq8-ne16(unknown)
base,320,0,81,_model_8_cv3_conv_Conv_weights,constant,43.69,0.0012650773860514164,0.0,32,nntool-sq8-ne16(unknown)
base,320,0,82,constant_model_8_cv3_conv_bias,constant,86.22,0.00010078284685732797,0.0,32,nntool-sq8-ne16(unknown)
base,320,0,83,_model_8_cv3_conv_Conv_fusion,conv_fusion_conv_active,25.02,0.023529411764705882,-128.0,32,nntool-sq8-ne16(unknown)
base,320,0,84,_model_9_cv1_conv_Conv_weights,constant,43.82,0.001192888943478465,0.0,32,nntool-sq8-ne16(unknown)
base,320,0,85,constant_model_9_cv1_conv_bias,constant,98.22,2.8067975140669765e-05,0.0,32,nntool-sq8-ne16(unknown)
base,320,0,86,_model_9_cv1_conv_Conv_fusion,conv_fusion_conv_active,25.87,0.047244094488188976,0.0,32,nntool-sq8-ne16(unknown)
base,320,0,87,_model_9_m_MaxPool,max_pool,29.19,0.047244094488188976,0.0,32,nntool-sq8-ne16(unknown)
base,320,0,88,_model_9_m_1_MaxPool,max_pool,30.22,0.047244094488188976,0.0,32,nntool-sq8-ne16(unknown)
base,320,0,89,_model_9_m_2_MaxPool,max_pool,30.59,0.047244094488188976,0.0,32,nntool-sq8-ne16(unknown)
base,320,0,90,_model_9_Concat,concat,29.68,0.047244094488188976,0.0,32,nntool-sq8-ne16(unknown)
base,320,0,91,_model_9_cv2_conv_Conv_weights,constant,41.05,0.0015504120383411646,0.0,32,nntool-sq8-ne16(unknown)
base,320,0,92,constant_model_9_cv2_conv_bias,constant,99.28,7.324781283501564e-05,0.0,32,nntool-sq8-ne16(unknown)
base,320,0,93,_model_9_cv2_conv_Conv_fusion,conv_fusion_conv_active,23.99,0.023529411764705882,-128.0,32,nntool-sq8-ne16(unknown)
base,320,0,94,_model_10_conv_Conv_weights,constant,43.34,0.0016394727863371372,0.0,32,nntool-sq8-ne16(unknown)
base,320,0,95,constant_model_10_conv_bias,constant,93.63,3.857583026675617e-05,0.0,32,nntool-sq8-ne16(unknown)
base,320,0,96,_model_10_conv_Conv_fusion,conv_fusion_conv_active,24.04,0.04724409431219101,0.0,32,nntool-sq8-ne16(unknown)
base,320,0,97,_model_11_Resize,nearest_neighbor,24.04,0.04724409431219101,0.0,32,nntool-sq8-ne16(unknown)
base,320,0,98,_model_12_Concat,concat,24.14,0.04724409431219101,0.0,32,nntool-sq8-ne16(unknown)
base,320,0,99,_model_13_cv1_conv_Conv_fusion_qin0,quantize,24.11,0.023529411764705882,-128.0,32,nntool-sq8-ne16(unknown)
base,320,0,100,_model_13_cv1_conv_Conv_weights,constant,43.42,0.002475116867572069,0.0,32,nntool-sq8-ne16(unknown)
base,320,0,101,constant_model_13_cv1_conv_bias,constant,91.45,5.8238043942872216e-05,0.0,32,nntool-sq8-ne16(unknown)
base,320,0,102,_model_13_cv1_conv_Conv_fusion,conv_fusion_conv_active,24.23,0.023529411764705882,-128.0,32,nntool-sq8-ne16(unknown)
base,320,0,103,_model_13_m_m_0_cv1_conv_Conv_weights,constant,45.56,0.006279043387621641,0.0,32,nntool-sq8-ne16(unknown)
base,320,0,104,constant_model_13_m_0_cv1_conv_bias,constant,88.37,0.00014774219735580333,0.0,32,nntool-sq8-ne16(unknown)
base,320,0,105,_model_13_m_m_0_cv1_conv_Conv_fusion,conv_fusion_conv_active,25.55,0.04724409431219101,0.0,32,nntool-sq8-ne16(unknown)
base,320,0,106,_model_13_m_m_0_cv2_conv_Conv_weights,constant,41.74,0.001654751249589026,0.0,32,nntool-sq8-ne16(unknown)
base,320,0,107,constant_model_13_m_0_cv2_conv_bias,constant,96.75,7.817722507752478e-05,0.0,32,nntool-sq8-ne16(unknown)
base,320,0,108,_model_13_m_m_0_cv2_conv_Conv_fusion,conv_fusion_conv_active,25.95,0.023529411764705882,-128.0,32,nntool-sq8-ne16(unknown)
base,320,0,109,_model_13_cv2_conv_Conv_weights,constant,43.58,0.0026080526877194643,0.0,32,nntool-sq8-ne16(unknown)
base,320,0,110,constant_model_13_cv2_conv_bias,constant,91.12,6.136594559339916e-05,0.0,32,nntool-sq8-ne16(unknown)
base,320,0,111,_model_13_cv2_conv_Conv_fusion,conv_fusion_conv_active,23.45,0.023529411764705882,-128.0,32,nntool-sq8-ne16(unknown)
base,320,0,112,_model_13_Concat,concat,24.85,0.023529411764705882,-128.0,32,nntool-sq8-ne16(unknown)
base,320,0,113,_model_13_cv3_conv_Conv_weights,constant,43.43,0.002657738048583269,0.0,32,nntool-sq8-ne16(unknown)
base,320,0,114,constant_model_13_cv3_conv_bias,constant,86.76,6.253501290784162e-05,0.0,32,nntool-sq8-ne16(unknown)
base,320,0,115,_model_13_cv3_conv_Conv_fusion,conv_fusion_conv_active,24.54,0.023529411764705882,-128.0,32,nntool-sq8-ne16(unknown)
base,320,0,116,_model_14_conv_Conv_weights,constant,43.59,0.0031730197370052338,0.0,32,nntool-sq8-ne16(unknown)
base,320,0,117,constant_model_14_conv_bias,constant,89.59,7.465928792953491e-05,0.0,32,nntool-sq8-ne16(unknown)
base,320,0,118,_model_14_conv_Conv_fusion,conv_fusion_conv_active,25.92,0.04724409431219101,0.0,32,nntool-sq8-ne16(unknown)
base,320,0,119,_model_15_Resize,nearest_neighbor,25.92,0.04724409431219101,0.0,32,nntool-sq8-ne16(unknown)
base,320,0,120,_model_16_Concat,concat,25.5,0.04724409431219101,0.0,32,nntool-sq8-ne16(unknown)
base,320,0,121,_model_17_cv1_conv_Conv_fusion_qin0,quantize,25.48,0.023529411764705882,-128.0,32,nntool-sq8-ne16(unknown)
base,320,0,122,_model_17_cv1_conv_Conv_weights,constant,43.4,0.0028372022788971663,0.0,32,nntool-sq8-ne16(unknown)
base,320,0,123,constant_model_17_cv1_conv_bias,constant,89.42,6.675770067993332e-05,0.0,32,nntool-sq8-ne16(unknown)
base,320,0,124,_model_17_cv1_conv_Conv_fusion,conv_fusion_conv_active,25.33,0.023529411764705882,-128.0,32,nntool-sq8-ne16(unknown)
base,320,0,125,_model_17_m_m_0_cv1_conv_Conv_weights,constant,46.19,0.004414660856127739,0.0,32,nntool-sq8-ne16(unknown)
base,320,0,126,constant_model_17_m_0_cv1_conv_bias,constant,86.19,0.00010387437308535856,0.0,32,nntool-sq8-ne16(unknown)
base,320,0,127,_model_17_m_m_0_cv1_conv_Conv_fusion,conv_fusion_conv_active,26.71,0.04724409431219101,0.0,32,nntool-sq8-ne16(unknown)
base,320,0,128,_model_17_m_m_0_cv2_conv_Conv_weights,constant,43.52,0.0014369445852935314,0.0,32,nntool-sq8-ne16(unknown)
base,320,0,129,constant_model_17_m_0_cv2_conv_bias,constant,94.2,6.788714381400496e-05,0.0,32,nntool-sq8-ne16(unknown)
base,320,0,130,_model_17_m_m_0_cv2_conv_Conv_fusion,conv_fusion_conv_active,28.04,0.023529411764705882,-128.0,32,nntool-sq8-ne16(unknown)
base,320,0,131,_model_17_cv2_conv_Conv_weights,constant,41.54,0.0031078157480806112,0.0,32,nntool-sq8-ne16(unknown)
base,320,0,132,constant_model_17_cv2_conv_bias,constant,88.32,7.312507642542614e-05,0.0,32,nntool-sq8-ne16(unknown)
base,320,0,133,_model_17_cv2_conv_Conv_fusion,conv_fusion_conv_active,26.36,0.023529411764705882,-128.0,32,nntool-sq8-ne16(unknown)
base,320,0,134,_model_17_Concat,concat,27.35,0.023529411764705882,-128.0,32,nntool-sq8-ne16(unknown)
base,320,0,135,_model_17_cv3_conv_Conv_weights,constant,43.66,0.006266132928431034,0.0,32,nntool-sq8-ne16(unknown)
base,320,0,136,constant_model_17_cv3_conv_bias,constant,95.12,0.00014743842184543609,0.0,32,nntool-sq8-ne16(unknown)
base,320,0,137,_model_17_cv3_conv_Conv_fusion,conv_fusion_conv_active,27.9,0.04724409431219101,0.0,32,nntool-sq8-ne16(unknown)
base,320,0,138,_model_18_conv_Conv_weights,constant,40.81,0.003209364600479603,0.0,32,nntool-sq8-ne16(unknown)
base,320,0,139,constant_model_18_conv_bias,constant,92.96,0.0001516235206509009,0.0,32,nntool-sq8-ne16(unknown)
base,320,0,140,_model_18_conv_Conv_fusion,conv_fusion_conv_active,23.79,0.04724409431219101,0.0,32,nntool-sq8-ne16(unknown)
base,320,0,141,_model_19_Concat,concat,24.8,0.04724409431219101,0.0,32,nntool-sq8-ne16(unknown)
base,320,0,142,_model_20_cv1_conv_Conv_fusion_qin0,quantize,24.78,0.023529411764705882,-128.0,32,nntool-sq8-ne16(unknown)
base,320,0,143,_model_20_cv1_conv_Conv_weights,constant,43.19,0.0029172017239034176,0.0,32,nntool-sq8-ne16(unknown)
base,320,0,144,constant_model_20_cv1_conv_bias,constant,89.63,6.864004056243336e-05,0.0,32,nntool-sq8-ne16(unknown)
base,320,0,145,_model_20_cv1_conv_Conv_fusion,conv_fusion_conv_active,24.69,0.023529411764705882,-128.0,32,nntool-sq8-ne16(unknown)
base,320,0,146,_model_20_m_m_0_cv1_conv_Conv_weights,constant,45.31,0.0032053652685135603,0.0,32,nntool-sq8-ne16(unknown)
base,320,0,147,constant_model_20_m_0_cv1_conv_bias,constant,86.16,7.54203592591426e-05,0.0,32,nntool-sq8-ne16(unknown)
base,320,0,148,_model_20_m_m_0_cv1_conv_Conv_fusion,conv_fusion_conv_active,24.45,0.04724409431219101,0.0,32,nntool-sq8-ne16(unknown)
base,320,0,149,_model_20_m_m_0_cv2_conv_Conv_weights,constant,41.81,0.0015715017216280103,0.0,32,nntool-sq8-ne16(unknown)
base,320,0,150,constant_model_20_m_0_cv2_conv_bias,constant,87.16,7.424417708534747e-05,0.0,32,nntool-sq8-ne16(unknown)
base,320,0,151,_model_20_m_m_0_cv2_conv_Conv_fusion,conv_fusion_conv_active,26.57,0.023529411764705882,-128.0,32,nntool-sq8-ne16(unknown)
base,320,0,152,_model_20_cv2_conv_Conv_weights,constant,43.3,0.002456849440932274,0.0,32,nntool-sq8-ne16(unknown)
base,320,0,153,constant_model_20_cv2_conv_bias,constant,92.52,5.780822213958291e-05,0.0,32,nntool-sq8-ne16(unknown)
base,320,0,154,_model_20_cv2_conv_Conv_fusion,conv_fusion_conv_active,26.04,0.023529411764705882,-128.0,32,nntool-sq8-ne16(unknown)
base,320,0,155,_model_20_Concat,concat,26.32,0.023529411764705882,-128.0,32,nntool-sq8-ne16(unknown)
base,320,0,156,_model_20_cv3_conv_Conv_weights,constant,42.79,0.0017781489295884967,0.0,32,nntool-sq8-ne16(unknown)
base,320,0,157,constant_model_20_cv3_conv_bias,constant,95.44,4.1838798343258744e-05,0.0,32,nntool-sq8-ne16(unknown)
base,320,0,158,_model_20_cv3_conv_Conv_fusion,conv_fusion_conv_active,26.59,0.04724409431219101,0.0,32,nntool-sq8-ne16(unknown)
base,320,0,159,_model_21_conv_Conv_weights,constant,38.56,0.0014684076886624098,0.0,32,nntool-sq8-ne16(unknown)
base,320,0,160,constant_model_21_conv_bias,constant,92.77,6.937359285075217e-05,0.0,32,nntool-sq8-ne16(unknown)
base,320,0,161,_model_21_conv_Conv_fusion,conv_fusion_conv_active,23.77,0.04724409431219101,0.0,32,nntool-sq8-ne16(unknown)
base,320,0,162,_model_22_Concat,concat,23.87,0.04724409431219101,0.0,32,nntool-sq8-ne16(unknown)
base,320,0,163,_model_23_cv1_conv_Conv_fusion_qin0,quantize,23.83,0.023529411764705882,-128.0,32,nntool-sq8-ne16(unknown)
base,320,0,164,_model_23_cv1_conv_Conv_weights,constant,41.28,0.0030312908347696066,0.0,32,nntool-sq8-ne16(unknown)
base,320,0,165,constant_model_23_cv1_conv_bias,constant,88.81,7.132449022987309e-05,0.0,32,nntool-sq8-ne16(unknown)
base,320,0,166,_model_23_cv1_conv_Conv_fusion,conv_fusion_conv_active,23.5,0.023529411764705882,-128.0,32,nntool-sq8-ne16(unknown)
base,320,0,167,_model_23_m_m_0_cv1_conv_Conv_weights,constant,44.71,0.0027805527206510305,0.0,32,nntool-sq8-ne16(unknown)
base,320,0,168,constant_model_23_m_0_cv1_conv_bias,constant,88.97,6.542476989767131e-05,0.0,32,nntool-sq8-ne16(unknown)
base,320,0,169,_model_23_m_m_0_cv1_conv_Conv_fusion,conv_fusion_conv_active,22.99,0.04724409431219101,0.0,32,nntool-sq8-ne16(unknown)
base,320,0,170,_model_23_m_m_0_cv2_conv_Conv_weights,constant,40.2,0.0007575401687063277,0.0,32,nntool-sq8-ne16(unknown)
base,320,0,171,constant_model_23_m_0_cv2_conv_bias,constant,91.69,3.578930045478046e-05,0.0,32,nntool-sq8-ne16(unknown)
base,320,0,172,_model_23_m_m_0_cv2_conv_Conv_fusion,conv_fusion_conv_active,25.19,0.023529411764705882,-128.0,32,nntool-sq8-ne16(unknown)
base,320,0,173,_model_23_cv2_conv_Conv_weights,constant,42.27,0.0030173666309565306,0.0,32,nntool-sq8-ne16(unknown)
base,320,0,174,constant_model_23_cv2_conv_bias,constant,93.43,7.099686190485955e-05,0.0,32,nntool-sq8-ne16(unknown)
base,320,0,175,_model_23_cv2_conv_Conv_fusion,conv_fusion_conv_active,24.17,0.023529411764705882,-128.0,32,nntool-sq8-ne16(unknown)
base,320,0,176,_model_23_Concat,concat,24.67,0.023529411764705882,-128.0,32,nntool-sq8-ne16(unknown)
base,320,0,177,_model_23_cv3_conv_Conv_weights,constant,42.05,0.002417361829429865,0.0,32,nntool-sq8-ne16(unknown)
base,320,0,178,constant_model_23_cv3_conv_bias,constant,98.45,5.6879101868938e-05,0.0,32,nntool-sq8-ne16(unknown)
base,320,0,179,_model_23_cv3_conv_Conv_fusion,conv_fusion_conv_active,25.18,0.023529411764705882,-128.0,32,nntool-sq8-ne16(unknown)
base,320,0,180,_model_24_m_0_Conv_weights,constant,43.85,0.002873938763514161,0.0,32,nntool-sq8-ne16(unknown)
base,320,0,181,constant_model_24_m_0_bias,constant,93.38,0.00013577663048636168,0.0,32,nntool-sq8-ne16(unknown)
base,320,0,182,_model_24_m_0_Conv,conv2d,33.6,0.1410163789987564,0.0,32,nntool-sq8-ne16(unknown)
base,320,0,183,output_1,output,33.6,0.1410163789987564,0.0,32,nntool-sq8-ne16(unknown)
base,320,0,184,_model_24_m_1_Conv_weights,constant,42.21,0.0033795214258134365,0.0,32,nntool-sq8-ne16(unknown)
base,320,0,185,constant_model_24_m_1_bias,constant,92.01,0.0001596624351805076,0.0,32,nntool-sq8-ne16(unknown)
base,320,0,186,_model_24_m_1_Conv,conv2d,32.4,0.10170809924602509,0.0,32,nntool-sq8-ne16(unknown)
base,320,0,187,output_2,output,32.4,0.10170809924602509,0.0,32,nntool-sq8-ne16(unknown)
base,320,0,188,_model_24_m_2_Conv_weights,constant,39.55,0.003869724925607443,0.0,32,nntool-sq8-ne16(unknown)
base,320,0,189,constant_model_24_m_2_bias,constant,97.05,9.105235119076335e-05,0.0,32,nntool-sq8-ne16(unknown)
base,320,0,190,_model_24_m_2_Conv,conv2d,32.47,0.09836015850305557,0.0,32,nntool-sq8-ne16(unknown)
base,320,0,191,output_3,output,32.47,0.09836015850305557,0.0,32,nntool-sq8-ne16(unknown)
base,320,0,0,input_1,input,46.26,0.007874015718698502,0.0,32,nntool-sq8-ne16(unknown)
base,320,0,1,_model_0_conv_Conv_weights,constant,40.26,0.005458688363432884,0.0,32,nntool-sq8-ne16(unknown)
base,320,0,2,constant_model_0_conv_bias,constant,92.8,4.2981799197150394e-05,0.0,32,nntool-sq8-ne16(unknown)
base,320,0,3,_model_0_conv_Conv,conv2d,28.96,0.21758881211280823,16.0,32,nntool-sq8-ne16(unknown)
base,320,0,4,_model_0_act_Sigmoid_qin0,quantize,28.08,0.06299212598425197,0.0,32,nntool-sq8-ne16(unknown)
base,320,0,5,_model_0_act_Sigmoid,sigmoid,36.51,0.007874015748031496,0.0,32,nntool-sq8-ne16(unknown)
base,320,0,6,_model_0_act_Mul_qin0,quantize,25.86,0.24531306326389313,0.0,32,nntool-sq8-ne16(unknown)
base,320,0,7,_model_0_act_Mul,mul,23.79,0.18964625895023346,0.0,32,nntool-sq8-ne16(unknown)
base,320,0,8,_model_1_conv_Conv_weights,constant,42.36,0.003073994070291519,0.0,32,nntool-sq8-ne16(unknown)
base,320,0,9,constant_model_1_conv_bias,constant,80.22,0.0005829714937135577,0.0,32,nntool-sq8-ne16(unknown)
base,320,0,10,_model_1_conv_Conv,conv2d,17.61,0.31519615650177,77.0,32,nntool-sq8-ne16(unknown)
base,320,0,11,_model_1_act_Sigmoid_qin0,quantize,16.64,0.06299212598425197,0.0,32,nntool-sq8-ne16(unknown)
base,320,0,12,_model_1_act_Sigmoid,sigmoid,25.4,0.007874015748031496,0.0,32,nntool-sq8-ne16(unknown)
base,320,0,13,_model_1_act_Mul_qin0,quantize,15.7,0.5043099522590637,0.0,32,nntool-sq8-ne16(unknown)
base,320,0,14,_model_1_act_Mul,mul,16.22,0.12459331005811691,0.0,32,nntool-sq8-ne16(unknown)
base,320,0,15,_model_2_cv1_conv_Conv_weights,constant,46.07,0.0031746081076562405,0.0,32,nntool-sq8-ne16(unknown)
base,320,0,16,constant_model_2_cv1_conv_bias,constant,76.96,0.0003955349384341389,0.0,32,nntool-sq8-ne16(unknown)
base,320,0,17,_model_2_cv1_conv_Conv,conv2d,15.21,0.09325015544891357,15.0,32,nntool-sq8-ne16(unknown)
base,320,0,18,_model_2_cv1_conv_Conv_split,split,16.44,0.09325015544891357,15.0,32,nntool-sq8-ne16(unknown)
base,320,0,19,_model_2_cv1_act_Sigmoid_qin0,quantize,16.37,0.06299212598425197,0.0,32,nntool-sq8-ne16(unknown)
base,320,0,20,_model_2_cv1_act_Sigmoid,sigmoid,25.5,0.007874015748031496,0.0,32,nntool-sq8-ne16(unknown)
base,320,0,21,_model_2_cv1_act_Mul_qin0,quantize,16.31,0.10448383539915085,0.0,32,nntool-sq8-ne16(unknown)
base,320,0,22,_model_2_cv1_act_Mul,mul,15.56,0.046874530613422394,0.0,32,nntool-sq8-ne16(unknown)
base,320,0,23,_model_2_cv2_act_Sigmoid_qin0,quantize,14.61,0.06299212598425197,0.0,32,nntool-sq8-ne16(unknown)
base,320,0,24,_model_2_cv2_act_Sigmoid,sigmoid,21.75,0.007874015748031496,0.0,32,nntool-sq8-ne16(unknown)
base,320,0,25,_model_2_cv2_act_Mul_qin0,quantize,14.6,0.10448383539915085,0.0,32,nntool-sq8-ne16(unknown)
base,320,0,26,_model_2_cv2_act_Mul,mul,14.65,0.08192554116249084,0.0,32,nntool-sq8-ne16(unknown)
base,320,0,27,_model_2_m_m_0_cv1_conv_Conv_weights,constant,47.71,0.006737074814736843,0.0,32,nntool-sq8-ne16(unknown)
base,320,0,28,constant_model_2_m_0_cv1_conv_bias,constant,81.81,0.00031579722417518497,0.0,32,nntool-sq8-ne16(unknown)
base,320,0,29,_model_2_m_m_0_cv1_conv_Conv,conv2d,15.07,0.04633833095431328,-9.0,32,nntool-sq8-ne16(unknown)
base,320,0,30,_model_2_m_m_0_cv1_act_Sigmoid_qin0,quantize,15.03,0.06299212598425197,0.0,32,nntool-sq8-ne16(unknown)
base,320,0,31,_model_2_m_m_0_cv1_act_Sigmoid,sigmoid,24.56,0.007874015748031496,0.0,32,nntool-sq8-ne16(unknown)
base,320,0,32,_model_2_m_m_0_cv1_act_Mul_qin0,quantize,15.05,0.04947057366371155,0.0,32,nntool-sq8-ne16(unknown)
base,320,0,33,_model_2_m_m_0_cv1_act_Mul,mul,14.9,0.049378324300050735,0.0,32,nntool-sq8-ne16(unknown)
base,320,0,34,_model_2_m_m_0_cv2_conv_Conv_weights,constant,42.38,0.004373953677713871,0.0,32,nntool-sq8-ne16(unknown)
base,320,0,35,constant_model_2_m_0_cv2_conv_bias,constant,87.04,0.00021597850718535483,0.0,32,nntool-sq8-ne16(unknown)
base,320,0,36,_model_2_m_m_0_cv2_conv_Conv,conv2d,14.67,0.07817424833774567,-1.0,32,nntool-sq8-ne16(unknown)
base,320,0,37,_model_2_m_m_0_cv2_act_Sigmoid_qin0,quantize,14.66,0.06299212598425197,0.0,32,nntool-sq8-ne16(unknown)
base,320,0,38,_model_2_m_m_0_cv2_act_Sigmoid,sigmoid,22.78,0.007874015748031496,0.0,32,nntool-sq8-ne16(unknown)
base,320,0,39,_model_2_m_m_0_cv2_act_Mul_qin0,quantize,14.64,0.07883843034505844,0.0,32,nntool-sq8-ne16(unknown)
base,320,0,40,_model_2_m_m_0_cv2_act_Mul,mul,15.03,0.0788348913192749,0.0,32,nntool-sq8-ne16(unknown)
base,320,0,41,_model_2_m_m_0_Add,add,15.92,0.08192554116249084,0.0,32,nntool-sq8-ne16(unknown)
base,320,0,42,_model_2_Concat,concat,15.48,0.08192554116249084,0.0,32,nntool-sq8-ne16(unknown)
base,320,0,43,_model_2_cv3_conv_Conv_weights,constant,45.88,0.00583339249715209,0.0,32,nntool-sq8-ne16(unknown)
base,320,0,44,constant_model_2_cv3_conv_bias,constant,81.04,0.00047790384269319475,0.0,32,nntool-sq8-ne16(unknown)
base,320,0,45,_model_2_cv3_conv_Conv,conv2d,11.4,0.08300935477018356,15.0,32,nntool-sq8-ne16(unknown)
base,320,0,46,_model_2_cv3_act_Sigmoid_qin0,quantize,11.4,0.06299212598425197,0.0,32,nntool-sq8-ne16(unknown)
base,320,0,47,_model_2_cv3_act_Sigmoid,sigmoid,18.48,0.007874015748031496,0.0,32,nntool-sq8-ne16(unknown)
base,320,0,48,_model_2_cv3_act_Mul_qin0,quantize,11.37,0.09295766055583954,0.0,32,nntool-sq8-ne16(unknown)
base,320,0,49,_model_2_cv3_act_Mul,mul,11.29,0.07297582924365997,0.0,32,nntool-sq8-ne16(unknown)
base,320,0,50,_model_3_conv_Conv_weights,constant,41.33,0.0034952787682414055,0.0,32,nntool-sq8-ne16(unknown)
base,320,0,51,constant_model_3_conv_bias,constant,85.61,0.0002550708595663309,0.0,32,nntool-sq8-ne16(unknown)
base,320,0,52,_model_3_conv_Conv,conv2d,10.65,0.10163958370685577,16.0,32,nntool-sq8-ne16(unknown)
base,320,0,53,_model_3_act_Sigmoid_qin0,quantize,10.64,0.06299212598425197,0.0,32,nntool-sq8-ne16(unknown)
base,320,0,54,_model_3_act_Sigmoid,sigmoid,18.29,0.007874015748031496,0.0,32,nntool-sq8-ne16(unknown)
base,320,0,55,_model_3_act_Mul_qin0,quantize,10.61,0.11457983404397964,0.0,32,nntool-sq8-ne16(unknown)
base,320,0,56,_model_3_act_Mul,mul,11.88,0.08859629184007645,0.0,32,nntool-sq8-ne16(unknown)
base,320,0,57,_model_4_cv1_conv_Conv_weights,constant,44.15,0.003036468755453825,0.0,32,nntool-sq8-ne16(unknown)
base,320,0,58,constant_model_4_cv1_conv_bias,constant,76.81,0.00026901985984295607,0.0,32,nntool-sq8-ne16(unknown)
base,320,0,59,_model_4_cv1_conv_Conv,conv2d,13.67,0.0781000405550003,-4.0,32,nntool-sq8-ne16(unknown)
base,320,0,60,_model_4_cv1_conv_Conv_split,split,12.97,0.0781000405550003,-4.0,32,nntool-sq8-ne16(unknown)
base,320,0,61,_model_4_cv1_act_Sigmoid_qin0,quantize,12.93,0.06299212598425197,0.0,32,nntool-sq8-ne16(unknown)
base,320,0,62,_model_4_cv1_act_Sigmoid,sigmoid,24.45,0.007874015748031496,0.0,32,nntool-sq8-ne16(unknown)
base,320,0,63,_model_4_cv1_act_Mul_qin0,quantize,12.77,0.08063014596700668,0.0,32,nntool-sq8-ne16(unknown)
base,320,0,64,_model_4_cv1_act_Mul,mul,12.88,0.0403827540576458,0.0,32,nntool-sq8-ne16(unknown)
base,320,0,65,_model_4_cv2_act_Sigmoid_qin0,quantize,13.82,0.06299212598425197,0.0,32,nntool-sq8-ne16(unknown)
base,320,0,66,_model_4_cv2_act_Sigmoid,sigmoid,21.44,0.007874015748031496,0.0,32,nntool-sq8-ne16(unknown)
base,320,0,67,_model_4_cv2_act_Mul_qin0,quantize,13.8,0.08063014596700668,0.0,32,nntool-sq8-ne16(unknown)
base,320,0,68,_model_4_cv2_act_Mul,mul,13.91,0.08062726259231567,0.0,32,nntool-sq8-ne16(unknown)
base,320,0,69,_model_4_m_m_0_cv1_conv_Conv_weights,constant,46.67,0.007611253298819065,0.0,32,nntool-sq8-ne16(unknown)
base,320,0,70,constant_model_4_m_0_cv1_conv_bias,constant,79.78,0.0003073633706662804,0.0,32,nntool-sq8-ne16(unknown)
base,320,0,71,_model_4_m_m_0_cv1_conv_Conv,conv2d,15.01,0.06471014767885208,1.0,32,nntool-sq8-ne16(unknown)
base,320,0,72,_model_4_m_m_0_cv1_act_Sigmoid_qin0,quantize,14.98,0.06299212598425197,0.0,32,nntool-sq8-ne16(unknown)
base,320,0,73,_model_4_m_m_0_cv1_act_Sigmoid,sigmoid,23.06,0.007874015748031496,0.0,32,nntool-sq8-ne16(unknown)
base,320,0,74,_model_4_m_m_0_cv1_act_Mul_qin0,quantize,14.95,0.06526561826467514,0.0,32,nntool-sq8-ne16(unknown)
base,320,0,75,_model_4_m_m_0_cv1_act_Mul,mul,15.56,0.0641317218542099,0.0,32,nntool-sq8-ne16(unknown)
base,320,0,76,_model_4_m_m_0_cv2_conv_Conv_weights,constant,42.6,0.004114981275051832,0.0,32,nntool-sq8-ne16(unknown)
base,320,0,77,constant_model_4_m_0_cv2_conv_bias,constant,92.63,0.0002639008453115821,0.0,32,nntool-sq8-ne16(unknown)
base,320,0,78,_model_4_m_m_0_cv2_conv_Conv,conv2d,12.62,0.09025789052248001,24.0,32,nntool-sq8-ne16(unknown)
base,320,0,79,_model_4_m_m_0_cv2_act_Sigmoid_qin0,quantize,12.6,0.06299212598425197,0.0,32,nntool-sq8-ne16(unknown)
base,320,0,80,_model_4_m_m_0_cv2_act_Sigmoid,sigmoid,20.85,0.007874015748031496,0.0,32,nntool-sq8-ne16(unknown)
base,320,0,81,_model_4_m_m_0_cv2_act_Mul_qin0,quantize,12.56,0.10685694217681885,0.0,32,nntool-sq8-ne16(unknown)
base,320,0,82,_model_4_m_m_0_cv2_act_Mul,mul,13.28,0.0735216736793518,0.0,32,nntool-sq8-ne16(unknown)
base,320,0,83,_model_4_m_m_0_Add,add,14.28,0.08062726259231567,0.0,32,nntool-sq8-ne16(unknown)
base,320,0,84,_model_4_Concat,concat,14.09,0.08062726259231567,0.0,32,nntool-sq8-ne16(unknown)
base,320,0,85,_model_4_cv3_conv_Conv_weights,constant,45.24,0.003667044686153531,0.0,32,nntool-sq8-ne16(unknown)
base,320,0,86,constant_model_4_cv3_conv_bias,constant,82.89,0.0002956637763418257,0.0,32,nntool-sq8-ne16(unknown)
base,320,0,87,_model_4_cv3_conv_Conv,conv2d,12.92,0.057456567883491516,-1.0,32,nntool-sq8-ne16(unknown)
base,320,0,88,_model_4_cv3_act_Sigmoid_qin0,quantize,12.89,0.06299212598425197,0.0,32,nntool-sq8-ne16(unknown)
base,320,0,89,_model_4_cv3_act_Sigmoid,sigmoid,20.32,0.007874015748031496,0.0,32,nntool-sq8-ne16(unknown)
base,320,0,90,_model_4_cv3_act_Mul_qin0,quantize,12.86,0.05802399292588234,0.0,32,nntool-sq8-ne16(unknown)
base,320,0,91,_model_4_cv3_act_Mul,mul,11.94,0.057987432926893234,0.0,32,nntool-sq8-ne16(unknown)
base,320,0,92,_model_5_conv_Conv_weights,constant,41.13,0.001522396574728191,0.0,32,nntool-sq8-ne16(unknown)
base,320,0,93,constant_model_5_conv_bias,constant,82.86,8.827987039694563e-05,0.0,32,nntool-sq8-ne16(unknown)
base,320,0,94,_model_5_conv_Conv,conv2d,12.31,0.06872372329235077,14.0,32,nntool-sq8-ne16(unknown)
base,320,0,95,_model_5_act_Sigmoid_qin0,quantize,12.28,0.06299212598425197,0.0,32,nntool-sq8-ne16(unknown)
base,320,0,96,_model_5_act_Sigmoid,sigmoid,21.38,0.007874015748031496,0.0,32,nntool-sq8-ne16(unknown)
base,320,0,97,_model_5_act_Mul_qin0,quantize,12.26,0.07620310038328171,0.0,32,nntool-sq8-ne16(unknown)
base,320,0,98,_model_5_act_Mul,mul,12.06,0.0611596442759037,0.0,32,nntool-sq8-ne16(unknown)
base,320,0,99,_model_6_cv1_conv_Conv_weights,constant,43.85,0.0019480475457385182,0.0,32,nntool-sq8-ne16(unknown)
base,320,0,100,constant_model_6_cv1_conv_bias,constant,79.85,0.00011914189235540107,0.0,32,nntool-sq8-ne16(unknown)
base,320,0,101,_model_6_cv1_conv_Conv,conv2d,12.03,0.07705952972173691,-16.0,32,nntool-sq8-ne16(unknown)
base,320,0,102,_model_6_cv1_conv_Conv_split,split,12.9,0.07705952972173691,-16.0,32,nntool-sq8-ne16(unknown)
base,320,0,103,_model_6_cv1_act_Sigmoid_qin0,quantize,12.84,0.06299212598425197,0.0,32,nntool-sq8-ne16(unknown)
base,320,0,104,_model_6_cv1_act_Sigmoid,sigmoid,24.73,0.007874015748031496,0.0,32,nntool-sq8-ne16(unknown)
base,320,0,105,_model_6_cv1_act_Mul_qin0,quantize,12.78,0.08666433393955231,0.0,32,nntool-sq8-ne16(unknown)
base,320,0,106,_model_6_cv1_act_Mul,mul,12.76,0.035885050892829895,0.0,32,nntool-sq8-ne16(unknown)
base,320,0,107,_model_6_cv2_act_Sigmoid_qin0,quantize,11.68,0.06299212598425197,0.0,32,nntool-sq8-ne16(unknown)
base,320,0,108,_model_6_cv2_act_Sigmoid,sigmoid,20.51,0.007874015748031496,0.0,32,nntool-sq8-ne16(unknown)
base,320,0,109,_model_6_cv2_act_Mul_qin0,quantize,11.66,0.08666433393955231,0.0,32,nntool-sq8-ne16(unknown)
base,320,0,110,_model_6_cv2_act_Mul,mul,11.94,0.0866629034280777,0.0,32,nntool-sq8-ne16(unknown)
base,320,0,111,_model_6_m_m_0_cv1_conv_Conv_weights,constant,44.35,0.011414424516260624,0.0,32,nntool-sq8-ne16(unknown)
base,320,0,112,constant_model_6_m_0_cv1_conv_bias,constant,81.46,0.0004096071934327483,0.0,32,nntool-sq8-ne16(unknown)
base,320,0,113,_model_6_m_m_0_cv1_conv_Conv,conv2d,11.18,0.06539133936166763,11.0,32,nntool-sq8-ne16(unknown)
base,320,0,114,_model_6_m_m_0_cv1_act_Sigmoid_qin0,quantize,11.17,0.06299212598425197,0.0,32,nntool-sq8-ne16(unknown)
base,320,0,115,_model_6_m_m_0_cv1_act_Sigmoid,sigmoid,20.1,0.007874015748031496,0.0,32,nntool-sq8-ne16(unknown)
base,320,0,116,_model_6_m_m_0_cv1_act_Mul_qin0,quantize,11.16,0.07076127082109451,0.0,32,nntool-sq8-ne16(unknown)
base,320,0,117,_model_6_m_m_0_cv1_act_Mul,mul,11.45,0.05994963273406029,0.0,32,nntool-sq8-ne16(unknown)
base,320,0,118,_model_6_m_m_0_cv2_conv_Conv_weights,constant,41.66,0.00142259756103158,0.0,32,nntool-sq8-ne16(unknown)
base,320,0,119,constant_model_6_m_0_cv2_conv_bias,constant,85.81,8.52841985761188e-05,0.0,32,nntool-sq8-ne16(unknown)
base,320,0,120,_model_6_m_m_0_cv2_conv_Conv,conv2d,11.3,0.05319255217909813,-4.0,32,nntool-sq8-ne16(unknown)
base,320,0,121,_model_6_m_m_0_cv2_act_Sigmoid_qin0,quantize,11.28,0.06299212598425197,0.0,32,nntool-sq8-ne16(unknown)
base,320,0,122,_model_6_m_m_0_cv2_act_Sigmoid,sigmoid,20.07,0.007874015748031496,0.0,32,nntool-sq8-ne16(unknown)
base,320,0,123,_model_6_m_m_0_cv2_act_Mul_qin0,quantize,11.28,0.054833702743053436,0.0,32,nntool-sq8-ne16(unknown)
base,320,0,124,_model_6_m_m_0_cv2_act_Mul,mul,10.94,0.05478190630674362,0.0,32,nntool-sq8-ne16(unknown)
base,320,0,125,_model_6_m_m_0_Add,add,12.36,0.0866629034280777,0.0,32,nntool-sq8-ne16(unknown)
base,320,0,126,_model_6_Concat,concat,12.13,0.0866629034280777,0.0,32,nntool-sq8-ne16(unknown)
base,320,0,127,_model_6_cv3_conv_Conv_weights,constant,43.91,0.0042723314836621284,0.0,32,nntool-sq8-ne16(unknown)
base,320,0,128,constant_model_6_cv3_conv_bias,constant,77.99,0.0003702526446431875,0.0,32,nntool-sq8-ne16(unknown)
base,320,0,129,_model_6_cv3_conv_Conv,conv2d,11.26,0.06525376439094543,-5.0,32,nntool-sq8-ne16(unknown)
base,320,0,130,_model_6_cv3_act_Sigmoid_qin0,quantize,11.24,0.06299212598425197,0.0,32,nntool-sq8-ne16(unknown)
base,320,0,131,_model_6_cv3_act_Sigmoid,sigmoid,19.85,0.007874015748031496,0.0,32,nntool-sq8-ne16(unknown)
base,320,0,132,_model_6_cv3_act_Mul_qin0,quantize,11.22,0.06805768609046936,0.0,32,nntool-sq8-ne16(unknown)
base,320,0,133,_model_6_cv3_act_Mul,mul,10.8,0.06804569065570831,0.0,32,nntool-sq8-ne16(unknown)
base,320,0,134,_model_7_conv_Conv_weights,constant,40.65,0.0013374319532886147,0.0,32,nntool-sq8-ne16(unknown)
base,320,0,135,constant_model_7_conv_bias,constant,86.86,9.100648458115757e-05,0.0,32,nntool-sq8-ne16(unknown)
base,320,0,136,_model_7_conv_Conv,conv2d,10.83,0.06003839150071144,-12.0,32,nntool-sq8-ne16(unknown)
base,320,0,137,_model_7_act_Sigmoid_qin0,quantize,10.81,0.06299212598425197,0.0,32,nntool-sq8-ne16(unknown)
base,320,0,138,_model_7_act_Sigmoid,sigmoid,19.24,0.007874015748031496,0.0,32,nntool-sq8-ne16(unknown)
base,320,0,139,_model_7_act_Mul_qin0,quantize,10.81,0.06568490713834763,0.0,32,nntool-sq8-ne16(unknown)
base,320,0,140,_model_7_act_Mul,mul,10.32,0.06566925346851349,0.0,32,nntool-sq8-ne16(unknown)
base,320,0,141,_model_8_cv1_conv_Conv_weights,constant,43.53,0.001834909082390368,0.0,32,nntool-sq8-ne16(unknown)
base,320,0,142,constant_model_8_cv1_conv_bias,constant,80.14,0.00012049711222061887,0.0,32,nntool-sq8-ne16(unknown)
base,320,0,143,_model_8_cv1_conv_Conv,conv2d,10.19,0.06467399001121521,9.0,32,nntool-sq8-ne16(unknown)
base,320,0,144,_model_8_cv1_conv_Conv_split,split,11.58,0.06467399001121521,9.0,32,nntool-sq8-ne16(unknown)
base,320,0,145,_model_8_cv1_act_Sigmoid_qin0,quantize,11.61,0.06299212598425197,0.0,32,nntool-sq8-ne16(unknown)
base,320,0,146,_model_8_cv1_act_Sigmoid,sigmoid,20.85,0.007874015748031496,0.0,32,nntool-sq8-ne16(unknown)
base,320,0,147,_model_8_cv1_act_Mul_qin0,quantize,11.53,0.06934986263513565,0.0,32,nntool-sq8-ne16(unknown)
base,320,0,148,_model_8_cv1_act_Mul,mul,11.35,0.054284337908029556,0.0,32,nntool-sq8-ne16(unknown)
base,320,0,149,_model_8_cv2_act_Sigmoid_qin0,quantize,9.19,0.06299212598425197,0.0,32,nntool-sq8-ne16(unknown)
base,320,0,150,_model_8_cv2_act_Sigmoid,sigmoid,18.24,0.007874015748031496,0.0,32,nntool-sq8-ne16(unknown)
base,320,0,151,_model_8_cv2_act_Mul_qin0,quantize,9.14,0.06934986263513565,0.0,32,nntool-sq8-ne16(unknown)
base,320,0,152,_model_8_cv2_act_Mul,mul,9.05,0.059931762516498566,0.0,32,nntool-sq8-ne16(unknown)
base,320,0,153,_model_8_m_m_0_cv1_conv_Conv_weights,constant,45.05,0.0034129549749195576,0.0,32,nntool-sq8-ne16(unknown)
base,320,0,154,constant_model_8_m_0_cv1_conv_bias,constant,77.45,0.00018527000793255866,0.0,32,nntool-sq8-ne16(unknown)
base,320,0,155,_model_8_m_m_0_cv1_conv_Conv,conv2d,10.82,0.052993886172771454,11.0,32,nntool-sq8-ne16(unknown)
base,320,0,156,_model_8_m_m_0_cv1_act_Sigmoid_qin0,quantize,10.8,0.06299212598425197,0.0,32,nntool-sq8-ne16(unknown)
base,320,0,157,_model_8_m_m_0_cv1_act_Sigmoid,sigmoid,18.5,0.007874015748031496,0.0,32,nntool-sq8-ne16(unknown)
base,320,0,158,_model_8_m_m_0_cv1_act_Mul_qin0,quantize,10.8,0.0577198751270771,0.0,32,nntool-sq8-ne16(unknown)
base,320,0,159,_model_8_m_m_0_cv1_act_Mul,mul,10.37,0.048125434666872025,0.0,32,nntool-sq8-ne16(unknown)
base,320,0,160,_model_8_m_m_0_cv2_conv_Conv_weights,constant,41.95,0.0010503411758691072,0.0,32,nntool-sq8-ne16(unknown)
base,320,0,161,constant_model_8_m_0_cv2_conv_bias,constant,92.99,5.054812572780065e-05,0.0,32,nntool-sq8-ne16(unknown)
base,320,0,162,_model_8_m_m_0_cv2_conv_Conv,conv2d,11.1,0.054232846945524216,6.0,32,nntool-sq8-ne16(unknown)
base,320,0,163,_model_8_m_m_0_cv2_act_Sigmoid_qin0,quantize,11.09,0.06299212598425197,0.0,32,nntool-sq8-ne16(unknown)
base,320,0,164,_model_8_m_m_0_cv2_act_Sigmoid,sigmoid,18.71,0.007874015748031496,0.0,32,nntool-sq8-ne16(unknown)
base,320,0,165,_model_8_m_m_0_cv2_act_Mul_qin0,quantize,11.09,0.056640561670064926,0.0,32,nntool-sq8-ne16(unknown)
base,320,0,166,_model_8_m_m_0_cv2_act_Mul,mul,9.62,0.051734331995248795,0.0,32,nntool-sq8-ne16(unknown)
base,320,0,167,_model_8_m_m_0_Add,add,10.13,0.059931762516498566,0.0,32,nntool-sq8-ne16(unknown)
base,320,0,168,_model_8_Concat,concat,9.79,0.059931762516498566,0.0,32,nntool-sq8-ne16(unknown)
base,320,0,169,_model_8_cv3_conv_Conv_weights,constant,43.91,0.0013044814113527536,0.0,32,nntool-sq8-ne16(unknown)
base,320,0,170,constant_model_8_cv3_conv_bias,constant,84.6,7.817987352609634e-05,0.0,32,nntool-sq8-ne16(unknown)
base,320,0,171,_model_8_cv3_conv_Conv,conv2d,9.26,0.047052718698978424,9.0,32,nntool-sq8-ne16(unknown)
base,320,0,172,_model_8_cv3_act_Sigmoid_qin0,quantize,9.26,0.06299212598425197,0.0,32,nntool-sq8-ne16(unknown)
base,320,0,173,_model_8_cv3_act_Sigmoid,sigmoid,17.83,0.007874015748031496,0.0,32,nntool-sq8-ne16(unknown)
base,320,0,174,_model_8_cv3_act_Mul_qin0,quantize,9.25,0.05040726438164711,0.0,32,nntool-sq8-ne16(unknown)
base,320,0,175,_model_8_cv3_act_Mul,mul,9.31,0.04350202530622482,0.0,32,nntool-sq8-ne16(unknown)
base,320,0,176,_model_9_cv1_conv_Conv_weights,constant,44.08,0.0016307402402162552,0.0,32,nntool-sq8-ne16(unknown)
base,320,0,177,constant_model_9_cv1_conv_bias,constant,91.5,7.094050670275465e-05,0.0,32,nntool-sq8-ne16(unknown)
base,320,0,178,_model_9_cv1_conv_Conv,conv2d,9.75,0.03714741766452789,-13.0,32,nntool-sq8-ne16(unknown)
base,320,0,179,_model_9_cv1_act_Sigmoid_qin0,quantize,9.74,0.06299212598425197,0.0,32,nntool-sq8-ne16(unknown)
base,320,0,180,_model_9_cv1_act_Sigmoid,sigmoid,18.92,0.007874015748031496,0.0,32,nntool-sq8-ne16(unknown)
base,320,0,181,_model_9_cv1_act_Mul_qin0,quantize,9.74,0.04106763377785683,0.0,32,nntool-sq8-ne16(unknown)
base,320,0,182,_model_9_cv1_act_Mul,mul,10.18,0.04084579274058342,0.0,32,nntool-sq8-ne16(unknown)
base,320,0,183,_model_9_m_MaxPool,max_pool,13.1,0.04084579274058342,0.0,32,nntool-sq8-ne16(unknown)
base,320,0,184,_model_9_m_1_MaxPool,max_pool,14.02,0.04084579274058342,0.0,32,nntool-sq8-ne16(unknown)
base,320,0,185,_model_9_m_2_MaxPool,max_pool,14.47,0.04084579274058342,0.0,32,nntool-sq8-ne16(unknown)
base,320,0,186,_model_9_Concat,concat,13.48,0.04084579274058342,0.0,32,nntool-sq8-ne16(unknown)
base,320,0,187,_model_9_cv2_conv_Conv_weights,constant,40.45,0.0018963535549119115,0.0,32,nntool-sq8-ne16(unknown)
base,320,0,188,constant_model_9_cv2_conv_bias,constant,97.77,7.745806215098128e-05,0.0,32,nntool-sq8-ne16(unknown)
base,320,0,189,_model_9_cv2_conv_Conv,conv2d,8.93,0.04035735875368118,2.0,32,nntool-sq8-ne16(unknown)
base,320,0,190,_model_9_cv2_act_Sigmoid_qin0,quantize,8.91,0.06299212598425197,0.0,32,nntool-sq8-ne16(unknown)
base,320,0,191,_model_9_cv2_act_Sigmoid,sigmoid,16.51,0.007874015748031496,0.0,32,nntool-sq8-ne16(unknown)
base,320,0,192,_model_9_cv2_act_Mul_qin0,quantize,8.92,0.040967438369989395,0.0,32,nntool-sq8-ne16(unknown)
base,320,0,193,_model_9_cv2_act_Mul,mul,8.45,0.03948869928717613,0.0,32,nntool-sq8-ne16(unknown)
base,320,0,194,_model_10_conv_Conv_weights,constant,42.62,0.0022942135110497475,0.0,32,nntool-sq8-ne16(unknown)
base,320,0,195,constant_model_10_conv_bias,constant,81.93,9.059550939127803e-05,0.0,32,nntool-sq8-ne16(unknown)
base,320,0,196,_model_10_conv_Conv,conv2d,9.17,0.03859513998031616,-3.0,32,nntool-sq8-ne16(unknown)
base,320,0,197,_model_10_act_Sigmoid_qin0,quantize,9.16,0.06299212598425197,0.0,32,nntool-sq8-ne16(unknown)
base,320,0,198,_model_10_act_Sigmoid,sigmoid,16.99,0.007874015748031496,0.0,32,nntool-sq8-ne16(unknown)
base,320,0,199,_model_10_act_Mul_qin0,quantize,9.15,0.03962789848446846,0.0,32,nntool-sq8-ne16(unknown)
base,320,0,200,_model_10_act_Mul,mul,7.93,0.09030631184577942,0.0,32,nntool-sq8-ne16(unknown)
base,320,0,201,_model_11_Resize,nearest_neighbor,7.93,0.09030631184577942,0.0,32,nntool-sq8-ne16(unknown)
base,320,0,202,_model_12_Concat_qin0,quantize,7.9,0.06804569065570831,0.0,32,nntool-sq8-ne16(unknown)
base,320,0,203,_model_12_Concat,concat,9.19,0.06804569065570831,0.0,32,nntool-sq8-ne16(unknown)
base,320,0,204,_model_13_cv1_conv_Conv_weights,constant,42.65,0.0023070313036441803,0.0,32,nntool-sq8-ne16(unknown)
base,320,0,205,constant_model_13_cv1_conv_bias,constant,77.03,0.0001569835440022871,0.0,32,nntool-sq8-ne16(unknown)
base,320,0,206,_model_13_cv1_conv_Conv,conv2d,9.94,0.06635326892137527,-23.0,32,nntool-sq8-ne16(unknown)
base,320,0,207,_model_13_cv1_conv_Conv_split,split,11.03,0.06635326892137527,-23.0,32,nntool-sq8-ne16(unknown)
base,320,0,208,_model_13_cv1_act_Sigmoid_qin0,quantize,11.0,0.06299212598425197,0.0,32,nntool-sq8-ne16(unknown)
base,320,0,209,_model_13_cv1_act_Sigmoid,sigmoid,18.72,0.007874015748031496,0.0,32,nntool-sq8-ne16(unknown)
base,320,0,210,_model_13_cv1_act_Mul_qin0,quantize,11.0,0.0781540721654892,0.0,32,nntool-sq8-ne16(unknown)
base,320,0,211,_model_13_cv1_act_Mul,mul,9.15,0.07815025001764297,0.0,32,nntool-sq8-ne16(unknown)
base,320,0,212,_model_13_cv2_act_Sigmoid_qin0,quantize,9.01,0.06299212598425197,0.0,32,nntool-sq8-ne16(unknown)
base,320,0,213,_model_13_cv2_act_Sigmoid,sigmoid,17.23,0.007874015748031496,0.0,32,nntool-sq8-ne16(unknown)
base,320,0,214,_model_13_cv2_act_Mul_qin0,quantize,8.99,0.0781540721654892,0.0,32,nntool-sq8-ne16(unknown)
base,320,0,215,_model_13_cv2_act_Mul,mul,8.54,0.10545814037322998,0.0,32,nntool-sq8-ne16(unknown)
base,320,0,216,_model_13_m_m_0_cv1_conv_Conv_weights,constant,45.15,0.0076956613920629025,0.0,32,nntool-sq8-ne16(unknown)
base,320,0,217,constant_model_13_m_0_cv1_conv_bias,constant,73.02,0.000601417850703001,0.0,32,nntool-sq8-ne16(unknown)
base,320,0,218,_model_13_m_m_0_cv1_conv_Conv,conv2d,13.04,0.12491628527641296,26.0,32,nntool-sq8-ne16(unknown)
base,320,0,219,_model_13_m_m_0_cv1_act_Sigmoid_qin0,quantize,12.97,0.06299212598425197,0.0,32,nntool-sq8-ne16(unknown)
base,320,0,220,_model_13_m_m_0_cv1_act_Sigmoid,sigmoid,20.16,0.007874015748031496,0.0,32,nntool-sq8-ne16(unknown)
base,320,0,221,_model_13_m_m_0_cv1_act_Mul_qin0,quantize,12.95,0.15067538619041443,0.0,32,nntool-sq8-ne16(unknown)
base,320,0,222,_model_13_m_m_0_cv1_act_Mul,mul,14.07,0.09895402193069458,0.0,32,nntool-sq8-ne16(unknown)
base,320,0,223,_model_13_m_m_0_cv2_conv_Conv_weights,constant,40.74,0.0028782805893570185,0.0,32,nntool-sq8-ne16(unknown)
base,320,0,224,constant_model_13_m_0_cv2_conv_bias,constant,85.69,0.0002848174481187016,0.0,32,nntool-sq8-ne16(unknown)
base,320,0,225,_model_13_m_m_0_cv2_conv_Conv,conv2d,11.77,0.0915163978934288,-19.0,32,nntool-sq8-ne16(unknown)
base,320,0,226,_model_13_m_m_0_cv2_act_Sigmoid_qin0,quantize,11.74,0.06299212598425197,0.0,32,nntool-sq8-ne16(unknown)
base,320,0,227,_model_13_m_m_0_cv2_act_Sigmoid,sigmoid,21.47,0.007874015748031496,0.0,32,nntool-sq8-ne16(unknown)
base,320,0,228,_model_13_m_m_0_cv2_act_Mul_qin0,quantize,11.7,0.10545830428600311,0.0,32,nntool-sq8-ne16(unknown)
base,320,0,229,_model_13_m_m_0_cv2_act_Mul,mul,11.85,0.10545814037322998,0.0,32,nntool-sq8-ne16(unknown)
base,320,0,230,_model_13_Concat,concat,10.3,0.10545814037322998,0.0,32,nntool-sq8-ne16(unknown)
base,320,0,231,_model_13_cv3_conv_Conv_weights,constant,43.44,0.0027010440826416016,0.0,32,nntool-sq8-ne16(unknown)
base,320,0,232,constant_model_13_cv3_conv_bias,constant,76.57,0.00028484707581810653,0.0,32,nntool-sq8-ne16(unknown)
base,320,0,233,_model_13_cv3_conv_Conv,conv2d,9.15,0.08608339726924896,10.0,32,nntool-sq8-ne16(unknown)
base,320,0,234,_model_13_cv3_act_Sigmoid_qin0,quantize,9.13,0.06299212598425197,0.0,32,nntool-sq8-ne16(unknown)
base,320,0,235,_model_13_cv3_act_Sigmoid,sigmoid,18.34,0.007874015748031496,0.0,32,nntool-sq8-ne16(unknown)
base,320,0,236,_model_13_cv3_act_Mul_qin0,quantize,9.12,0.0924910455942154,0.0,32,nntool-sq8-ne16(unknown)
base,320,0,237,_model_13_cv3_act_Mul,mul,8.58,0.07962208241224289,0.0,32,nntool-sq8-ne16(unknown)
base,320,0,238,_model_14_conv_Conv_weights,constant,43.87,0.004210221581161022,0.0,32,nntool-sq8-ne16(unknown)
base,320,0,239,constant_model_14_conv_bias,constant,79.42,0.00033522662124596536,0.0,32,nntool-sq8-ne16(unknown)
base,320,0,240,_model_14_conv_Conv,conv2d,10.38,0.09180384129285812,52.0,32,nntool-sq8-ne16(unknown)
base,320,0,241,_model_14_act_Sigmoid_qin0,quantize,10.34,0.06299212598425197,0.0,32,nntool-sq8-ne16(unknown)
base,320,0,242,_model_14_act_Sigmoid,sigmoid,20.31,0.007874015748031496,0.0,32,nntool-sq8-ne16(unknown)
base,320,0,243,_model_14_act_Mul_qin0,quantize,10.3,0.12889058887958527,0.0,32,nntool-sq8-ne16(unknown)
base,320,0,244,_model_14_act_Mul,mul,10.42,0.09641369432210922,0.0,32,nntool-sq8-ne16(unknown)
base,320,0,245,_model_15_Resize,nearest_neighbor,10.42,0.09641369432210922,0.0,32,nntool-sq8-ne16(unknown)
base,320,0,246,_model_16_Concat_qin0,quantize,10.39,0.057987432926893234,0.0,32,nntool-sq8-ne16(unknown)
base,320,0,247,_model_16_Concat,concat,10.86,0.057987432926893234,0.0,32,nntool-sq8-ne16(unknown)
base,320,0,248,_model_17_cv1_conv_Conv_weights,constant,41.83,0.003636293113231659,0.0,32,nntool-sq8-ne16(unknown)
base,320,0,249,constant_model_17_cv1_conv_bias,constant,79.27,0.00021085930347908288,0.0,32,nntool-sq8-ne16(unknown)
base,320,0,250,_model_17_cv1_conv_Conv,conv2d,11.45,0.07362788915634155,23.0,32,nntool-sq8-ne16(unknown)
base,320,0,251,_model_17_cv1_conv_Conv_split,split,11.49,0.07362788915634155,23.0,32,nntool-sq8-ne16(unknown)
base,320,0,252,_model_17_cv1_act_Sigmoid_qin0,quantize,11.47,0.06299212598425197,0.0,32,nntool-sq8-ne16(unknown)
base,320,0,253,_model_17_cv1_act_Sigmoid,sigmoid,20.05,0.007874015748031496,0.0,32,nntool-sq8-ne16(unknown)
base,320,0,254,_model_17_cv1_act_Mul_qin0,quantize,11.46,0.08671969175338745,0.0,32,nntool-sq8-ne16(unknown)
base,320,0,255,_model_17_cv1_act_Mul,mul,11.38,0.06040496379137039,0.0,32,nntool-sq8-ne16(unknown)
base,320,0,256,_model_17_cv2_act_Sigmoid_qin0,quantize,11.34,0.06299212598425197,0.0,32,nntool-sq8-ne16(unknown)
base,320,0,257,_model_17_cv2_act_Sigmoid,sigmoid,22.27,0.007874015748031496,0.0,32,nntool-sq8-ne16(unknown)
base,320,0,258,_model_17_cv2_act_Mul_qin0,quantize,11.29,0.08671969175338745,0.0,32,nntool-sq8-ne16(unknown)
base,320,0,259,_model_17_cv2_act_Mul,mul,11.09,0.07168707251548767,0.0,32,nntool-sq8-ne16(unknown)
base,320,0,260,_model_17_m_m_0_cv1_conv_Conv_weights,constant,45.93,0.0019889988470822573,0.0,32,nntool-sq8-ne16(unknown)
base,320,0,261,constant_model_17_m_0_cv1_conv_bias,constant,79.15,0.00012014539970550686,0.0,32,nntool-sq8-ne16(unknown)
base,320,0,262,_model_17_m_m_0_cv1_conv_Conv,conv2d,13.88,0.07179620862007141,2.0,32,nntool-sq8-ne16(unknown)
base,320,0,263,_model_17_m_m_0_cv1_act_Sigmoid_qin0,quantize,13.85,0.06299212598425197,0.0,32,nntool-sq8-ne16(unknown)
base,320,0,264,_model_17_m_m_0_cv1_act_Sigmoid,sigmoid,21.16,0.007874015748031496,0.0,32,nntool-sq8-ne16(unknown)
base,320,0,265,_model_17_m_m_0_cv1_act_Mul_qin0,quantize,13.8,0.07289585471153259,0.0,32,nntool-sq8-ne16(unknown)
base,320,0,266,_model_17_m_m_0_cv1_act_Mul,mul,16.23,0.07067897915840149,0.0,32,nntool-sq8-ne16(unknown)
base,320,0,267,_model_17_m_m_0_cv2_conv_Conv_weights,constant,42.02,0.005635523237287998,0.0,32,nntool-sq8-ne16(unknown)
base,320,0,268,constant_model_17_m_0_cv2_conv_bias,constant,87.16,0.00039831301546655595,0.0,32,nntool-sq8-ne16(unknown)
base,320,0,269,_model_17_m_m_0_cv2_conv_Conv,conv2d,15.29,0.0679420754313469,-7.0,32,nntool-sq8-ne16(unknown)
base,320,0,270,_model_17_m_m_0_cv2_act_Sigmoid_qin0,quantize,15.25,0.06299212598425197,0.0,32,nntool-sq8-ne16(unknown)
base,320,0,271,_model_17_m_m_0_cv2_act_Sigmoid,sigmoid,24.58,0.007874015748031496,0.0,32,nntool-sq8-ne16(unknown)
base,320,0,272,_model_17_m_m_0_cv2_act_Mul_qin0,quantize,15.25,0.07169504463672638,0.0,32,nntool-sq8-ne16(unknown)
base,320,0,273,_model_17_m_m_0_cv2_act_Mul,mul,14.79,0.07168707251548767,0.0,32,nntool-sq8-ne16(unknown)
base,320,0,274,_model_17_Concat,concat,13.4,0.07168707251548767,0.0,32,nntool-sq8-ne16(unknown)
base,320,0,275,_model_17_cv3_conv_Conv_weights,constant,43.18,0.006319684442132711,0.0,32,nntool-sq8-ne16(unknown)
base,320,0,276,constant_model_17_cv3_conv_bias,constant,83.47,0.00045303968363441527,0.0,32,nntool-sq8-ne16(unknown)
base,320,0,277,_model_17_cv3_conv_Conv,conv2d,11.77,0.15433736145496368,-17.0,32,nntool-sq8-ne16(unknown)
base,320,0,278,_model_17_cv3_act_Sigmoid_qin0,quantize,11.75,0.06299212598425197,0.0,32,nntool-sq8-ne16(unknown)
base,320,0,279,_model_17_cv3_act_Sigmoid,sigmoid,19.39,0.007874015748031496,0.0,32,nntool-sq8-ne16(unknown)
base,320,0,280,_model_17_cv3_act_Mul_qin0,quantize,11.7,0.17546311020851135,0.0,32,nntool-sq8-ne16(unknown)
base,320,0,281,_model_17_cv3_act_Mul,mul,11.64,0.17546311020851135,0.0,32,nntool-sq8-ne16(unknown)
base,320,0,282,_model_18_conv_Conv_weights,constant,40.06,0.0015357517404481769,0.0,32,nntool-sq8-ne16(unknown)
base,320,0,283,constant_model_18_conv_bias,constant,80.09,0.0002694677677936852,0.0,32,nntool-sq8-ne16(unknown)
base,320,0,284,_model_18_conv_Conv,conv2d,8.37,0.10730673372745514,13.0,32,nntool-sq8-ne16(unknown)
base,320,0,285,_model_18_act_Sigmoid_qin0,quantize,8.35,0.06299212598425197,0.0,32,nntool-sq8-ne16(unknown)
base,320,0,286,_model_18_act_Sigmoid,sigmoid,17.2,0.007874015748031496,0.0,32,nntool-sq8-ne16(unknown)
base,320,0,287,_model_18_act_Mul_qin0,quantize,8.32,0.11811421066522598,0.0,32,nntool-sq8-ne16(unknown)
base,320,0,288,_model_18_act_Mul,mul,8.73,0.09641369432210922,0.0,32,nntool-sq8-ne16(unknown)
base,320,0,289,_model_19_Concat,concat,9.66,0.09641369432210922,0.0,32,nntool-sq8-ne16(unknown)
base,320,0,290,_model_20_cv1_conv_Conv_weights,constant,43.08,0.002524382434785366,0.0,32,nntool-sq8-ne16(unknown)
base,320,0,291,constant_model_20_cv1_conv_bias,constant,78.89,0.00024338503135368228,0.0,32,nntool-sq8-ne16(unknown)
base,320,0,292,_model_20_cv1_conv_Conv,conv2d,9.46,0.0841362327337265,14.0,32,nntool-sq8-ne16(unknown)
base,320,0,293,_model_20_cv1_conv_Conv_split,split,8.91,0.0841362327337265,14.0,32,nntool-sq8-ne16(unknown)
base,320,0,294,_model_20_cv1_act_Sigmoid_qin0,quantize,8.9,0.06299212598425197,0.0,32,nntool-sq8-ne16(unknown)
base,320,0,295,_model_20_cv1_act_Sigmoid,sigmoid,18.64,0.007874015748031496,0.0,32,nntool-sq8-ne16(unknown)
base,320,0,296,_model_20_cv1_act_Mul_qin0,quantize,8.86,0.09321247041225433,0.0,32,nntool-sq8-ne16(unknown)
base,320,0,297,_model_20_cv1_act_Mul,mul,8.98,0.07498303800821304,0.0,32,nntool-sq8-ne16(unknown)
base,320,0,298,_model_20_cv2_act_Sigmoid_qin0,quantize,10.02,0.06299212598425197,0.0,32,nntool-sq8-ne16(unknown)
base,320,0,299,_model_20_cv2_act_Sigmoid,sigmoid,20.53,0.007874015748031496,0.0,32,nntool-sq8-ne16(unknown)
base,320,0,300,_model_20_cv2_act_Mul_qin0,quantize,9.97,0.09321247041225433,0.0,32,nntool-sq8-ne16(unknown)
base,320,0,301,_model_20_cv2_act_Mul,mul,10.2,0.07309749722480774,0.0,32,nntool-sq8-ne16(unknown)
base,320,0,302,_model_20_m_m_0_cv1_conv_Conv_weights,constant,44.84,0.0044148643501102924,0.0,32,nntool-sq8-ne16(unknown)
base,320,0,303,constant_model_20_m_0_cv1_conv_bias,constant,75.89,0.00033103994792327285,0.0,32,nntool-sq8-ne16(unknown)
base,320,0,304,_model_20_m_m_0_cv1_conv_Conv,conv2d,10.54,0.07058889418840408,12.0,32,nntool-sq8-ne16(unknown)
base,320,0,305,_model_20_m_m_0_cv1_act_Sigmoid_qin0,quantize,10.52,0.06299212598425197,0.0,32,nntool-sq8-ne16(unknown)
base,320,0,306,_model_20_m_m_0_cv1_act_Sigmoid,sigmoid,20.75,0.007874015748031496,0.0,32,nntool-sq8-ne16(unknown)
base,320,0,307,_model_20_m_m_0_cv1_act_Mul_qin0,quantize,10.5,0.07710345089435577,0.0,32,nntool-sq8-ne16(unknown)
base,320,0,308,_model_20_m_m_0_cv1_act_Mul,mul,10.46,0.06400420516729355,0.0,32,nntool-sq8-ne16(unknown)
base,320,0,309,_model_20_m_m_0_cv2_conv_Conv_weights,constant,40.82,0.001605386147275567,0.0,32,nntool-sq8-ne16(unknown)
base,320,0,310,constant_model_20_m_0_cv2_conv_bias,constant,85.6,0.0001027514663292095,0.0,32,nntool-sq8-ne16(unknown)
base,320,0,311,_model_20_m_m_0_cv2_conv_Conv,conv2d,12.06,0.07988981157541275,11.0,32,nntool-sq8-ne16(unknown)
base,320,0,312,_model_20_m_m_0_cv2_act_Sigmoid_qin0,quantize,12.03,0.06299212598425197,0.0,32,nntool-sq8-ne16(unknown)
base,320,0,313,_model_20_m_m_0_cv2_act_Sigmoid,sigmoid,22.27,0.007874015748031496,0.0,32,nntool-sq8-ne16(unknown)
base,320,0,314,_model_20_m_m_0_cv2_act_Mul_qin0,quantize,12.02,0.08662232756614685,0.0,32,nntool-sq8-ne16(unknown)
base,320,0,315,_model_20_m_m_0_cv2_act_Mul,mul,11.8,0.07309749722480774,0.0,32,nntool-sq8-ne16(unknown)
base,320,0,316,_model_20_Concat,concat,11.14,0.07309749722480774,0.0,32,nntool-sq8-ne16(unknown)
base,320,0,317,_model_20_cv3_conv_Conv_weights,constant,42.3,0.005555597133934498,0.0,32,nntool-sq8-ne16(unknown)
base,320,0,318,constant_model_20_cv3_conv_bias,constant,84.6,0.0004061002400703728,0.0,32,nntool-sq8-ne16(unknown)
base,320,0,319,_model_20_cv3_conv_Conv,conv2d,10.95,0.07601001113653183,21.0,32,nntool-sq8-ne16(unknown)
base,320,0,320,_model_20_cv3_act_Sigmoid_qin0,quantize,10.93,0.06299212598425197,0.0,32,nntool-sq8-ne16(unknown)
base,320,0,321,_model_20_cv3_act_Sigmoid,sigmoid,20.0,0.007874015748031496,0.0,32,nntool-sq8-ne16(unknown)
base,320,0,322,_model_20_cv3_act_Mul_qin0,quantize,10.93,0.0884050726890564,0.0,32,nntool-sq8-ne16(unknown)
base,320,0,323,_model_20_cv3_act_Mul,mul,11.47,0.06349743902683258,0.0,32,nntool-sq8-ne16(unknown)
base,320,0,324,_model_21_conv_Conv_weights,constant,38.17,0.0013811440439894795,0.0,32,nntool-sq8-ne16(unknown)
base,320,0,325,constant_model_21_conv_bias,constant,87.88,8.769911073613912e-05,0.0,32,nntool-sq8-ne16(unknown)
base,320,0,326,_model_21_conv_Conv,conv2d,7.5,0.07132398337125778,-34.0,32,nntool-sq8-ne16(unknown)
base,320,0,327,_model_21_act_Sigmoid_qin0,quantize,7.48,0.06299212598425197,0.0,32,nntool-sq8-ne16(unknown)
base,320,0,328,_model_21_act_Sigmoid,sigmoid,17.58,0.007874015748031496,0.0,32,nntool-sq8-ne16(unknown)
base,320,0,329,_model_21_act_Mul_qin0,quantize,7.47,0.09030725806951523,0.0,32,nntool-sq8-ne16(unknown)
base,320,0,330,_model_21_act_Mul,mul,7.56,0.09030631184577942,0.0,32,nntool-sq8-ne16(unknown)
base,320,0,331,_model_22_Concat,concat,7.72,0.09030631184577942,0.0,32,nntool-sq8-ne16(unknown)
base,320,0,332,_model_23_cv1_conv_Conv_weights,constant,41.42,0.0018470356008037925,0.0,32,nntool-sq8-ne16(unknown)
base,320,0,333,constant_model_23_cv1_conv_bias,constant,77.03,0.00016679897089488804,0.0,32,nntool-sq8-ne16(unknown)
base,320,0,334,_model_23_cv1_conv_Conv,conv2d,7.25,0.049869537353515625,3.0,32,nntool-sq8-ne16(unknown)
base,320,0,335,_model_23_cv1_conv_Conv_split,split,6.38,0.049869537353515625,3.0,32,nntool-sq8-ne16(unknown)
base,320,0,336,_model_23_cv1_act_Sigmoid_qin0,quantize,6.36,0.06299212598425197,0.0,32,nntool-sq8-ne16(unknown)
base,320,0,337,_model_23_cv1_act_Sigmoid,sigmoid,17.21,0.007874015748031496,0.0,32,nntool-sq8-ne16(unknown)
base,320,0,338,_model_23_cv1_act_Mul_qin0,quantize,6.35,0.050935566425323486,0.0,32,nntool-sq8-ne16(unknown)
base,320,0,339,_model_23_cv1_act_Mul,mul,6.7,0.048695988953113556,0.0,32,nntool-sq8-ne16(unknown)
base,320,0,340,_model_23_cv2_act_Sigmoid_qin0,quantize,8.05,0.06299212598425197,0.0,32,nntool-sq8-ne16(unknown)
base,320,0,341,_model_23_cv2_act_Sigmoid,sigmoid,18.63,0.007874015748031496,0.0,32,nntool-sq8-ne16(unknown)
base,320,0,342,_model_23_cv2_act_Mul_qin0,quantize,8.05,0.050935566425323486,0.0,32,nntool-sq8-ne16(unknown)
base,320,0,343,_model_23_cv2_act_Mul,mul,8.56,0.05303337052464485,0.0,32,nntool-sq8-ne16(unknown)
base,320,0,344,_model_23_m_m_0_cv1_conv_Conv_weights,constant,43.52,0.003656115150079131,0.0,32,nntool-sq8-ne16(unknown)
base,320,0,345,constant_model_23_m_0_cv1_conv_bias,constant,79.16,0.00017803814262151718,0.0,32,nntool-sq8-ne16(unknown)
base,320,0,346,_model_23_m_m_0_cv1_conv_Conv,conv2d,7.06,0.0565231554210186,-7.0,32,nntool-sq8-ne16(unknown)
base,320,0,347,_model_23_m_m_0_cv1_act_Sigmoid_qin0,quantize,7.05,0.06299212598425197,0.0,32,nntool-sq8-ne16(unknown)
base,320,0,348,_model_23_m_m_0_cv1_act_Sigmoid,sigmoid,17.94,0.007874015748031496,0.0,32,nntool-sq8-ne16(unknown)
base,320,0,349,_model_23_m_m_0_cv1_act_Mul_qin0,quantize,7.04,0.05943601205945015,0.0,32,nntool-sq8-ne16(unknown)
base,320,0,350,_model_23_m_m_0_cv1_act_Mul,mul,7.31,0.059404708445072174,0.0,32,nntool-sq8-ne16(unknown)
base,320,0,351,_model_23_m_m_0_cv2_conv_Conv_weights,constant,38.39,0.0014164147432893515,0.0,32,nntool-sq8-ne16(unknown)
base,320,0,352,constant_model_23_m_0_cv2_conv_bias,constant,83.28,8.414170588366687e-05,0.0,32,nntool-sq8-ne16(unknown)
base,320,0,353,_model_23_m_m_0_cv2_conv_Conv,conv2d,6.83,0.04719241335988045,-16.0,32,nntool-sq8-ne16(unknown)
base,320,0,354,_model_23_m_m_0_cv2_act_Sigmoid_qin0,quantize,6.83,0.06299212598425197,0.0,32,nntool-sq8-ne16(unknown)
base,320,0,355,_model_23_m_m_0_cv2_act_Sigmoid,sigmoid,17.85,0.007874015748031496,0.0,32,nntool-sq8-ne16(unknown)
base,320,0,356,_model_23_m_m_0_cv2_act_Mul_qin0,quantize,6.82,0.05309588834643364,0.0,32,nntool-sq8-ne16(unknown)
base,320,0,357,_model_23_m_m_0_cv2_act_Mul,mul,7.29,0.05303337052464485,0.0,32,nntool-sq8-ne16(unknown)
base,320,0,358,_model_23_Concat,concat,7.98,0.05303337052464485,0.0,32,nntool-sq8-ne16(unknown)
base,320,0,359,_model_23_cv3_conv_Conv_weights,constant,41.22,0.0011474323691800237,0.0,32,nntool-sq8-ne16(unknown)
base,320,0,360,constant_model_23_cv3_conv_bias,constant,88.48,6.0852205933770165e-05,0.0,32,nntool-sq8-ne16(unknown)
base,320,0,361,_model_23_cv3_conv_Conv,conv2d,9.55,0.03901002183556557,-6.0,32,nntool-sq8-ne16(unknown)
base,320,0,362,_model_23_cv3_act_Sigmoid_qin0,quantize,9.52,0.06299212598425197,0.0,32,nntool-sq8-ne16(unknown)
base,320,0,363,_model_23_cv3_act_Sigmoid,sigmoid,20.5,0.007874015748031496,0.0,32,nntool-sq8-ne16(unknown)
base,320,0,364,_model_23_cv3_act_Mul_qin0,quantize,9.54,0.040757954120635986,0.0,32,nntool-sq8-ne16(unknown)
base,320,0,365,_model_23_cv3_act_Mul,mul,9.99,0.04052899777889252,0.0,32,nntool-sq8-ne16(unknown)
base,320,0,366,_model_24_m_0_Conv_weights,constant,43.57,0.003048874204978347,0.0,32,nntool-sq8-ne16(unknown)
base,320,0,367,constant_model_24_m_0_bias,constant,81.78,0.0005349649582058191,0.0,32,nntool-sq8-ne16(unknown)
base,320,0,368,_model_24_m_0_Conv,conv2d,20.03,0.13980016112327576,0.0,32,nntool-sq8-ne16(unknown)
base,320,0,369,output_1,output,20.03,0.13980016112327576,0.0,32,nntool-sq8-ne16(unknown)
base,320,0,370,_model_24_m_1_Conv_weights,constant,41.15,0.0028585598338395357,0.0,32,nntool-sq8-ne16(unknown)
base,320,0,371,constant_model_24_m_1_bias,constant,89.22,0.00018151123367715627,0.0,32,nntool-sq8-ne16(unknown)
base,320,0,372,_model_24_m_1_Conv,conv2d,19.05,0.09912696480751038,0.0,32,nntool-sq8-ne16(unknown)
base,320,0,373,output_2,output,19.05,0.09912696480751038,0.0,32,nntool-sq8-ne16(unknown)
base,320,0,374,_model_24_m_2_Conv_weights,constant,38.34,0.0034218134824186563,0.0,32,nntool-sq8-ne16(unknown)
base,320,0,375,constant_model_24_m_2_bias,constant,91.75,0.000138682677061297,0.0,32,nntool-sq8-ne16(unknown)
base,320,0,376,_model_24_m_2_Conv,conv2d,18.54,0.10329028964042664,0.0,32,nntool-sq8-ne16(unknown)
base,320,0,377,output_3,output,18.54,0.10329028964042664,0.0,32,nntool-sq8-ne16(unknown)
base,320,0,0,input_1,input,46.26,0.007874015718698502,0.0,32,nntool-sq8-ne16(unknown)
base,320,0,1,_model_0_conv_Conv_weights,constant,40.26,0.005458688363432884,0.0,32,nntool-sq8-ne16(unknown)
base,320,0,2,constant_model_0_conv_bias,constant,92.8,4.2981799197150394e-05,0.0,32,nntool-sq8-ne16(unknown)
base,320,0,3,_model_0_conv_Conv,conv2d,28.96,0.21758881211280823,16.0,32,nntool-sq8-ne16(unknown)
base,320,0,4,_model_0_act_Sigmoid_qin0,quantize,28.08,0.06299212598425197,0.0,32,nntool-sq8-ne16(unknown)
base,320,0,5,_model_0_act_Sigmoid,sigmoid,36.51,0.007874015748031496,0.0,32,nntool-sq8-ne16(unknown)
base,320,0,6,_model_0_act_Mul_qin0,quantize,25.86,0.24531306326389313,0.0,32,nntool-sq8-ne16(unknown)
base,320,0,7,_model_0_act_Mul,mul,23.79,0.18964625895023346,0.0,32,nntool-sq8-ne16(unknown)
base,320,0,8,_model_1_conv_Conv_weights,constant,42.36,0.003073994070291519,0.0,32,nntool-sq8-ne16(unknown)
base,320,0,9,constant_model_1_conv_bias,constant,80.22,0.0005829714937135577,0.0,32,nntool-sq8-ne16(unknown)
base,320,0,10,_model_1_conv_Conv,conv2d,17.61,0.31519615650177,77.0,32,nntool-sq8-ne16(unknown)
base,320,0,11,_model_1_act_Sigmoid_qin0,quantize,16.64,0.06299212598425197,0.0,32,nntool-sq8-ne16(unknown)
base,320,0,12,_model_1_act_Sigmoid,sigmoid,25.4,0.007874015748031496,0.0,32,nntool-sq8-ne16(unknown)
base,320,0,13,_model_1_act_Mul_qin0,quantize,15.7,0.5043099522590637,0.0,32,nntool-sq8-ne16(unknown)
base,320,0,14,_model_1_act_Mul,mul,16.22,0.12459331005811691,0.0,32,nntool-sq8-ne16(unknown)
base,320,0,15,_model_2_cv1_conv_Conv_weights,constant,46.07,0.0031746081076562405,0.0,32,nntool-sq8-ne16(unknown)
base,320,0,16,constant_model_2_cv1_conv_bias,constant,76.96,0.0003955349384341389,0.0,32,nntool-sq8-ne16(unknown)
base,320,0,17,_model_2_cv1_conv_Conv,conv2d,15.21,0.09325015544891357,15.0,32,nntool-sq8-ne16(unknown)
base,320,0,18,_model_2_cv1_conv_Conv_split,split,16.44,0.09325015544891357,15.0,32,nntool-sq8-ne16(unknown)
base,320,0,19,_model_2_cv1_act_Sigmoid_qin0,quantize,16.37,0.06299212598425197,0.0,32,nntool-sq8-ne16(unknown)
base,320,0,20,_model_2_cv1_act_Sigmoid,sigmoid,25.5,0.007874015748031496,0.0,32,nntool-sq8-ne16(unknown)
base,320,0,21,_model_2_cv1_act_Mul_qin0,quantize,16.31,0.10448383539915085,0.0,32,nntool-sq8-ne16(unknown)
base,320,0,22,_model_2_cv1_act_Mul,mul,15.56,0.046874530613422394,0.0,32,nntool-sq8-ne16(unknown)
base,320,0,23,_model_2_cv2_act_Sigmoid_qin0,quantize,14.61,0.06299212598425197,0.0,32,nntool-sq8-ne16(unknown)
base,320,0,24,_model_2_cv2_act_Sigmoid,sigmoid,21.75,0.007874015748031496,0.0,32,nntool-sq8-ne16(unknown)
base,320,0,25,_model_2_cv2_act_Mul_qin0,quantize,14.6,0.10448383539915085,0.0,32,nntool-sq8-ne16(unknown)
base,320,0,26,_model_2_cv2_act_Mul,mul,14.65,0.08192554116249084,0.0,32,nntool-sq8-ne16(unknown)
base,320,0,27,_model_2_m_m_0_cv1_conv_Conv_weights,constant,47.71,0.006737074814736843,0.0,32,nntool-sq8-ne16(unknown)
base,320,0,28,constant_model_2_m_0_cv1_conv_bias,constant,81.81,0.00031579722417518497,0.0,32,nntool-sq8-ne16(unknown)
base,320,0,29,_model_2_m_m_0_cv1_conv_Conv,conv2d,15.07,0.04633833095431328,-9.0,32,nntool-sq8-ne16(unknown)
base,320,0,30,_model_2_m_m_0_cv1_act_Sigmoid_qin0,quantize,15.03,0.06299212598425197,0.0,32,nntool-sq8-ne16(unknown)
base,320,0,31,_model_2_m_m_0_cv1_act_Sigmoid,sigmoid,24.56,0.007874015748031496,0.0,32,nntool-sq8-ne16(unknown)
base,320,0,32,_model_2_m_m_0_cv1_act_Mul_qin0,quantize,15.05,0.04947057366371155,0.0,32,nntool-sq8-ne16(unknown)
base,320,0,33,_model_2_m_m_0_cv1_act_Mul,mul,14.9,0.049378324300050735,0.0,32,nntool-sq8-ne16(unknown)
base,320,0,34,_model_2_m_m_0_cv2_conv_Conv_weights,constant,42.38,0.004373953677713871,0.0,32,nntool-sq8-ne16(unknown)
base,320,0,35,constant_model_2_m_0_cv2_conv_bias,constant,87.04,0.00021597850718535483,0.0,32,nntool-sq8-ne16(unknown)
base,320,0,36,_model_2_m_m_0_cv2_conv_Conv,conv2d,14.67,0.07817424833774567,-1.0,32,nntool-sq8-ne16(unknown)
base,320,0,37,_model_2_m_m_0_cv2_act_Sigmoid_qin0,quantize,14.66,0.06299212598425197,0.0,32,nntool-sq8-ne16(unknown)
base,320,0,38,_model_2_m_m_0_cv2_act_Sigmoid,sigmoid,22.78,0.007874015748031496,0.0,32,nntool-sq8-ne16(unknown)
base,320,0,39,_model_2_m_m_0_cv2_act_Mul_qin0,quantize,14.64,0.07883843034505844,0.0,32,nntool-sq8-ne16(unknown)
base,320,0,40,_model_2_m_m_0_cv2_act_Mul,mul,15.03,0.0788348913192749,0.0,32,nntool-sq8-ne16(unknown)
base,320,0,41,_model_2_m_m_0_Add,add,15.92,0.08192554116249084,0.0,32,nntool-sq8-ne16(unknown)
base,320,0,42,_model_2_Concat,concat,15.48,0.08192554116249084,0.0,32,nntool-sq8-ne16(unknown)
base,320,0,43,_model_2_cv3_conv_Conv_weights,constant,45.88,0.00583339249715209,0.0,32,nntool-sq8-ne16(unknown)
base,320,0,44,constant_model_2_cv3_conv_bias,constant,81.04,0.00047790384269319475,0.0,32,nntool-sq8-ne16(unknown)
base,320,0,45,_model_2_cv3_conv_Conv,conv2d,11.4,0.08300935477018356,15.0,32,nntool-sq8-ne16(unknown)
base,320,0,46,_model_2_cv3_act_Sigmoid_qin0,quantize,11.4,0.06299212598425197,0.0,32,nntool-sq8-ne16(unknown)
base,320,0,47,_model_2_cv3_act_Sigmoid,sigmoid,18.48,0.007874015748031496,0.0,32,nntool-sq8-ne16(unknown)
base,320,0,48,_model_2_cv3_act_Mul_qin0,quantize,11.37,0.09295766055583954,0.0,32,nntool-sq8-ne16(unknown)
base,320,0,49,_model_2_cv3_act_Mul,mul,11.29,0.07297582924365997,0.0,32,nntool-sq8-ne16(unknown)
base,320,0,50,_model_3_conv_Conv_weights,constant,41.33,0.0034952787682414055,0.0,32,nntool-sq8-ne16(unknown)
base,320,0,51,constant_model_3_conv_bias,constant,85.61,0.0002550708595663309,0.0,32,nntool-sq8-ne16(unknown)
base,320,0,52,_model_3_conv_Conv,conv2d,10.65,0.10163958370685577,16.0,32,nntool-sq8-ne16(unknown)
base,320,0,53,_model_3_act_Sigmoid_qin0,quantize,10.64,0.06299212598425197,0.0,32,nntool-sq8-ne16(unknown)
base,320,0,54,_model_3_act_Sigmoid,sigmoid,18.29,0.007874015748031496,0.0,32,nntool-sq8-ne16(unknown)
base,320,0,55,_model_3_act_Mul_qin0,quantize,10.61,0.11457983404397964,0.0,32,nntool-sq8-ne16(unknown)
base,320,0,56,_model_3_act_Mul,mul,11.88,0.08859629184007645,0.0,32,nntool-sq8-ne16(unknown)
base,320,0,57,_model_4_cv1_conv_Conv_weights,constant,44.15,0.003036468755453825,0.0,32,nntool-sq8-ne16(unknown)
base,320,0,58,constant_model_4_cv1_conv_bias,constant,76.81,0.00026901985984295607,0.0,32,nntool-sq8-ne16(unknown)
base,320,0,59,_model_4_cv1_conv_Conv,conv2d,13.67,0.0781000405550003,-4.0,32,nntool-sq8-ne16(unknown)
base,320,0,60,_model_4_cv1_conv_Conv_split,split,12.97,0.0781000405550003,-4.0,32,nntool-sq8-ne16(unknown)
base,320,0,61,_model_4_cv1_act_Sigmoid_qin0,quantize,12.93,0.06299212598425197,0.0,32,nntool-sq8-ne16(unknown)
base,320,0,62,_model_4_cv1_act_Sigmoid,sigmoid,24.45,0.007874015748031496,0.0,32,nntool-sq8-ne16(unknown)
base,320,0,63,_model_4_cv1_act_Mul_qin0,quantize,12.77,0.08063014596700668,0.0,32,nntool-sq8-ne16(unknown)
base,320,0,64,_model_4_cv1_act_Mul,mul,12.88,0.0403827540576458,0.0,32,nntool-sq8-ne16(unknown)
base,320,0,65,_model_4_cv2_act_Sigmoid_qin0,quantize,13.82,0.06299212598425197,0.0,32,nntool-sq8-ne16(unknown)
base,320,0,66,_model_4_cv2_act_Sigmoid,sigmoid,21.44,0.007874015748031496,0.0,32,nntool-sq8-ne16(unknown)
base,320,0,67,_model_4_cv2_act_Mul_qin0,quantize,13.8,0.08063014596700668,0.0,32,nntool-sq8-ne16(unknown)
base,320,0,68,_model_4_cv2_act_Mul,mul,13.91,0.08062726259231567,0.0,32,nntool-sq8-ne16(unknown)
base,320,0,69,_model_4_m_m_0_cv1_conv_Conv_weights,constant,46.67,0.007611253298819065,0.0,32,nntool-sq8-ne16(unknown)
base,320,0,70,constant_model_4_m_0_cv1_conv_bias,constant,79.78,0.0003073633706662804,0.0,32,nntool-sq8-ne16(unknown)
base,320,0,71,_model_4_m_m_0_cv1_conv_Conv,conv2d,15.01,0.06471014767885208,1.0,32,nntool-sq8-ne16(unknown)
base,320,0,72,_model_4_m_m_0_cv1_act_Sigmoid_qin0,quantize,14.98,0.06299212598425197,0.0,32,nntool-sq8-ne16(unknown)
base,320,0,73,_model_4_m_m_0_cv1_act_Sigmoid,sigmoid,23.06,0.007874015748031496,0.0,32,nntool-sq8-ne16(unknown)
base,320,0,74,_model_4_m_m_0_cv1_act_Mul_qin0,quantize,14.95,0.06526561826467514,0.0,32,nntool-sq8-ne16(unknown)
base,320,0,75,_model_4_m_m_0_cv1_act_Mul,mul,15.56,0.0641317218542099,0.0,32,nntool-sq8-ne16(unknown)
base,320,0,76,_model_4_m_m_0_cv2_conv_Conv_weights,constant,42.6,0.004114981275051832,0.0,32,nntool-sq8-ne16(unknown)
base,320,0,77,constant_model_4_m_0_cv2_conv_bias,constant,92.63,0.0002639008453115821,0.0,32,nntool-sq8-ne16(unknown)
base,320,0,78,_model_4_m_m_0_cv2_conv_Conv,conv2d,12.62,0.09025789052248001,24.0,32,nntool-sq8-ne16(unknown)
base,320,0,79,_model_4_m_m_0_cv2_act_Sigmoid_qin0,quantize,12.6,0.06299212598425197,0.0,32,nntool-sq8-ne16(unknown)
base,320,0,80,_model_4_m_m_0_cv2_act_Sigmoid,sigmoid,20.85,0.007874015748031496,0.0,32,nntool-sq8-ne16(unknown)
base,320,0,81,_model_4_m_m_0_cv2_act_Mul_qin0,quantize,12.56,0.10685694217681885,0.0,32,nntool-sq8-ne16(unknown)
base,320,0,82,_model_4_m_m_0_cv2_act_Mul,mul,13.28,0.0735216736793518,0.0,32,nntool-sq8-ne16(unknown)
base,320,0,83,_model_4_m_m_0_Add,add,14.28,0.08062726259231567,0.0,32,nntool-sq8-ne16(unknown)
base,320,0,84,_model_4_Concat,concat,14.09,0.08062726259231567,0.0,32,nntool-sq8-ne16(unknown)
base,320,0,85,_model_4_cv3_conv_Conv_weights,constant,45.24,0.003667044686153531,0.0,32,nntool-sq8-ne16(unknown)
base,320,0,86,constant_model_4_cv3_conv_bias,constant,82.89,0.0002956637763418257,0.0,32,nntool-sq8-ne16(unknown)
base,320,0,87,_model_4_cv3_conv_Conv,conv2d,12.92,0.057456567883491516,-1.0,32,nntool-sq8-ne16(unknown)
base,320,0,88,_model_4_cv3_act_Sigmoid_qin0,quantize,12.89,0.06299212598425197,0.0,32,nntool-sq8-ne16(unknown)
base,320,0,89,_model_4_cv3_act_Sigmoid,sigmoid,20.32,0.007874015748031496,0.0,32,nntool-sq8-ne16(unknown)
base,320,0,90,_model_4_cv3_act_Mul_qin0,quantize,12.86,0.05802399292588234,0.0,32,nntool-sq8-ne16(unknown)
base,320,0,91,_model_4_cv3_act_Mul,mul,11.94,0.057987432926893234,0.0,32,nntool-sq8-ne16(unknown)
base,320,0,92,_model_5_conv_Conv_weights,constant,41.13,0.001522396574728191,0.0,32,nntool-sq8-ne16(unknown)
base,320,0,93,constant_model_5_conv_bias,constant,82.86,8.827987039694563e-05,0.0,32,nntool-sq8-ne16(unknown)
base,320,0,94,_model_5_conv_Conv,conv2d,12.31,0.06872372329235077,14.0,32,nntool-sq8-ne16(unknown)
base,320,0,95,_model_5_act_Sigmoid_qin0,quantize,12.28,0.06299212598425197,0.0,32,nntool-sq8-ne16(unknown)
base,320,0,96,_model_5_act_Sigmoid,sigmoid,21.38,0.007874015748031496,0.0,32,nntool-sq8-ne16(unknown)
base,320,0,97,_model_5_act_Mul_qin0,quantize,12.26,0.07620310038328171,0.0,32,nntool-sq8-ne16(unknown)
base,320,0,98,_model_5_act_Mul,mul,12.06,0.0611596442759037,0.0,32,nntool-sq8-ne16(unknown)
base,320,0,99,_model_6_cv1_conv_Conv_weights,constant,43.85,0.0019480475457385182,0.0,32,nntool-sq8-ne16(unknown)
base,320,0,100,constant_model_6_cv1_conv_bias,constant,79.85,0.00011914189235540107,0.0,32,nntool-sq8-ne16(unknown)
base,320,0,101,_model_6_cv1_conv_Conv,conv2d,12.03,0.07705952972173691,-16.0,32,nntool-sq8-ne16(unknown)
base,320,0,102,_model_6_cv1_conv_Conv_split,split,12.9,0.07705952972173691,-16.0,32,nntool-sq8-ne16(unknown)
base,320,0,103,_model_6_cv1_act_Sigmoid_qin0,quantize,12.84,0.06299212598425197,0.0,32,nntool-sq8-ne16(unknown)
base,320,0,104,_model_6_cv1_act_Sigmoid,sigmoid,24.73,0.007874015748031496,0.0,32,nntool-sq8-ne16(unknown)
base,320,0,105,_model_6_cv1_act_Mul_qin0,quantize,12.78,0.08666433393955231,0.0,32,nntool-sq8-ne16(unknown)
base,320,0,106,_model_6_cv1_act_Mul,mul,12.76,0.035885050892829895,0.0,32,nntool-sq8-ne16(unknown)
base,320,0,107,_model_6_cv2_act_Sigmoid_qin0,quantize,11.68,0.06299212598425197,0.0,32,nntool-sq8-ne16(unknown)
base,320,0,108,_model_6_cv2_act_Sigmoid,sigmoid,20.51,0.007874015748031496,0.0,32,nntool-sq8-ne16(unknown)
base,320,0,109,_model_6_cv2_act_Mul_qin0,quantize,11.66,0.08666433393955231,0.0,32,nntool-sq8-ne16(unknown)
base,320,0,110,_model_6_cv2_act_Mul,mul,11.94,0.0866629034280777,0.0,32,nntool-sq8-ne16(unknown)
base,320,0,111,_model_6_m_m_0_cv1_conv_Conv_weights,constant,44.35,0.011414424516260624,0.0,32,nntool-sq8-ne16(unknown)
base,320,0,112,constant_model_6_m_0_cv1_conv_bias,constant,81.46,0.0004096071934327483,0.0,32,nntool-sq8-ne16(unknown)
base,320,0,113,_model_6_m_m_0_cv1_conv_Conv,conv2d,11.18,0.06539133936166763,11.0,32,nntool-sq8-ne16(unknown)
base,320,0,114,_model_6_m_m_0_cv1_act_Sigmoid_qin0,quantize,11.17,0.06299212598425197,0.0,32,nntool-sq8-ne16(unknown)
base,320,0,115,_model_6_m_m_0_cv1_act_Sigmoid,sigmoid,20.1,0.007874015748031496,0.0,32,nntool-sq8-ne16(unknown)
base,320,0,116,_model_6_m_m_0_cv1_act_Mul_qin0,quantize,11.16,0.07076127082109451,0.0,32,nntool-sq8-ne16(unknown)
base,320,0,117,_model_6_m_m_0_cv1_act_Mul,mul,11.45,0.05994963273406029,0.0,32,nntool-sq8-ne16(unknown)
base,320,0,118,_model_6_m_m_0_cv2_conv_Conv_weights,constant,41.66,0.00142259756103158,0.0,32,nntool-sq8-ne16(unknown)
base,320,0,119,constant_model_6_m_0_cv2_conv_bias,constant,85.81,8.52841985761188e-05,0.0,32,nntool-sq8-ne16(unknown)
base,320,0,120,_model_6_m_m_0_cv2_conv_Conv,conv2d,11.3,0.05319255217909813,-4.0,32,nntool-sq8-ne16(unknown)
base,320,0,121,_model_6_m_m_0_cv2_act_Sigmoid_qin0,quantize,11.28,0.06299212598425197,0.0,32,nntool-sq8-ne16(unknown)
base,320,0,122,_model_6_m_m_0_cv2_act_Sigmoid,sigmoid,20.07,0.007874015748031496,0.0,32,nntool-sq8-ne16(unknown)
base,320,0,123,_model_6_m_m_0_cv2_act_Mul_qin0,quantize,11.28,0.054833702743053436,0.0,32,nntool-sq8-ne16(unknown)
base,320,0,124,_model_6_m_m_0_cv2_act_Mul,mul,10.94,0.05478190630674362,0.0,32,nntool-sq8-ne16(unknown)
base,320,0,125,_model_6_m_m_0_Add,add,12.36,0.0866629034280777,0.0,32,nntool-sq8-ne16(unknown)
base,320,0,126,_model_6_Concat,concat,12.13,0.0866629034280777,0.0,32,nntool-sq8-ne16(unknown)
base,320,0,127,_model_6_cv3_conv_Conv_weights,constant,43.91,0.0042723314836621284,0.0,32,nntool-sq8-ne16(unknown)
base,320,0,128,constant_model_6_cv3_conv_bias,constant,77.99,0.0003702526446431875,0.0,32,nntool-sq8-ne16(unknown)
base,320,0,129,_model_6_cv3_conv_Conv,conv2d,11.26,0.06525376439094543,-5.0,32,nntool-sq8-ne16(unknown)
base,320,0,130,_model_6_cv3_act_Sigmoid_qin0,quantize,11.24,0.06299212598425197,0.0,32,nntool-sq8-ne16(unknown)
base,320,0,131,_model_6_cv3_act_Sigmoid,sigmoid,19.85,0.007874015748031496,0.0,32,nntool-sq8-ne16(unknown)
base,320,0,132,_model_6_cv3_act_Mul_qin0,quantize,11.22,0.06805768609046936,0.0,32,nntool-sq8-ne16(unknown)
base,320,0,133,_model_6_cv3_act_Mul,mul,10.8,0.06804569065570831,0.0,32,nntool-sq8-ne16(unknown)
base,320,0,134,_model_7_conv_Conv_weights,constant,40.65,0.0013374319532886147,0.0,32,nntool-sq8-ne16(unknown)
base,320,0,135,constant_model_7_conv_bias,constant,86.86,9.100648458115757e-05,0.0,32,nntool-sq8-ne16(unknown)
base,320,0,136,_model_7_conv_Conv,conv2d,10.83,0.06003839150071144,-12.0,32,nntool-sq8-ne16(unknown)
base,320,0,137,_model_7_act_Sigmoid_qin0,quantize,10.81,0.06299212598425197,0.0,32,nntool-sq8-ne16(unknown)
base,320,0,138,_model_7_act_Sigmoid,sigmoid,19.24,0.007874015748031496,0.0,32,nntool-sq8-ne16(unknown)
base,320,0,139,_model_7_act_Mul_qin0,quantize,10.81,0.06568490713834763,0.0,32,nntool-sq8-ne16(unknown)
base,320,0,140,_model_7_act_Mul,mul,10.32,0.06566925346851349,0.0,32,nntool-sq8-ne16(unknown)
base,320,0,141,_model_8_cv1_conv_Conv_weights,constant,43.53,0.001834909082390368,0.0,32,nntool-sq8-ne16(unknown)
base,320,0,142,constant_model_8_cv1_conv_bias,constant,80.14,0.00012049711222061887,0.0,32,nntool-sq8-ne16(unknown)
base,320,0,143,_model_8_cv1_conv_Conv,conv2d,10.19,0.06467399001121521,9.0,32,nntool-sq8-ne16(unknown)
base,320,0,144,_model_8_cv1_conv_Conv_split,split,11.58,0.06467399001121521,9.0,32,nntool-sq8-ne16(unknown)
base,320,0,145,_model_8_cv1_act_Sigmoid_qin0,quantize,11.61,0.06299212598425197,0.0,32,nntool-sq8-ne16(unknown)
base,320,0,146,_model_8_cv1_act_Sigmoid,sigmoid,20.85,0.007874015748031496,0.0,32,nntool-sq8-ne16(unknown)
base,320,0,147,_model_8_cv1_act_Mul_qin0,quantize,11.53,0.06934986263513565,0.0,32,nntool-sq8-ne16(unknown)
base,320,0,148,_model_8_cv1_act_Mul,mul,11.35,0.054284337908029556,0.0,32,nntool-sq8-ne16(unknown)
base,320,0,149,_model_8_cv2_act_Sigmoid_qin0,quantize,9.19,0.06299212598425197,0.0,32,nntool-sq8-ne16(unknown)
base,320,0,150,_model_8_cv2_act_Sigmoid,sigmoid,18.24,0.007874015748031496,0.0,32,nntool-sq8-ne16(unknown)
base,320,0,151,_model_8_cv2_act_Mul_qin0,quantize,9.14,0.06934986263513565,0.0,32,nntool-sq8-ne16(unknown)
base,320,0,152,_model_8_cv2_act_Mul,mul,9.05,0.059931762516498566,0.0,32,nntool-sq8-ne16(unknown)
base,320,0,153,_model_8_m_m_0_cv1_conv_Conv_weights,constant,45.05,0.0034129549749195576,0.0,32,nntool-sq8-ne16(unknown)
base,320,0,154,constant_model_8_m_0_cv1_conv_bias,constant,77.45,0.00018527000793255866,0.0,32,nntool-sq8-ne16(unknown)
base,320,0,155,_model_8_m_m_0_cv1_conv_Conv,conv2d,10.82,0.052993886172771454,11.0,32,nntool-sq8-ne16(unknown)
base,320,0,156,_model_8_m_m_0_cv1_act_Sigmoid_qin0,quantize,10.8,0.06299212598425197,0.0,32,nntool-sq8-ne16(unknown)
base,320,0,157,_model_8_m_m_0_cv1_act_Sigmoid,sigmoid,18.5,0.007874015748031496,0.0,32,nntool-sq8-ne16(unknown)
base,320,0,158,_model_8_m_m_0_cv1_act_Mul_qin0,quantize,10.8,0.0577198751270771,0.0,32,nntool-sq8-ne16(unknown)
base,320,0,159,_model_8_m_m_0_cv1_act_Mul,mul,10.37,0.048125434666872025,0.0,32,nntool-sq8-ne16(unknown)
base,320,0,160,_model_8_m_m_0_cv2_conv_Conv_weights,constant,41.95,0.0010503411758691072,0.0,32,nntool-sq8-ne16(unknown)
base,320,0,161,constant_model_8_m_0_cv2_conv_bias,constant,92.99,5.054812572780065e-05,0.0,32,nntool-sq8-ne16(unknown)
base,320,0,162,_model_8_m_m_0_cv2_conv_Conv,conv2d,11.1,0.054232846945524216,6.0,32,nntool-sq8-ne16(unknown)
base,320,0,163,_model_8_m_m_0_cv2_act_Sigmoid_qin0,quantize,11.09,0.06299212598425197,0.0,32,nntool-sq8-ne16(unknown)
base,320,0,164,_model_8_m_m_0_cv2_act_Sigmoid,sigmoid,18.71,0.007874015748031496,0.0,32,nntool-sq8-ne16(unknown)
base,320,0,165,_model_8_m_m_0_cv2_act_Mul_qin0,quantize,11.09,0.056640561670064926,0.0,32,nntool-sq8-ne16(unknown)
base,320,0,166,_model_8_m_m_0_cv2_act_Mul,mul,9.62,0.051734331995248795,0.0,32,nntool-sq8-ne16(unknown)
base,320,0,167,_model_8_m_m_0_Add,add,10.13,0.059931762516498566,0.0,32,nntool-sq8-ne16(unknown)
base,320,0,168,_model_8_Concat,concat,9.79,0.059931762516498566,0.0,32,nntool-sq8-ne16(unknown)
base,320,0,169,_model_8_cv3_conv_Conv_weights,constant,43.91,0.0013044814113527536,0.0,32,nntool-sq8-ne16(unknown)
base,320,0,170,constant_model_8_cv3_conv_bias,constant,84.6,7.817987352609634e-05,0.0,32,nntool-sq8-ne16(unknown)
base,320,0,171,_model_8_cv3_conv_Conv,conv2d,9.26,0.047052718698978424,9.0,32,nntool-sq8-ne16(unknown)
base,320,0,172,_model_8_cv3_act_Sigmoid_qin0,quantize,9.26,0.06299212598425197,0.0,32,nntool-sq8-ne16(unknown)
base,320,0,173,_model_8_cv3_act_Sigmoid,sigmoid,17.83,0.007874015748031496,0.0,32,nntool-sq8-ne16(unknown)
base,320,0,174,_model_8_cv3_act_Mul_qin0,quantize,9.25,0.05040726438164711,0.0,32,nntool-sq8-ne16(unknown)
base,320,0,175,_model_8_cv3_act_Mul,mul,9.31,0.04350202530622482,0.0,32,nntool-sq8-ne16(unknown)
base,320,0,176,_model_9_cv1_conv_Conv_weights,constant,44.08,0.0016307402402162552,0.0,32,nntool-sq8-ne16(unknown)
base,320,0,177,constant_model_9_cv1_conv_bias,constant,91.5,7.094050670275465e-05,0.0,32,nntool-sq8-ne16(unknown)
base,320,0,178,_model_9_cv1_conv_Conv,conv2d,9.75,0.03714741766452789,-13.0,32,nntool-sq8-ne16(unknown)
base,320,0,179,_model_9_cv1_act_Sigmoid_qin0,quantize,9.74,0.06299212598425197,0.0,32,nntool-sq8-ne16(unknown)
base,320,0,180,_model_9_cv1_act_Sigmoid,sigmoid,18.92,0.007874015748031496,0.0,32,nntool-sq8-ne16(unknown)
base,320,0,181,_model_9_cv1_act_Mul_qin0,quantize,9.74,0.04106763377785683,0.0,32,nntool-sq8-ne16(unknown)
base,320,0,182,_model_9_cv1_act_Mul,mul,10.18,0.04084579274058342,0.0,32,nntool-sq8-ne16(unknown)
base,320,0,183,_model_9_m_MaxPool,max_pool,13.1,0.04084579274058342,0.0,32,nntool-sq8-ne16(unknown)
base,320,0,184,_model_9_m_1_MaxPool,max_pool,14.02,0.04084579274058342,0.0,32,nntool-sq8-ne16(unknown)
base,320,0,185,_model_9_m_2_MaxPool,max_pool,14.47,0.04084579274058342,0.0,32,nntool-sq8-ne16(unknown)
base,320,0,186,_model_9_Concat,concat,13.48,0.04084579274058342,0.0,32,nntool-sq8-ne16(unknown)
base,320,0,187,_model_9_cv2_conv_Conv_weights,constant,40.45,0.0018963535549119115,0.0,32,nntool-sq8-ne16(unknown)
base,320,0,188,constant_model_9_cv2_conv_bias,constant,97.77,7.745806215098128e-05,0.0,32,nntool-sq8-ne16(unknown)
base,320,0,189,_model_9_cv2_conv_Conv,conv2d,8.93,0.04035735875368118,2.0,32,nntool-sq8-ne16(unknown)
base,320,0,190,_model_9_cv2_act_Sigmoid_qin0,quantize,8.91,0.06299212598425197,0.0,32,nntool-sq8-ne16(unknown)
base,320,0,191,_model_9_cv2_act_Sigmoid,sigmoid,16.51,0.007874015748031496,0.0,32,nntool-sq8-ne16(unknown)
base,320,0,192,_model_9_cv2_act_Mul_qin0,quantize,8.92,0.040967438369989395,0.0,32,nntool-sq8-ne16(unknown)
base,320,0,193,_model_9_cv2_act_Mul,mul,8.45,0.03948869928717613,0.0,32,nntool-sq8-ne16(unknown)
base,320,0,194,_model_10_conv_Conv_weights,constant,42.62,0.0022942135110497475,0.0,32,nntool-sq8-ne16(unknown)
base,320,0,195,constant_model_10_conv_bias,constant,81.93,9.059550939127803e-05,0.0,32,nntool-sq8-ne16(unknown)
base,320,0,196,_model_10_conv_Conv,conv2d,9.17,0.03859513998031616,-3.0,32,nntool-sq8-ne16(unknown)
base,320,0,197,_model_10_act_Sigmoid_qin0,quantize,9.16,0.06299212598425197,0.0,32,nntool-sq8-ne16(unknown)
base,320,0,198,_model_10_act_Sigmoid,sigmoid,16.99,0.007874015748031496,0.0,32,nntool-sq8-ne16(unknown)
base,320,0,199,_model_10_act_Mul_qin0,quantize,9.15,0.03962789848446846,0.0,32,nntool-sq8-ne16(unknown)
base,320,0,200,_model_10_act_Mul,mul,7.93,0.09030631184577942,0.0,32,nntool-sq8-ne16(unknown)
base,320,0,201,_model_11_Resize,nearest_neighbor,7.93,0.09030631184577942,0.0,32,nntool-sq8-ne16(unknown)
base,320,0,202,_model_12_Concat_qin0,quantize,7.9,0.06804569065570831,0.0,32,nntool-sq8-ne16(unknown)
base,320,0,203,_model_12_Concat,concat,9.19,0.06804569065570831,0.0,32,nntool-sq8-ne16(unknown)
base,320,0,204,_model_13_cv1_conv_Conv_weights,constant,42.65,0.0023070313036441803,0.0,32,nntool-sq8-ne16(unknown)
base,320,0,205,constant_model_13_cv1_conv_bias,constant,77.03,0.0001569835440022871,0.0,32,nntool-sq8-ne16(unknown)
base,320,0,206,_model_13_cv1_conv_Conv,conv2d,9.94,0.06635326892137527,-23.0,32,nntool-sq8-ne16(unknown)
base,320,0,207,_model_13_cv1_conv_Conv_split,split,11.03,0.06635326892137527,-23.0,32,nntool-sq8-ne16(unknown)
base,320,0,208,_model_13_cv1_act_Sigmoid_qin0,quantize,11.0,0.06299212598425197,0.0,32,nntool-sq8-ne16(unknown)
base,320,0,209,_model_13_cv1_act_Sigmoid,sigmoid,18.72,0.007874015748031496,0.0,32,nntool-sq8-ne16(unknown)
base,320,0,210,_model_13_cv1_act_Mul_qin0,quantize,11.0,0.0781540721654892,0.0,32,nntool-sq8-ne16(unknown)
base,320,0,211,_model_13_cv1_act_Mul,mul,9.15,0.07815025001764297,0.0,32,nntool-sq8-ne16(unknown)
base,320,0,212,_model_13_cv2_act_Sigmoid_qin0,quantize,9.01,0.06299212598425197,0.0,32,nntool-sq8-ne16(unknown)
base,320,0,213,_model_13_cv2_act_Sigmoid,sigmoid,17.23,0.007874015748031496,0.0,32,nntool-sq8-ne16(unknown)
base,320,0,214,_model_13_cv2_act_Mul_qin0,quantize,8.99,0.0781540721654892,0.0,32,nntool-sq8-ne16(unknown)
base,320,0,215,_model_13_cv2_act_Mul,mul,8.54,0.10545814037322998,0.0,32,nntool-sq8-ne16(unknown)
base,320,0,216,_model_13_m_m_0_cv1_conv_Conv_weights,constant,45.15,0.0076956613920629025,0.0,32,nntool-sq8-ne16(unknown)
base,320,0,217,constant_model_13_m_0_cv1_conv_bias,constant,73.02,0.000601417850703001,0.0,32,nntool-sq8-ne16(unknown)
base,320,0,218,_model_13_m_m_0_cv1_conv_Conv,conv2d,13.04,0.12491628527641296,26.0,32,nntool-sq8-ne16(unknown)
base,320,0,219,_model_13_m_m_0_cv1_act_Sigmoid_qin0,quantize,12.97,0.06299212598425197,0.0,32,nntool-sq8-ne16(unknown)
base,320,0,220,_model_13_m_m_0_cv1_act_Sigmoid,sigmoid,20.16,0.007874015748031496,0.0,32,nntool-sq8-ne16(unknown)
base,320,0,221,_model_13_m_m_0_cv1_act_Mul_qin0,quantize,12.95,0.15067538619041443,0.0,32,nntool-sq8-ne16(unknown)
base,320,0,222,_model_13_m_m_0_cv1_act_Mul,mul,14.07,0.09895402193069458,0.0,32,nntool-sq8-ne16(unknown)
base,320,0,223,_model_13_m_m_0_cv2_conv_Conv_weights,constant,40.74,0.0028782805893570185,0.0,32,nntool-sq8-ne16(unknown)
base,320,0,224,constant_model_13_m_0_cv2_conv_bias,constant,85.69,0.0002848174481187016,0.0,32,nntool-sq8-ne16(unknown)
base,320,0,225,_model_13_m_m_0_cv2_conv_Conv,conv2d,11.77,0.0915163978934288,-19.0,32,nntool-sq8-ne16(unknown)
base,320,0,226,_model_13_m_m_0_cv2_act_Sigmoid_qin0,quantize,11.74,0.06299212598425197,0.0,32,nntool-sq8-ne16(unknown)
base,320,0,227,_model_13_m_m_0_cv2_act_Sigmoid,sigmoid,21.47,0.007874015748031496,0.0,32,nntool-sq8-ne16(unknown)
base,320,0,228,_model_13_m_m_0_cv2_act_Mul_qin0,quantize,11.7,0.10545830428600311,0.0,32,nntool-sq8-ne16(unknown)
base,320,0,229,_model_13_m_m_0_cv2_act_Mul,mul,11.85,0.10545814037322998,0.0,32,nntool-sq8-ne16(unknown)
base,320,0,230,_model_13_Concat,concat,10.3,0.10545814037322998,0.0,32,nntool-sq8-ne16(unknown)
base,320,0,231,_model_13_cv3_conv_Conv_weights,constant,43.44,0.0027010440826416016,0.0,32,nntool-sq8-ne16(unknown)
base,320,0,232,constant_model_13_cv3_conv_bias,constant,76.57,0.00028484707581810653,0.0,32,nntool-sq8-ne16(unknown)
base,320,0,233,_model_13_cv3_conv_Conv,conv2d,9.15,0.08608339726924896,10.0,32,nntool-sq8-ne16(unknown)
base,320,0,234,_model_13_cv3_act_Sigmoid_qin0,quantize,9.13,0.06299212598425197,0.0,32,nntool-sq8-ne16(unknown)
base,320,0,235,_model_13_cv3_act_Sigmoid,sigmoid,18.34,0.007874015748031496,0.0,32,nntool-sq8-ne16(unknown)
base,320,0,236,_model_13_cv3_act_Mul_qin0,quantize,9.12,0.0924910455942154,0.0,32,nntool-sq8-ne16(unknown)
base,320,0,237,_model_13_cv3_act_Mul,mul,8.58,0.07962208241224289,0.0,32,nntool-sq8-ne16(unknown)
base,320,0,238,_model_14_conv_Conv_weights,constant,43.87,0.004210221581161022,0.0,32,nntool-sq8-ne16(unknown)
base,320,0,239,constant_model_14_conv_bias,constant,79.42,0.00033522662124596536,0.0,32,nntool-sq8-ne16(unknown)
base,320,0,240,_model_14_conv_Conv,conv2d,10.38,0.09180384129285812,52.0,32,nntool-sq8-ne16(unknown)
base,320,0,241,_model_14_act_Sigmoid_qin0,quantize,10.34,0.06299212598425197,0.0,32,nntool-sq8-ne16(unknown)
base,320,0,242,_model_14_act_Sigmoid,sigmoid,20.31,0.007874015748031496,0.0,32,nntool-sq8-ne16(unknown)
base,320,0,243,_model_14_act_Mul_qin0,quantize,10.3,0.12889058887958527,0.0,32,nntool-sq8-ne16(unknown)
base,320,0,244,_model_14_act_Mul,mul,10.42,0.09641369432210922,0.0,32,nntool-sq8-ne16(unknown)
base,320,0,245,_model_15_Resize,nearest_neighbor,10.42,0.09641369432210922,0.0,32,nntool-sq8-ne16(unknown)
base,320,0,246,_model_16_Concat_qin0,quantize,10.39,0.057987432926893234,0.0,32,nntool-sq8-ne16(unknown)
base,320,0,247,_model_16_Concat,concat,10.86,0.057987432926893234,0.0,32,nntool-sq8-ne16(unknown)
base,320,0,248,_model_17_cv1_conv_Conv_weights,constant,41.83,0.003636293113231659,0.0,32,nntool-sq8-ne16(unknown)
base,320,0,249,constant_model_17_cv1_conv_bias,constant,79.27,0.00021085930347908288,0.0,32,nntool-sq8-ne16(unknown)
base,320,0,250,_model_17_cv1_conv_Conv,conv2d,11.45,0.07362788915634155,23.0,32,nntool-sq8-ne16(unknown)
base,320,0,251,_model_17_cv1_conv_Conv_split,split,11.49,0.07362788915634155,23.0,32,nntool-sq8-ne16(unknown)
base,320,0,252,_model_17_cv1_act_Sigmoid_qin0,quantize,11.47,0.06299212598425197,0.0,32,nntool-sq8-ne16(unknown)
base,320,0,253,_model_17_cv1_act_Sigmoid,sigmoid,20.05,0.007874015748031496,0.0,32,nntool-sq8-ne16(unknown)
base,320,0,254,_model_17_cv1_act_Mul_qin0,quantize,11.46,0.08671969175338745,0.0,32,nntool-sq8-ne16(unknown)
base,320,0,255,_model_17_cv1_act_Mul,mul,11.38,0.06040496379137039,0.0,32,nntool-sq8-ne16(unknown)
base,320,0,256,_model_17_cv2_act_Sigmoid_qin0,quantize,11.34,0.06299212598425197,0.0,32,nntool-sq8-ne16(unknown)
base,320,0,257,_model_17_cv2_act_Sigmoid,sigmoid,22.27,0.007874015748031496,0.0,32,nntool-sq8-ne16(unknown)
base,320,0,258,_model_17_cv2_act_Mul_qin0,quantize,11.29,0.08671969175338745,0.0,32,nntool-sq8-ne16(unknown)
base,320,0,259,_model_17_cv2_act_Mul,mul,11.09,0.07168707251548767,0.0,32,nntool-sq8-ne16(unknown)
base,320,0,260,_model_17_m_m_0_cv1_conv_Conv_weights,constant,45.93,0.0019889988470822573,0.0,32,nntool-sq8-ne16(unknown)
base,320,0,261,constant_model_17_m_0_cv1_conv_bias,constant,79.15,0.00012014539970550686,0.0,32,nntool-sq8-ne16(unknown)
base,320,0,262,_model_17_m_m_0_cv1_conv_Conv,conv2d,13.88,0.07179620862007141,2.0,32,nntool-sq8-ne16(unknown)
base,320,0,263,_model_17_m_m_0_cv1_act_Sigmoid_qin0,quantize,13.85,0.06299212598425197,0.0,32,nntool-sq8-ne16(unknown)
base,320,0,264,_model_17_m_m_0_cv1_act_Sigmoid,sigmoid,21.16,0.007874015748031496,0.0,32,nntool-sq8-ne16(unknown)
base,320,0,265,_model_17_m_m_0_cv1_act_Mul_qin0,quantize,13.8,0.07289585471153259,0.0,32,nntool-sq8-ne16(unknown)
base,320,0,266,_model_17_m_m_0_cv1_act_Mul,mul,16.23,0.07067897915840149,0.0,32,nntool-sq8-ne16(unknown)
base,320,0,267,_model_17_m_m_0_cv2_conv_Conv_weights,constant,42.02,0.005635523237287998,0.0,32,nntool-sq8-ne16(unknown)
base,320,0,268,constant_model_17_m_0_cv2_conv_bias,constant,87.16,0.00039831301546655595,0.0,32,nntool-sq8-ne16(unknown)
base,320,0,269,_model_17_m_m_0_cv2_conv_Conv,conv2d,15.29,0.0679420754313469,-7.0,32,nntool-sq8-ne16(unknown)
base,320,0,270,_model_17_m_m_0_cv2_act_Sigmoid_qin0,quantize,15.25,0.06299212598425197,0.0,32,nntool-sq8-ne16(unknown)
base,320,0,271,_model_17_m_m_0_cv2_act_Sigmoid,sigmoid,24.58,0.007874015748031496,0.0,32,nntool-sq8-ne16(unknown)
base,320,0,272,_model_17_m_m_0_cv2_act_Mul_qin0,quantize,15.25,0.07169504463672638,0.0,32,nntool-sq8-ne16(unknown)
base,320,0,273,_model_17_m_m_0_cv2_act_Mul,mul,14.79,0.07168707251548767,0.0,32,nntool-sq8-ne16(unknown)
base,320,0,274,_model_17_Concat,concat,13.4,0.07168707251548767,0.0,32,nntool-sq8-ne16(unknown)
base,320,0,275,_model_17_cv3_conv_Conv_weights,constant,43.18,0.006319684442132711,0.0,32,nntool-sq8-ne16(unknown)
base,320,0,276,constant_model_17_cv3_conv_bias,constant,83.47,0.00045303968363441527,0.0,32,nntool-sq8-ne16(unknown)
base,320,0,277,_model_17_cv3_conv_Conv,conv2d,11.77,0.15433736145496368,-17.0,32,nntool-sq8-ne16(unknown)
base,320,0,278,_model_17_cv3_act_Sigmoid_qin0,quantize,11.75,0.06299212598425197,0.0,32,nntool-sq8-ne16(unknown)
base,320,0,279,_model_17_cv3_act_Sigmoid,sigmoid,19.39,0.007874015748031496,0.0,32,nntool-sq8-ne16(unknown)
base,320,0,280,_model_17_cv3_act_Mul_qin0,quantize,11.7,0.17546311020851135,0.0,32,nntool-sq8-ne16(unknown)
base,320,0,281,_model_17_cv3_act_Mul,mul,11.64,0.17546311020851135,0.0,32,nntool-sq8-ne16(unknown)
base,320,0,282,_model_18_conv_Conv_weights,constant,40.06,0.0015357517404481769,0.0,32,nntool-sq8-ne16(unknown)
base,320,0,283,constant_model_18_conv_bias,constant,80.09,0.0002694677677936852,0.0,32,nntool-sq8-ne16(unknown)
base,320,0,284,_model_18_conv_Conv,conv2d,8.37,0.10730673372745514,13.0,32,nntool-sq8-ne16(unknown)
base,320,0,285,_model_18_act_Sigmoid_qin0,quantize,8.35,0.06299212598425197,0.0,32,nntool-sq8-ne16(unknown)
base,320,0,286,_model_18_act_Sigmoid,sigmoid,17.2,0.007874015748031496,0.0,32,nntool-sq8-ne16(unknown)
base,320,0,287,_model_18_act_Mul_qin0,quantize,8.32,0.11811421066522598,0.0,32,nntool-sq8-ne16(unknown)
base,320,0,288,_model_18_act_Mul,mul,8.73,0.09641369432210922,0.0,32,nntool-sq8-ne16(unknown)
base,320,0,289,_model_19_Concat,concat,9.66,0.09641369432210922,0.0,32,nntool-sq8-ne16(unknown)
base,320,0,290,_model_20_cv1_conv_Conv_weights,constant,43.08,0.002524382434785366,0.0,32,nntool-sq8-ne16(unknown)
base,320,0,291,constant_model_20_cv1_conv_bias,constant,78.89,0.00024338503135368228,0.0,32,nntool-sq8-ne16(unknown)
base,320,0,292,_model_20_cv1_conv_Conv,conv2d,9.46,0.0841362327337265,14.0,32,nntool-sq8-ne16(unknown)
base,320,0,293,_model_20_cv1_conv_Conv_split,split,8.91,0.0841362327337265,14.0,32,nntool-sq8-ne16(unknown)
base,320,0,294,_model_20_cv1_act_Sigmoid_qin0,quantize,8.9,0.06299212598425197,0.0,32,nntool-sq8-ne16(unknown)
base,320,0,295,_model_20_cv1_act_Sigmoid,sigmoid,18.64,0.007874015748031496,0.0,32,nntool-sq8-ne16(unknown)
base,320,0,296,_model_20_cv1_act_Mul_qin0,quantize,8.86,0.09321247041225433,0.0,32,nntool-sq8-ne16(unknown)
base,320,0,297,_model_20_cv1_act_Mul,mul,8.98,0.07498303800821304,0.0,32,nntool-sq8-ne16(unknown)
base,320,0,298,_model_20_cv2_act_Sigmoid_qin0,quantize,10.02,0.06299212598425197,0.0,32,nntool-sq8-ne16(unknown)
base,320,0,299,_model_20_cv2_act_Sigmoid,sigmoid,20.53,0.007874015748031496,0.0,32,nntool-sq8-ne16(unknown)
base,320,0,300,_model_20_cv2_act_Mul_qin0,quantize,9.97,0.09321247041225433,0.0,32,nntool-sq8-ne16(unknown)
base,320,0,301,_model_20_cv2_act_Mul,mul,10.2,0.07309749722480774,0.0,32,nntool-sq8-ne16(unknown)
base,320,0,302,_model_20_m_m_0_cv1_conv_Conv_weights,constant,44.84,0.0044148643501102924,0.0,32,nntool-sq8-ne16(unknown)
base,320,0,303,constant_model_20_m_0_cv1_conv_bias,constant,75.89,0.00033103994792327285,0.0,32,nntool-sq8-ne16(unknown)
base,320,0,304,_model_20_m_m_0_cv1_conv_Conv,conv2d,10.54,0.07058889418840408,12.0,32,nntool-sq8-ne16(unknown)
base,320,0,305,_model_20_m_m_0_cv1_act_Sigmoid_qin0,quantize,10.52,0.06299212598425197,0.0,32,nntool-sq8-ne16(unknown)
base,320,0,306,_model_20_m_m_0_cv1_act_Sigmoid,sigmoid,20.75,0.007874015748031496,0.0,32,nntool-sq8-ne16(unknown)
base,320,0,307,_model_20_m_m_0_cv1_act_Mul_qin0,quantize,10.5,0.07710345089435577,0.0,32,nntool-sq8-ne16(unknown)
base,320,0,308,_model_20_m_m_0_cv1_act_Mul,mul,10.46,0.06400420516729355,0.0,32,nntool-sq8-ne16(unknown)
base,320,0,309,_model_20_m_m_0_cv2_conv_Conv_weights,constant,40.82,0.001605386147275567,0.0,32,nntool-sq8-ne16(unknown)
base,320,0,310,constant_model_20_m_0_cv2_conv_bias,constant,85.6,0.0001027514663292095,0.0,32,nntool-sq8-ne16(unknown)
base,320,0,311,_model_20_m_m_0_cv2_conv_Conv,conv2d,12.06,0.07988981157541275,11.0,32,nntool-sq8-ne16(unknown)
base,320,0,312,_model_20_m_m_0_cv2_act_Sigmoid_qin0,quantize,12.03,0.06299212598425197,0.0,32,nntool-sq8-ne16(unknown)
base,320,0,313,_model_20_m_m_0_cv2_act_Sigmoid,sigmoid,22.27,0.007874015748031496,0.0,32,nntool-sq8-ne16(unknown)
base,320,0,314,_model_20_m_m_0_cv2_act_Mul_qin0,quantize,12.02,0.08662232756614685,0.0,32,nntool-sq8-ne16(unknown)
base,320,0,315,_model_20_m_m_0_cv2_act_Mul,mul,11.8,0.07309749722480774,0.0,32,nntool-sq8-ne16(unknown)
base,320,0,316,_model_20_Concat,concat,11.14,0.07309749722480774,0.0,32,nntool-sq8-ne16(unknown)
base,320,0,317,_model_20_cv3_conv_Conv_weights,constant,42.3,0.005555597133934498,0.0,32,nntool-sq8-ne16(unknown)
base,320,0,318,constant_model_20_cv3_conv_bias,constant,84.6,0.0004061002400703728,0.0,32,nntool-sq8-ne16(unknown)
base,320,0,319,_model_20_cv3_conv_Conv,conv2d,10.95,0.07601001113653183,21.0,32,nntool-sq8-ne16(unknown)
base,320,0,320,_model_20_cv3_act_Sigmoid_qin0,quantize,10.93,0.06299212598425197,0.0,32,nntool-sq8-ne16(unknown)
base,320,0,321,_model_20_cv3_act_Sigmoid,sigmoid,20.0,0.007874015748031496,0.0,32,nntool-sq8-ne16(unknown)
base,320,0,322,_model_20_cv3_act_Mul_qin0,quantize,10.93,0.0884050726890564,0.0,32,nntool-sq8-ne16(unknown)
base,320,0,323,_model_20_cv3_act_Mul,mul,11.47,0.06349743902683258,0.0,32,nntool-sq8-ne16(unknown)
base,320,0,324,_model_21_conv_Conv_weights,constant,38.17,0.0013811440439894795,0.0,32,nntool-sq8-ne16(unknown)
base,320,0,325,constant_model_21_conv_bias,constant,87.88,8.769911073613912e-05,0.0,32,nntool-sq8-ne16(unknown)
base,320,0,326,_model_21_conv_Conv,conv2d,7.5,0.07132398337125778,-34.0,32,nntool-sq8-ne16(unknown)
base,320,0,327,_model_21_act_Sigmoid_qin0,quantize,7.48,0.06299212598425197,0.0,32,nntool-sq8-ne16(unknown)
base,320,0,328,_model_21_act_Sigmoid,sigmoid,17.58,0.007874015748031496,0.0,32,nntool-sq8-ne16(unknown)
base,320,0,329,_model_21_act_Mul_qin0,quantize,7.47,0.09030725806951523,0.0,32,nntool-sq8-ne16(unknown)
base,320,0,330,_model_21_act_Mul,mul,7.56,0.09030631184577942,0.0,32,nntool-sq8-ne16(unknown)
base,320,0,331,_model_22_Concat,concat,7.72,0.09030631184577942,0.0,32,nntool-sq8-ne16(unknown)
base,320,0,332,_model_23_cv1_conv_Conv_weights,constant,41.42,0.0018470356008037925,0.0,32,nntool-sq8-ne16(unknown)
base,320,0,333,constant_model_23_cv1_conv_bias,constant,77.03,0.00016679897089488804,0.0,32,nntool-sq8-ne16(unknown)
base,320,0,334,_model_23_cv1_conv_Conv,conv2d,7.25,0.049869537353515625,3.0,32,nntool-sq8-ne16(unknown)
base,320,0,335,_model_23_cv1_conv_Conv_split,split,6.38,0.049869537353515625,3.0,32,nntool-sq8-ne16(unknown)
base,320,0,336,_model_23_cv1_act_Sigmoid_qin0,quantize,6.36,0.06299212598425197,0.0,32,nntool-sq8-ne16(unknown)
base,320,0,337,_model_23_cv1_act_Sigmoid,sigmoid,17.21,0.007874015748031496,0.0,32,nntool-sq8-ne16(unknown)
base,320,0,338,_model_23_cv1_act_Mul_qin0,quantize,6.35,0.050935566425323486,0.0,32,nntool-sq8-ne16(unknown)
base,320,0,339,_model_23_cv1_act_Mul,mul,6.7,0.048695988953113556,0.0,32,nntool-sq8-ne16(unknown)
base,320,0,340,_model_23_cv2_act_Sigmoid_qin0,quantize,8.05,0.06299212598425197,0.0,32,nntool-sq8-ne16(unknown)
base,320,0,341,_model_23_cv2_act_Sigmoid,sigmoid,18.63,0.007874015748031496,0.0,32,nntool-sq8-ne16(unknown)
base,320,0,342,_model_23_cv2_act_Mul_qin0,quantize,8.05,0.050935566425323486,0.0,32,nntool-sq8-ne16(unknown)
base,320,0,343,_model_23_cv2_act_Mul,mul,8.56,0.05303337052464485,0.0,32,nntool-sq8-ne16(unknown)
base,320,0,344,_model_23_m_m_0_cv1_conv_Conv_weights,constant,43.52,0.003656115150079131,0.0,32,nntool-sq8-ne16(unknown)
base,320,0,345,constant_model_23_m_0_cv1_conv_bias,constant,79.16,0.00017803814262151718,0.0,32,nntool-sq8-ne16(unknown)
base,320,0,346,_model_23_m_m_0_cv1_conv_Conv,conv2d,7.06,0.0565231554210186,-7.0,32,nntool-sq8-ne16(unknown)
base,320,0,347,_model_23_m_m_0_cv1_act_Sigmoid_qin0,quantize,7.05,0.06299212598425197,0.0,32,nntool-sq8-ne16(unknown)
base,320,0,348,_model_23_m_m_0_cv1_act_Sigmoid,sigmoid,17.94,0.007874015748031496,0.0,32,nntool-sq8-ne16(unknown)
base,320,0,349,_model_23_m_m_0_cv1_act_Mul_qin0,quantize,7.04,0.05943601205945015,0.0,32,nntool-sq8-ne16(unknown)
base,320,0,350,_model_23_m_m_0_cv1_act_Mul,mul,7.31,0.059404708445072174,0.0,32,nntool-sq8-ne16(unknown)
base,320,0,351,_model_23_m_m_0_cv2_conv_Conv_weights,constant,38.39,0.0014164147432893515,0.0,32,nntool-sq8-ne16(unknown)
base,320,0,352,constant_model_23_m_0_cv2_conv_bias,constant,83.28,8.414170588366687e-05,0.0,32,nntool-sq8-ne16(unknown)
base,320,0,353,_model_23_m_m_0_cv2_conv_Conv,conv2d,6.83,0.04719241335988045,-16.0,32,nntool-sq8-ne16(unknown)
base,320,0,354,_model_23_m_m_0_cv2_act_Sigmoid_qin0,quantize,6.83,0.06299212598425197,0.0,32,nntool-sq8-ne16(unknown)
base,320,0,355,_model_23_m_m_0_cv2_act_Sigmoid,sigmoid,17.85,0.007874015748031496,0.0,32,nntool-sq8-ne16(unknown)
base,320,0,356,_model_23_m_m_0_cv2_act_Mul_qin0,quantize,6.82,0.05309588834643364,0.0,32,nntool-sq8-ne16(unknown)
base,320,0,357,_model_23_m_m_0_cv2_act_Mul,mul,7.29,0.05303337052464485,0.0,32,nntool-sq8-ne16(unknown)
base,320,0,358,_model_23_Concat,concat,7.98,0.05303337052464485,0.0,32,nntool-sq8-ne16(unknown)
base,320,0,359,_model_23_cv3_conv_Conv_weights,constant,41.22,0.0011474323691800237,0.0,32,nntool-sq8-ne16(unknown)
base,320,0,360,constant_model_23_cv3_conv_bias,constant,88.48,6.0852205933770165e-05,0.0,32,nntool-sq8-ne16(unknown)
base,320,0,361,_model_23_cv3_conv_Conv,conv2d,9.55,0.03901002183556557,-6.0,32,nntool-sq8-ne16(unknown)
base,320,0,362,_model_23_cv3_act_Sigmoid_qin0,quantize,9.52,0.06299212598425197,0.0,32,nntool-sq8-ne16(unknown)
base,320,0,363,_model_23_cv3_act_Sigmoid,sigmoid,20.5,0.007874015748031496,0.0,32,nntool-sq8-ne16(unknown)
base,320,0,364,_model_23_cv3_act_Mul_qin0,quantize,9.54,0.040757954120635986,0.0,32,nntool-sq8-ne16(unknown)
base,320,0,365,_model_23_cv3_act_Mul,mul,9.99,0.04052899777889252,0.0,32,nntool-sq8-ne16(unknown)
base,320,0,366,_model_24_m_0_Conv_weights,constant,43.57,0.003048874204978347,0.0,32,nntool-sq8-ne16(unknown)
base,320,0,367,constant_model_24_m_0_bias,constant,81.78,0.0005349649582058191,0.0,32,nntool-sq8-ne16(unknown)
base,320,0,368,_model_24_m_0_Conv,conv2d,20.03,0.13980016112327576,0.0,32,nntool-sq8-ne16(unknown)
base,320,0,369,output_1,output,20.03,0.13980016112327576,0.0,32,nntool-sq8-ne16(unknown)
base,320,0,370,_model_24_m_1_Conv_weights,constant,41.15,0.0028585598338395357,0.0,32,nntool-sq8-ne16(unknown)
base,320,0,371,constant_model_24_m_1_bias,constant,89.22,0.00018151123367715627,0.0,32,nntool-sq8-ne16(unknown)
base,320,0,372,_model_24_m_1_Conv,conv2d,19.05,0.09912696480751038,0.0,32,nntool-sq8-ne16(unknown)
base,320,0,373,output_2,output,19.05,0.09912696480751038,0.0,32,nntool-sq8-ne16(unknown)
base,320,0,374,_model_24_m_2_Conv_weights,constant,38.34,0.0034218134824186563,0.0,32,nntool-sq8-ne16(unknown)
base,320,0,375,constant_model_24_m_2_bias,constant,91.75,0.000138682677061297,0.0,32,nntool-sq8-ne16(unknown)
base,320,0,376,_model_24_m_2_Conv,conv2d,18.54,0.10329028964042664,0.0,32,nntool-sq8-ne16(unknown)
base,320,0,377,output_3,output,18.54,0.10329028964042664,0.0,32,nntool-sq8-ne16(unknown)
